{
  "best_epoch": 42,
  "peak_worker_0_memory_MB": 0,
  "peak_gpu_0_memory_MB": 943.9697265625,
  "training_duration": "1:32:52.349936",
  "training_start_epoch": 0,
  "training_epochs": 65,
  "epoch": 65,
  "training_accuracy": 0.9959041552688573,
  "training_accuracy3": 0.9964247302586668,
  "training_precision-overall": 0.9809272425390608,
  "training_recall-overall": 0.9805098089280395,
  "training_f1-measure-overall": 0.9807184813143281,
  "training_loss": 1.125792677461889,
  "training_worker_0_memory_MB": 0.0,
  "training_gpu_0_memory_MB": 943.9697265625,
  "validation_accuracy": 0.9842490557221292,
  "validation_accuracy3": 0.9869748062770142,
  "validation_precision-overall": 0.9336085311317509,
  "validation_recall-overall": 0.9134971390104342,
  "validation_f1-measure-overall": 0.9234433480775274,
  "validation_loss": 8.054915103178757,
  "best_validation_accuracy": 0.9841517074880262,
  "best_validation_accuracy3": 0.9867606401619875,
  "best_validation_precision-overall": 0.9344206008583691,
  "best_validation_recall-overall": 0.9160215415684955,
  "best_validation_f1-measure-overall": 0.925129599728003,
  "best_validation_loss": 6.843477672430185
}