{
  "best_epoch": 42,
  "peak_worker_0_memory_MB": 0,
  "peak_gpu_0_memory_MB": 943.9697265625,
  "training_duration": "1:30:04.316099",
  "training_start_epoch": 0,
  "training_epochs": 63,
  "epoch": 63,
  "training_accuracy": 0.9955603793321907,
  "training_accuracy3": 0.9960907764916193,
  "training_precision-overall": 0.9800221502811381,
  "training_recall-overall": 0.9790629388484616,
  "training_f1-measure-overall": 0.979542309739173,
  "training_loss": 1.1484296231931639,
  "training_worker_0_memory_MB": 0.0,
  "training_gpu_0_memory_MB": 943.9697265625,
  "validation_accuracy": 0.9836454966706903,
  "validation_accuracy3": 0.9867022312215257,
  "validation_precision-overall": 0.9252559726962457,
  "validation_recall-overall": 0.9124873779872097,
  "validation_f1-measure-overall": 0.91882731740378,
  "validation_loss": 8.419606619614822,
  "best_validation_accuracy": 0.9841517074880262,
  "best_validation_accuracy3": 0.9867606401619875,
  "best_validation_precision-overall": 0.9344206008583691,
  "best_validation_recall-overall": 0.9160215415684955,
  "best_validation_f1-measure-overall": 0.925129599728003,
  "best_validation_loss": 6.843477672430185
}