{
  "best_epoch": 42,
  "peak_worker_0_memory_MB": 0,
  "peak_gpu_0_memory_MB": 943.9697265625,
  "training_duration": "1:24:29.347242",
  "training_start_epoch": 0,
  "training_epochs": 59,
  "epoch": 59,
  "training_accuracy": 0.9955112684840954,
  "training_accuracy3": 0.9959974658802383,
  "training_precision-overall": 0.9795118626741066,
  "training_recall-overall": 0.9785948338227158,
  "training_f1-measure-overall": 0.9790531335149365,
  "training_loss": 1.2235950296883906,
  "training_worker_0_memory_MB": 0.0,
  "training_gpu_0_memory_MB": 943.9697265625,
  "validation_accuracy": 0.9835092091429462,
  "validation_accuracy3": 0.9867995794556287,
  "validation_precision-overall": 0.923168857777019,
  "validation_recall-overall": 0.9099629754291484,
  "validation_f1-measure-overall": 0.9165183490125781,
  "validation_loss": 8.252310846768893,
  "best_validation_accuracy": 0.9841517074880262,
  "best_validation_accuracy3": 0.9867606401619875,
  "best_validation_precision-overall": 0.9344206008583691,
  "best_validation_recall-overall": 0.9160215415684955,
  "best_validation_f1-measure-overall": 0.925129599728003,
  "best_validation_loss": 6.843477672430185
}