{
  "best_epoch": 42,
  "peak_worker_0_memory_MB": 0,
  "peak_gpu_0_memory_MB": 943.9697265625,
  "training_duration": "1:11:53.637132",
  "training_start_epoch": 0,
  "training_epochs": 50,
  "epoch": 50,
  "training_accuracy": 0.9941705423310955,
  "training_accuracy3": 0.9948580942044288,
  "training_precision-overall": 0.973231031543052,
  "training_recall-overall": 0.9716158134388697,
  "training_f1-measure-overall": 0.9724227517621254,
  "training_loss": 1.537390028115269,
  "training_worker_0_memory_MB": 0.0,
  "training_gpu_0_memory_MB": 943.9697265625,
  "validation_accuracy": 0.9837817841984347,
  "validation_accuracy3": 0.9869553366301935,
  "validation_precision-overall": 0.921285277116627,
  "validation_recall-overall": 0.9119824974755975,
  "validation_f1-measure-overall": 0.9166102841677444,
  "validation_loss": 8.244586830139161,
  "best_validation_accuracy": 0.9841517074880262,
  "best_validation_accuracy3": 0.9867606401619875,
  "best_validation_precision-overall": 0.9344206008583691,
  "best_validation_recall-overall": 0.9160215415684955,
  "best_validation_f1-measure-overall": 0.925129599728003,
  "best_validation_loss": 6.843477672430185
}