{
  "best_epoch": 42,
  "peak_worker_0_memory_MB": 0,
  "peak_gpu_0_memory_MB": 943.9697265625,
  "training_duration": "1:21:41.753429",
  "training_start_epoch": 0,
  "training_epochs": 57,
  "epoch": 57,
  "training_accuracy": 0.9949121161373335,
  "training_accuracy3": 0.995619312349905,
  "training_precision-overall": 0.9762483476184385,
  "training_recall-overall": 0.9742542235839823,
  "training_f1-measure-overall": 0.9752502662406317,
  "training_loss": 1.387794148455311,
  "training_worker_0_memory_MB": 0.0,
  "training_gpu_0_memory_MB": 943.9697265625,
  "validation_accuracy": 0.9837817841984347,
  "validation_accuracy3": 0.9865464740469608,
  "validation_precision-overall": 0.9183364202727732,
  "validation_recall-overall": 0.9178727701110737,
  "validation_f1-measure-overall": 0.9181045366551138,
  "validation_loss": 7.9819195087139425,
  "best_validation_accuracy": 0.9841517074880262,
  "best_validation_accuracy3": 0.9867606401619875,
  "best_validation_precision-overall": 0.9344206008583691,
  "best_validation_recall-overall": 0.9160215415684955,
  "best_validation_f1-measure-overall": 0.925129599728003,
  "best_validation_loss": 6.843477672430185
}