{
  "best_epoch": 23,
  "peak_worker_0_memory_MB": 0,
  "peak_gpu_0_memory_MB": 943.9697265625,
  "training_duration": "0:49:35.278738",
  "training_start_epoch": 0,
  "training_epochs": 34,
  "epoch": 34,
  "training_accuracy": 0.9926481060401432,
  "training_accuracy3": 0.9935615678147146,
  "training_precision-overall": 0.967089255986682,
  "training_recall-overall": 0.9641261330269373,
  "training_f1-measure-overall": 0.9656054213015738,
  "training_loss": 2.1413473268420673,
  "training_worker_0_memory_MB": 0.0,
  "training_gpu_0_memory_MB": 943.9697265625,
  "validation_accuracy": 0.9838791324325377,
  "validation_accuracy3": 0.9868385187492699,
  "validation_precision-overall": 0.9237591676616067,
  "validation_recall-overall": 0.9114776169639852,
  "validation_f1-measure-overall": 0.9175772977551385,
  "validation_loss": 7.067359074812669,
  "best_validation_accuracy": 0.984112768194385,
  "best_validation_accuracy3": 0.9868190491024493,
  "best_validation_precision-overall": 0.9308337613422359,
  "best_validation_recall-overall": 0.915011780545271,
  "best_validation_f1-measure-overall": 0.922854960536316,
  "best_validation_loss": 6.386744549824641
}