{
  "best_epoch": 10,
  "peak_worker_0_memory_MB": 0,
  "peak_gpu_0_memory_MB": 943.9697265625,
  "training_duration": "0:17:02.858160",
  "training_start_epoch": 0,
  "training_epochs": 11,
  "epoch": 11,
  "training_accuracy": 0.9831402458489056,
  "training_accuracy3": 0.985507388727096,
  "training_precision-overall": 0.9262819137524136,
  "training_recall-overall": 0.918634835524916,
  "training_f1-measure-overall": 0.9224425262797552,
  "training_loss": 5.2189191314249275,
  "training_worker_0_memory_MB": 0.0,
  "training_gpu_0_memory_MB": 943.9697265625,
  "validation_accuracy": 0.9812117908181146,
  "validation_accuracy3": 0.984307464662591,
  "validation_precision-overall": 0.9097833446174678,
  "validation_recall-overall": 0.9045775833052844,
  "validation_f1-measure-overall": 0.9071729957805408,
  "validation_loss": 6.863603445933415,
  "best_validation_accuracy": 0.9811728515244733,
  "best_validation_accuracy3": 0.9842879950157705,
  "best_validation_precision-overall": 0.9198218262806236,
  "best_validation_recall-overall": 0.9035678222820599,
  "best_validation_f1-measure-overall": 0.9116223788096962,
  "best_validation_loss": 6.891069172345675
}