{
  "best_epoch": 42,
  "peak_worker_0_memory_MB": 0,
  "peak_gpu_0_memory_MB": 943.9697265625,
  "training_duration": "1:14:41.809873",
  "training_start_epoch": 0,
  "training_epochs": 52,
  "epoch": 52,
  "training_accuracy": 0.9946321843031908,
  "training_accuracy3": 0.9952951807524764,
  "training_precision-overall": 0.9756648482782134,
  "training_recall-overall": 0.9742116685816418,
  "training_f1-measure-overall": 0.9749377169260409,
  "training_loss": 1.4660828249310258,
  "training_worker_0_memory_MB": 0.0,
  "training_gpu_0_memory_MB": 943.9697265625,
  "validation_accuracy": 0.9840543592539231,
  "validation_accuracy3": 0.9869942759238347,
  "validation_precision-overall": 0.9163997977414462,
  "validation_recall-overall": 0.915011780545271,
  "validation_f1-measure-overall": 0.9157052631578447,
  "validation_loss": 7.7715430861253,
  "best_validation_accuracy": 0.9841517074880262,
  "best_validation_accuracy3": 0.9867606401619875,
  "best_validation_precision-overall": 0.9344206008583691,
  "best_validation_recall-overall": 0.9160215415684955,
  "best_validation_f1-measure-overall": 0.925129599728003,
  "best_validation_loss": 6.843477672430185
}