{
  "best_epoch": 3,
  "peak_worker_0_memory_MB": 0,
  "peak_gpu_0_memory_MB": 943.9697265625,
  "training_duration": "0:05:39.564059",
  "training_start_epoch": 0,
  "training_epochs": 3,
  "epoch": 3,
  "training_accuracy": 0.9701897152061919,
  "training_accuracy3": 0.9744034259727631,
  "training_precision-overall": 0.8681788723266364,
  "training_recall-overall": 0.855100217030512,
  "training_f1-measure-overall": 0.8615899151015708,
  "training_loss": 9.869788556930434,
  "training_worker_0_memory_MB": 0.0,
  "training_gpu_0_memory_MB": 943.9697265625,
  "validation_accuracy": 0.9757213504147034,
  "validation_accuracy3": 0.9790506600210273,
  "validation_precision-overall": 0.8867988476529401,
  "validation_recall-overall": 0.8806799057556378,
  "validation_f1-measure-overall": 0.8837287849361993,
  "validation_loss": 9.218690006549542,
  "best_validation_accuracy": 0.9757213504147034,
  "best_validation_accuracy3": 0.9790506600210273,
  "best_validation_precision-overall": 0.8867988476529401,
  "best_validation_recall-overall": 0.8806799057556378,
  "best_validation_f1-measure-overall": 0.8837287849361993,
  "best_validation_loss": 9.218690006549542
}