{
  "best_epoch": 23,
  "peak_worker_0_memory_MB": 0,
  "peak_gpu_0_memory_MB": 943.9697265625,
  "training_duration": "0:52:22.224535",
  "training_start_epoch": 0,
  "training_epochs": 36,
  "epoch": 36,
  "training_accuracy": 0.9925351510895242,
  "training_accuracy3": 0.993527190221048,
  "training_precision-overall": 0.9655863539445629,
  "training_recall-overall": 0.9635729179965105,
  "training_f1-measure-overall": 0.9645785852733317,
  "training_loss": 2.106588774643759,
  "training_worker_0_memory_MB": 0.0,
  "training_gpu_0_memory_MB": 943.9697265625,
  "validation_accuracy": 0.9838207234920758,
  "validation_accuracy3": 0.986877458042911,
  "validation_precision-overall": 0.9228153689221353,
  "validation_recall-overall": 0.9134971390104342,
  "validation_f1-measure-overall": 0.9181326116372979,
  "validation_loss": 6.8529424931452825,
  "best_validation_accuracy": 0.984112768194385,
  "best_validation_accuracy3": 0.9868190491024493,
  "best_validation_precision-overall": 0.9308337613422359,
  "best_validation_recall-overall": 0.915011780545271,
  "best_validation_f1-measure-overall": 0.922854960536316,
  "best_validation_loss": 6.386744549824641
}