{
  "best_epoch": 12,
  "peak_worker_0_memory_MB": 0,
  "peak_gpu_0_memory_MB": 943.9697265625,
  "training_duration": "0:19:54.948959",
  "training_start_epoch": 0,
  "training_epochs": 13,
  "epoch": 13,
  "training_accuracy": 0.9843483727120483,
  "training_accuracy3": 0.9864404948409055,
  "training_precision-overall": 0.9315320715937313,
  "training_recall-overall": 0.9257840759181242,
  "training_f1-measure-overall": 0.9286491793481241,
  "training_loss": 4.816689950800451,
  "training_worker_0_memory_MB": 0.0,
  "training_gpu_0_memory_MB": 943.9697265625,
  "validation_accuracy": 0.9822436820996067,
  "validation_accuracy3": 0.985300416650442,
  "validation_precision-overall": 0.9156749404964298,
  "validation_recall-overall": 0.9064288118478627,
  "validation_f1-measure-overall": 0.9110284167793818,
  "validation_loss": 6.696211734184852,
  "best_validation_accuracy": 0.9823994392741716,
  "best_validation_accuracy3": 0.9853782952377244,
  "best_validation_precision-overall": 0.9227739726027397,
  "best_validation_recall-overall": 0.906933692359475,
  "best_validation_f1-measure-overall": 0.9147852656594307,
  "best_validation_loss": 6.638297967910766
}