{
  "best_epoch": 23,
  "peak_worker_0_memory_MB": 0,
  "peak_gpu_0_memory_MB": 943.9697265625,
  "training_duration": "0:55:09.466519",
  "training_start_epoch": 0,
  "training_epochs": 38,
  "epoch": 38,
  "training_accuracy": 0.9930017041464289,
  "training_accuracy3": 0.9939102548361908,
  "training_precision-overall": 0.9676443004518714,
  "training_recall-overall": 0.9659559981275799,
  "training_f1-measure-overall": 0.9667994122281589,
  "training_loss": 2.006252494825587,
  "training_worker_0_memory_MB": 0.0,
  "training_gpu_0_memory_MB": 943.9697265625,
  "validation_accuracy": 0.9840543592539231,
  "validation_accuracy3": 0.9869748062770142,
  "validation_precision-overall": 0.9242553191489362,
  "validation_recall-overall": 0.9138337260181757,
  "validation_f1-measure-overall": 0.9190149784208691,
  "validation_loss": 7.320681946094219,
  "best_validation_accuracy": 0.984112768194385,
  "best_validation_accuracy3": 0.9868190491024493,
  "best_validation_precision-overall": 0.9308337613422359,
  "best_validation_recall-overall": 0.915011780545271,
  "best_validation_f1-measure-overall": 0.922854960536316,
  "best_validation_loss": 6.386744549824641
}