{
  "best_epoch": 8,
  "peak_worker_0_memory_MB": 0,
  "peak_gpu_0_memory_MB": 943.9697265625,
  "training_duration": "0:14:13.202492",
  "training_start_epoch": 0,
  "training_epochs": 9,
  "epoch": 9,
  "training_accuracy": 0.9814606548440485,
  "training_accuracy3": 0.9840095078601913,
  "training_precision-overall": 0.9177935179223009,
  "training_recall-overall": 0.9098259500404272,
  "training_f1-measure-overall": 0.9137923665426693,
  "training_loss": 5.939205498033571,
  "training_worker_0_memory_MB": 0.0,
  "training_gpu_0_memory_MB": 943.9697265625,
  "validation_accuracy": 0.9802383084770843,
  "validation_accuracy3": 0.9834897394961255,
  "validation_precision-overall": 0.9180893257458183,
  "validation_recall-overall": 0.8959946146078761,
  "validation_f1-measure-overall": 0.9069074184481231,
  "validation_loss": 7.184538844181941,
  "best_validation_accuracy": 0.9800436120088781,
  "best_validation_accuracy3": 0.9831782251469958,
  "best_validation_precision-overall": 0.9196058091286307,
  "best_validation_recall-overall": 0.8951531470885223,
  "best_validation_f1-measure-overall": 0.9072147364829792,
  "best_validation_loss": 7.4079816143329325
}