{
  "best_epoch": 23,
  "peak_worker_0_memory_MB": 0,
  "peak_gpu_0_memory_MB": 943.9697265625,
  "training_duration": "0:50:58.847907",
  "training_start_epoch": 0,
  "training_epochs": 35,
  "epoch": 35,
  "training_accuracy": 0.9922503081705718,
  "training_accuracy3": 0.9931686810299527,
  "training_precision-overall": 0.9659483678259014,
  "training_recall-overall": 0.9633175879824674,
  "training_f1-measure-overall": 0.9646311842160833,
  "training_loss": 2.1706210603069156,
  "training_worker_0_memory_MB": 0.0,
  "training_gpu_0_memory_MB": 943.9697265625,
  "validation_accuracy": 0.9839959503134613,
  "validation_accuracy3": 0.986780109808808,
  "validation_precision-overall": 0.9225280326197758,
  "validation_recall-overall": 0.9138337260181757,
  "validation_f1-measure-overall": 0.9181602975988679,
  "validation_loss": 6.8744314311100885,
  "best_validation_accuracy": 0.984112768194385,
  "best_validation_accuracy3": 0.9868190491024493,
  "best_validation_precision-overall": 0.9308337613422359,
  "best_validation_recall-overall": 0.915011780545271,
  "best_validation_f1-measure-overall": 0.922854960536316,
  "best_validation_loss": 6.386744549824641
}