{
  "best_epoch": 42,
  "peak_worker_0_memory_MB": 0,
  "peak_gpu_0_memory_MB": 943.9697265625,
  "training_duration": "1:35:40.589059",
  "training_start_epoch": 0,
  "training_epochs": 67,
  "epoch": 67,
  "training_accuracy": 0.9959336217777145,
  "training_accuracy3": 0.9963657972409525,
  "training_precision-overall": 0.9818491691521091,
  "training_recall-overall": 0.9806374739350611,
  "training_f1-measure-overall": 0.9812429474759449,
  "training_loss": 1.104146355326914,
  "training_worker_0_memory_MB": 0.0,
  "training_gpu_0_memory_MB": 943.9697265625,
  "validation_accuracy": 0.9847942058331062,
  "validation_accuracy3": 0.987325259919785,
  "validation_precision-overall": 0.9274453297169012,
  "validation_recall-overall": 0.9207337596768764,
  "validation_f1-measure-overall": 0.924077358331172,
  "validation_loss": 7.93157543182373,
  "best_validation_accuracy": 0.9841517074880262,
  "best_validation_accuracy3": 0.9867606401619875,
  "best_validation_precision-overall": 0.9344206008583691,
  "best_validation_recall-overall": 0.9160215415684955,
  "best_validation_f1-measure-overall": 0.925129599728003,
  "best_validation_loss": 6.843477672430185,
  "test_accuracy": 0.9710993862388285,
  "test_accuracy3": 0.9768062883600732,
  "test_precision-overall": 0.881667576916075,
  "test_recall-overall": 0.857471671388102,
  "test_f1-measure-overall": 0.8694013104747728,
  "test_loss": 13.857868266243466
}