{
  "best_epoch": 42,
  "peak_worker_0_memory_MB": 0,
  "peak_gpu_0_memory_MB": 943.9697265625,
  "training_duration": "1:28:40.515081",
  "training_start_epoch": 0,
  "training_epochs": 62,
  "epoch": 62,
  "training_accuracy": 0.9957813781486192,
  "training_accuracy3": 0.996247931205524,
  "training_precision-overall": 0.9812060515661624,
  "training_recall-overall": 0.9797863738882505,
  "training_f1-measure-overall": 0.9804956988330988,
  "training_loss": 1.1894477416612075,
  "training_worker_0_memory_MB": 0.0,
  "training_gpu_0_memory_MB": 943.9697265625,
  "validation_accuracy": 0.9832950430279195,
  "validation_accuracy3": 0.986390716872396,
  "validation_precision-overall": 0.9242346502479905,
  "validation_recall-overall": 0.9094580949175362,
  "validation_f1-measure-overall": 0.9167868351852922,
  "validation_loss": 8.26128127024724,
  "best_validation_accuracy": 0.9841517074880262,
  "best_validation_accuracy3": 0.9867606401619875,
  "best_validation_precision-overall": 0.9344206008583691,
  "best_validation_recall-overall": 0.9160215415684955,
  "best_validation_f1-measure-overall": 0.925129599728003,
  "best_validation_loss": 6.843477672430185
}