{
  "best_epoch": 10,
  "peak_worker_0_memory_MB": 0,
  "peak_gpu_0_memory_MB": 943.9697265625,
  "training_duration": "0:15:38.165037",
  "training_start_epoch": 0,
  "training_epochs": 10,
  "epoch": 10,
  "training_accuracy": 0.9825116269932865,
  "training_accuracy3": 0.9848787698714769,
  "training_precision-overall": 0.9246813441483198,
  "training_recall-overall": 0.9168900804289544,
  "training_f1-measure-overall": 0.9207692307691808,
  "training_loss": 5.487101719303063,
  "training_worker_0_memory_MB": 0.0,
  "training_gpu_0_memory_MB": 943.9697265625,
  "validation_accuracy": 0.9811728515244733,
  "validation_accuracy3": 0.9842879950157705,
  "validation_precision-overall": 0.9198218262806236,
  "validation_recall-overall": 0.9035678222820599,
  "validation_f1-measure-overall": 0.9116223788096962,
  "validation_loss": 6.891069172345675,
  "best_validation_accuracy": 0.9811728515244733,
  "best_validation_accuracy3": 0.9842879950157705,
  "best_validation_precision-overall": 0.9198218262806236,
  "best_validation_recall-overall": 0.9035678222820599,
  "best_validation_f1-measure-overall": 0.9116223788096962,
  "best_validation_loss": 6.891069172345675
}