{
  "best_epoch": 23,
  "peak_worker_0_memory_MB": 0,
  "peak_gpu_0_memory_MB": 943.9697265625,
  "training_duration": "0:48:11.738839",
  "training_start_epoch": 0,
  "training_epochs": 33,
  "epoch": 33,
  "training_accuracy": 0.9921471753895718,
  "training_accuracy3": 0.9930557260793337,
  "training_precision-overall": 0.9647806250799471,
  "training_recall-overall": 0.9628920379590621,
  "training_f1-measure-overall": 0.9638354063724155,
  "training_loss": 2.3067735273218664,
  "training_worker_0_memory_MB": 0.0,
  "training_gpu_0_memory_MB": 943.9697265625,
  "validation_accuracy": 0.9839570110198201,
  "validation_accuracy3": 0.9872084420388614,
  "validation_precision-overall": 0.9261033185083818,
  "validation_recall-overall": 0.9111410299562437,
  "validation_f1-measure-overall": 0.9185612487274696,
  "validation_loss": 7.116011219758254,
  "best_validation_accuracy": 0.984112768194385,
  "best_validation_accuracy3": 0.9868190491024493,
  "best_validation_precision-overall": 0.9308337613422359,
  "best_validation_recall-overall": 0.915011780545271,
  "best_validation_f1-measure-overall": 0.922854960536316,
  "best_validation_loss": 6.386744549824641
}