{
  "best_epoch": 42,
  "peak_worker_0_memory_MB": 0,
  "peak_gpu_0_memory_MB": 943.9697265625,
  "training_duration": "1:04:54.502987",
  "training_start_epoch": 0,
  "training_epochs": 45,
  "epoch": 45,
  "training_accuracy": 0.9941410758222384,
  "training_accuracy3": 0.9949219383069526,
  "training_precision-overall": 0.9738255605763492,
  "training_recall-overall": 0.972126473466956,
  "training_f1-measure-overall": 0.9729752752517761,
  "training_loss": 1.682241531114137,
  "training_worker_0_memory_MB": 0.0,
  "training_gpu_0_memory_MB": 943.9697265625,
  "validation_accuracy": 0.984852614773568,
  "validation_accuracy3": 0.9877341225030178,
  "validation_precision-overall": 0.9338260570642832,
  "validation_recall-overall": 0.9143386065297879,
  "validation_f1-measure-overall": 0.9239795918366847,
  "validation_loss": 7.332781633230356,
  "best_validation_accuracy": 0.9841517074880262,
  "best_validation_accuracy3": 0.9867606401619875,
  "best_validation_precision-overall": 0.9344206008583691,
  "best_validation_recall-overall": 0.9160215415684955,
  "best_validation_f1-measure-overall": 0.925129599728003,
  "best_validation_loss": 6.843477672430185
}