{
  "best_epoch": 22,
  "peak_worker_0_memory_MB": 0,
  "peak_gpu_0_memory_MB": 943.9697265625,
  "training_duration": "0:32:48.652530",
  "training_start_epoch": 0,
  "training_epochs": 22,
  "epoch": 22,
  "training_accuracy": 0.9887143271077148,
  "training_accuracy3": 0.9901630971265243,
  "training_precision-overall": 0.9498867860041867,
  "training_recall-overall": 0.9461679220392357,
  "training_f1-measure-overall": 0.948023706988395,
  "training_loss": 3.2877279605729726,
  "training_worker_0_memory_MB": 0.0,
  "training_gpu_0_memory_MB": 943.9697265625,
  "validation_accuracy": 0.9834508002024843,
  "validation_accuracy3": 0.9862933686382929,
  "validation_precision-overall": 0.9220845357324733,
  "validation_recall-overall": 0.9141703130259172,
  "validation_f1-measure-overall": 0.9181103693061277,
  "validation_loss": 6.505498676300049,
  "best_validation_accuracy": 0.9834508002024843,
  "best_validation_accuracy3": 0.9862933686382929,
  "best_validation_precision-overall": 0.9220845357324733,
  "best_validation_recall-overall": 0.9141703130259172,
  "best_validation_f1-measure-overall": 0.9181103693061277,
  "best_validation_loss": 6.505498676300049
}