{
  "best_epoch": 16,
  "peak_worker_0_memory_MB": 0,
  "peak_gpu_0_memory_MB": 943.9697265625,
  "training_duration": "0:29:58.284627",
  "training_start_epoch": 0,
  "training_epochs": 20,
  "epoch": 20,
  "training_accuracy": 0.9882870627292862,
  "training_accuracy3": 0.9898340544442862,
  "training_precision-overall": 0.9480841601094766,
  "training_recall-overall": 0.9434444018894421,
  "training_f1-measure-overall": 0.9457585905338323,
  "training_loss": 3.473118540400712,
  "training_worker_0_memory_MB": 0.0,
  "training_gpu_0_memory_MB": 943.9697265625,
  "validation_accuracy": 0.9821073945718625,
  "validation_accuracy3": 0.9851641291226977,
  "validation_precision-overall": 0.9123014531936465,
  "validation_recall-overall": 0.9086166273981824,
  "validation_f1-measure-overall": 0.9104553119729686,
  "validation_loss": 7.124495584047757,
  "best_validation_accuracy": 0.982925119738328,
  "best_validation_accuracy3": 0.9856898095868541,
  "best_validation_precision-overall": 0.9216754639877405,
  "best_validation_recall-overall": 0.910972736452373,
  "best_validation_f1-measure-overall": 0.9162928480744317,
  "best_validation_loss": 6.660204776617197
}