{
  "best_epoch": 42,
  "peak_worker_0_memory_MB": 0,
  "peak_gpu_0_memory_MB": 943.9697265625,
  "training_duration": "1:10:29.997391",
  "training_start_epoch": 0,
  "training_epochs": 49,
  "epoch": 49,
  "training_accuracy": 0.9947500503386193,
  "training_accuracy3": 0.9953884913638573,
  "training_precision-overall": 0.9767203888462522,
  "training_recall-overall": 0.9748499936167496,
  "training_f1-measure-overall": 0.9757842949331811,
  "training_loss": 1.4555674177896085,
  "training_worker_0_memory_MB": 0.0,
  "training_gpu_0_memory_MB": 943.9697265625,
  "validation_accuracy": 0.9836844359643316,
  "validation_accuracy3": 0.9868579883960905,
  "validation_precision-overall": 0.9239556692242115,
  "validation_recall-overall": 0.9119824974755975,
  "validation_f1-measure-overall": 0.9179300415007546,
  "validation_loss": 7.947976146111121,
  "best_validation_accuracy": 0.9841517074880262,
  "best_validation_accuracy3": 0.9867606401619875,
  "best_validation_precision-overall": 0.9344206008583691,
  "best_validation_recall-overall": 0.9160215415684955,
  "best_validation_f1-measure-overall": 0.925129599728003,
  "best_validation_loss": 6.843477672430185
}