{
  "best_epoch": 42,
  "peak_worker_0_memory_MB": 0,
  "peak_gpu_0_memory_MB": 943.9697265625,
  "training_duration": "1:17:29.820784",
  "training_start_epoch": 0,
  "training_epochs": 54,
  "epoch": 54,
  "training_accuracy": 0.9953246472613335,
  "training_accuracy3": 0.995825577911905,
  "training_precision-overall": 0.9789500596557014,
  "training_recall-overall": 0.9776586237712243,
  "training_f1-measure-overall": 0.978303915515099,
  "training_loss": 1.341410332812109,
  "training_worker_0_memory_MB": 0.0,
  "training_gpu_0_memory_MB": 943.9697265625,
  "validation_accuracy": 0.983859662785717,
  "validation_accuracy3": 0.986488065106499,
  "validation_precision-overall": 0.9197166469893743,
  "validation_recall-overall": 0.917704476607203,
  "validation_f1-measure-overall": 0.9187094600285913,
  "validation_loss": 7.98402909719027,
  "best_validation_accuracy": 0.9841517074880262,
  "best_validation_accuracy3": 0.9867606401619875,
  "best_validation_precision-overall": 0.9344206008583691,
  "best_validation_recall-overall": 0.9160215415684955,
  "best_validation_f1-measure-overall": 0.925129599728003,
  "best_validation_loss": 6.843477672430185
}