{
  "best_epoch": 6,
  "peak_worker_0_memory_MB": 0,
  "peak_gpu_0_memory_MB": 943.9697265625,
  "training_duration": "0:11:21.430348",
  "training_start_epoch": 0,
  "training_epochs": 7,
  "epoch": 7,
  "training_accuracy": 0.9787202695203343,
  "training_accuracy3": 0.981671831490858,
  "training_precision-overall": 0.9062782003351811,
  "training_recall-overall": 0.8974849993616749,
  "training_f1-measure-overall": 0.9018601667735229,
  "training_loss": 6.612755426223592,
  "training_worker_0_memory_MB": 0.0,
  "training_gpu_0_memory_MB": 943.9697265625,
  "validation_accuracy": 0.9789922510805654,
  "validation_accuracy3": 0.981834819516374,
  "validation_precision-overall": 0.9012366593257666,
  "validation_recall-overall": 0.8953214405923932,
  "validation_f1-measure-overall": 0.8982693119459189,
  "validation_loss": 7.683452439674964,
  "best_validation_accuracy": 0.9783302830886648,
  "best_validation_accuracy3": 0.981737471282271,
  "best_validation_precision-overall": 0.9097964815453604,
  "best_validation_recall-overall": 0.8877482329182094,
  "best_validation_f1-measure-overall": 0.8986371379897286,
  "best_validation_loss": 7.802552933326134
}