{
  "best_epoch": 23,
  "peak_worker_0_memory_MB": 0,
  "peak_gpu_0_memory_MB": 943.9697265625,
  "training_duration": "0:59:20.234682",
  "training_start_epoch": 0,
  "training_epochs": 41,
  "epoch": 41,
  "training_accuracy": 0.9935664788995241,
  "training_accuracy3": 0.9943522524690479,
  "training_precision-overall": 0.9713493924536346,
  "training_recall-overall": 0.969530618324184,
  "training_f1-measure-overall": 0.9704391532137336,
  "training_loss": 1.7325758767721915,
  "training_worker_0_memory_MB": 0.0,
  "training_gpu_0_memory_MB": 943.9697265625,
  "validation_accuracy": 0.9841906467816673,
  "validation_accuracy3": 0.9869942759238347,
  "validation_precision-overall": 0.9255734919286321,
  "validation_recall-overall": 0.9166947155839784,
  "validation_f1-measure-overall": 0.921112708209978,
  "validation_loss": 7.184293585557204,
  "best_validation_accuracy": 0.984112768194385,
  "best_validation_accuracy3": 0.9868190491024493,
  "best_validation_precision-overall": 0.9308337613422359,
  "best_validation_recall-overall": 0.915011780545271,
  "best_validation_f1-measure-overall": 0.922854960536316,
  "best_validation_loss": 6.386744549824641
}