{
  "best_epoch": 23,
  "peak_worker_0_memory_MB": 0,
  "peak_gpu_0_memory_MB": 943.9697265625,
  "training_duration": "0:35:38.086071",
  "training_start_epoch": 0,
  "training_epochs": 24,
  "epoch": 24,
  "training_accuracy": 0.989804587935429,
  "training_accuracy3": 0.9912288025301909,
  "training_precision-overall": 0.9549822748045957,
  "training_recall-overall": 0.9514872973318014,
  "training_f1-measure-overall": 0.9532315825374671,
  "training_loss": 3.011297302653357,
  "training_worker_0_memory_MB": 0.0,
  "training_gpu_0_memory_MB": 943.9697265625,
  "validation_accuracy": 0.9833145126747401,
  "validation_accuracy3": 0.9862544293446517,
  "validation_precision-overall": 0.9230900409276944,
  "validation_recall-overall": 0.910972736452373,
  "validation_f1-measure-overall": 0.9169913603252084,
  "validation_loss": 6.607360583818876,
  "best_validation_accuracy": 0.984112768194385,
  "best_validation_accuracy3": 0.9868190491024493,
  "best_validation_precision-overall": 0.9308337613422359,
  "best_validation_recall-overall": 0.915011780545271,
  "best_validation_f1-measure-overall": 0.922854960536316,
  "best_validation_loss": 6.386744549824641
}