{
  "best_epoch": 16,
  "peak_worker_0_memory_MB": 0,
  "peak_gpu_0_memory_MB": 943.9697265625,
  "training_duration": "0:25:42.078456",
  "training_start_epoch": 0,
  "training_epochs": 17,
  "epoch": 17,
  "training_accuracy": 0.9872311794952388,
  "training_accuracy3": 0.988940237008953,
  "training_precision-overall": 0.9443255734337556,
  "training_recall-overall": 0.939061236648368,
  "training_f1-measure-overall": 0.9416860477520997,
  "training_loss": 3.9768851550024173,
  "training_worker_0_memory_MB": 0.0,
  "training_gpu_0_memory_MB": 943.9697265625,
  "validation_accuracy": 0.9819711070441183,
  "validation_accuracy3": 0.9852225380631595,
  "validation_precision-overall": 0.9149225795473881,
  "validation_recall-overall": 0.9049141703130259,
  "validation_f1-measure-overall": 0.9098908537100777,
  "validation_loss": 6.793393548818735,
  "best_validation_accuracy": 0.982925119738328,
  "best_validation_accuracy3": 0.9856898095868541,
  "best_validation_precision-overall": 0.9216754639877405,
  "best_validation_recall-overall": 0.910972736452373,
  "best_validation_f1-measure-overall": 0.9162928480744317,
  "best_validation_loss": 6.660204776617197
}