{
  "best_epoch": 42,
  "peak_worker_0_memory_MB": 0,
  "peak_gpu_0_memory_MB": 943.9697265625,
  "training_duration": "1:07:42.624536",
  "training_start_epoch": 0,
  "training_epochs": 47,
  "epoch": 47,
  "training_accuracy": 0.9943227859601907,
  "training_accuracy3": 0.9949956045790955,
  "training_precision-overall": 0.9746813861301735,
  "training_recall-overall": 0.9731052385207881,
  "training_f1-measure-overall": 0.9738926746166451,
  "training_loss": 1.578096544700161,
  "training_worker_0_memory_MB": 0.0,
  "training_gpu_0_memory_MB": 943.9697265625,
  "validation_accuracy": 0.9837428449047935,
  "validation_accuracy3": 0.9867606401619875,
  "validation_precision-overall": 0.9206914082358922,
  "validation_recall-overall": 0.9143386065297879,
  "validation_f1-measure-overall": 0.9175040108080224,
  "validation_loss": 7.992433542838463,
  "best_validation_accuracy": 0.9841517074880262,
  "best_validation_accuracy3": 0.9867606401619875,
  "best_validation_precision-overall": 0.9344206008583691,
  "best_validation_recall-overall": 0.9160215415684955,
  "best_validation_f1-measure-overall": 0.925129599728003,
  "best_validation_loss": 6.843477672430185
}