{
  "best_epoch": 23,
  "peak_worker_0_memory_MB": 0,
  "peak_gpu_0_memory_MB": 943.9697265625,
  "training_duration": "0:37:02.020983",
  "training_start_epoch": 0,
  "training_epochs": 25,
  "epoch": 25,
  "training_accuracy": 0.9897063662392386,
  "training_accuracy3": 0.9910078037137623,
  "training_precision-overall": 0.9542291106272149,
  "training_recall-overall": 0.9510617473083961,
  "training_f1-measure-overall": 0.9526427962488845,
  "training_loss": 2.9590156295545587,
  "training_worker_0_memory_MB": 0.0,
  "training_gpu_0_memory_MB": 943.9697265625,
  "validation_accuracy": 0.9832366340874577,
  "validation_accuracy3": 0.9862154900510105,
  "validation_precision-overall": 0.9157521526253588,
  "validation_recall-overall": 0.9128239649949512,
  "validation_f1-measure-overall": 0.9142857142856644,
  "validation_loss": 7.086363520255456,
  "best_validation_accuracy": 0.984112768194385,
  "best_validation_accuracy3": 0.9868190491024493,
  "best_validation_precision-overall": 0.9308337613422359,
  "best_validation_recall-overall": 0.915011780545271,
  "best_validation_f1-measure-overall": 0.922854960536316,
  "best_validation_loss": 6.386744549824641
}