{
  "best_epoch": 42,
  "peak_worker_0_memory_MB": 0,
  "peak_gpu_0_memory_MB": 943.9697265625,
  "training_duration": "1:02:07.301321",
  "training_start_epoch": 0,
  "training_epochs": 43,
  "epoch": 43,
  "training_accuracy": 0.9938365885640479,
  "training_accuracy3": 0.9945536069462384,
  "training_precision-overall": 0.9716402657128258,
  "training_recall-overall": 0.9710200434061024,
  "training_f1-measure-overall": 0.9713300555519582,
  "training_loss": 1.7150461047569627,
  "training_worker_0_memory_MB": 0.0,
  "training_gpu_0_memory_MB": 943.9697265625,
  "validation_accuracy": 0.9845411004244383,
  "validation_accuracy3": 0.9873836688602469,
  "validation_precision-overall": 0.9259510869565217,
  "validation_recall-overall": 0.9175361831033322,
  "validation_f1-measure-overall": 0.9217244294166872,
  "validation_loss": 7.296432226621188,
  "best_validation_accuracy": 0.9841517074880262,
  "best_validation_accuracy3": 0.9867606401619875,
  "best_validation_precision-overall": 0.9344206008583691,
  "best_validation_recall-overall": 0.9160215415684955,
  "best_validation_f1-measure-overall": 0.925129599728003,
  "best_validation_loss": 6.843477672430185
}