{
  "best_epoch": 21,
  "peak_worker_0_memory_MB": 0,
  "peak_gpu_0_memory_MB": 943.9697265625,
  "training_duration": "0:31:23.384214",
  "training_start_epoch": 0,
  "training_epochs": 21,
  "epoch": 21,
  "training_accuracy": 0.9880906193369053,
  "training_accuracy3": 0.9896474332215243,
  "training_precision-overall": 0.9468085106382979,
  "training_recall-overall": 0.9430614068683774,
  "training_f1-measure-overall": 0.9449312440037876,
  "training_loss": 3.4049990306121174,
  "training_worker_0_memory_MB": 0.0,
  "training_gpu_0_memory_MB": 943.9697265625,
  "validation_accuracy": 0.983022467972431,
  "validation_accuracy3": 0.986234959697831,
  "validation_precision-overall": 0.9240484724355692,
  "validation_recall-overall": 0.9111410299562437,
  "validation_f1-measure-overall": 0.9175493602236598,
  "validation_loss": 6.775334190955529,
  "best_validation_accuracy": 0.983022467972431,
  "best_validation_accuracy3": 0.986234959697831,
  "best_validation_precision-overall": 0.9240484724355692,
  "best_validation_recall-overall": 0.9111410299562437,
  "best_validation_f1-measure-overall": 0.9175493602236598,
  "best_validation_loss": 6.775334190955529
}