{
  "best_epoch": 23,
  "peak_worker_0_memory_MB": 0,
  "peak_gpu_0_memory_MB": 943.9697265625,
  "training_duration": "0:56:33.036791",
  "training_start_epoch": 0,
  "training_epochs": 39,
  "epoch": 39,
  "training_accuracy": 0.9927610609907622,
  "training_accuracy3": 0.9935566567299051,
  "training_precision-overall": 0.9682221463914008,
  "training_recall-overall": 0.9659559981275799,
  "training_f1-measure-overall": 0.9670877447116217,
  "training_loss": 1.9747713766064083,
  "training_worker_0_memory_MB": 0.0,
  "training_gpu_0_memory_MB": 943.9697265625,
  "validation_accuracy": 0.9840348896071025,
  "validation_accuracy3": 0.9872084420388614,
  "validation_precision-overall": 0.9239019407558733,
  "validation_recall-overall": 0.9133288455065635,
  "validation_f1-measure-overall": 0.9185849695327868,
  "validation_loss": 7.107605884992159,
  "best_validation_accuracy": 0.984112768194385,
  "best_validation_accuracy3": 0.9868190491024493,
  "best_validation_precision-overall": 0.9308337613422359,
  "best_validation_recall-overall": 0.915011780545271,
  "best_validation_f1-measure-overall": 0.922854960536316,
  "best_validation_loss": 6.386744549824641
}