{
  "best_epoch": 16,
  "peak_worker_0_memory_MB": 0,
  "peak_gpu_0_memory_MB": 943.9697265625,
  "training_duration": "0:27:08.043180",
  "training_start_epoch": 0,
  "training_epochs": 18,
  "epoch": 18,
  "training_accuracy": 0.9872557349192863,
  "training_accuracy3": 0.9889009483304767,
  "training_precision-overall": 0.944161785454701,
  "training_recall-overall": 0.9397421166858164,
  "training_f1-measure-overall": 0.9419467667633009,
  "training_loss": 3.7123104616416307,
  "training_worker_0_memory_MB": 0.0,
  "training_gpu_0_memory_MB": 943.9697265625,
  "validation_accuracy": 0.9822631517464273,
  "validation_accuracy3": 0.9855145827654687,
  "validation_precision-overall": 0.9160862918294548,
  "validation_recall-overall": 0.9076068663749579,
  "validation_f1-measure-overall": 0.9118268661762963,
  "validation_loss": 6.990977161114032,
  "best_validation_accuracy": 0.982925119738328,
  "best_validation_accuracy3": 0.9856898095868541,
  "best_validation_precision-overall": 0.9216754639877405,
  "best_validation_recall-overall": 0.910972736452373,
  "best_validation_f1-measure-overall": 0.9162928480744317,
  "best_validation_loss": 6.660204776617197
}