{
  "best_epoch": 42,
  "peak_worker_0_memory_MB": 0,
  "peak_gpu_0_memory_MB": 943.9697265625,
  "training_duration": "1:25:53.076898",
  "training_start_epoch": 0,
  "training_epochs": 60,
  "epoch": 60,
  "training_accuracy": 0.9958403111663335,
  "training_accuracy3": 0.996360886156143,
  "training_precision-overall": 0.9819158918365606,
  "training_recall-overall": 0.9797012638835695,
  "training_f1-measure-overall": 0.9808073277238822,
  "training_loss": 1.1761024451340645,
  "training_worker_0_memory_MB": 0.0,
  "training_gpu_0_memory_MB": 943.9697265625,
  "validation_accuracy": 0.9837233752579728,
  "validation_accuracy3": 0.9867995794556287,
  "validation_precision-overall": 0.9261159569009748,
  "validation_recall-overall": 0.9113093234601144,
  "validation_f1-measure-overall": 0.9186529815929605,
  "validation_loss": 8.037713402968187,
  "best_validation_accuracy": 0.9841517074880262,
  "best_validation_accuracy3": 0.9867606401619875,
  "best_validation_precision-overall": 0.9344206008583691,
  "best_validation_recall-overall": 0.9160215415684955,
  "best_validation_f1-measure-overall": 0.925129599728003,
  "best_validation_loss": 6.843477672430185
}