{
  "best_epoch": 12,
  "peak_worker_0_memory_MB": 0,
  "peak_gpu_0_memory_MB": 943.9697265625,
  "training_duration": "0:18:28.901106",
  "training_start_epoch": 0,
  "training_epochs": 12,
  "epoch": 12,
  "training_accuracy": 0.9837786868741436,
  "training_accuracy3": 0.9860083193776673,
  "training_precision-overall": 0.9286878216123499,
  "training_recall-overall": 0.9216136856887527,
  "training_f1-measure-overall": 0.9251372306114539,
  "training_loss": 5.063747781875719,
  "training_worker_0_memory_MB": 0.0,
  "training_gpu_0_memory_MB": 943.9697265625,
  "validation_accuracy": 0.9823994392741716,
  "validation_accuracy3": 0.9853782952377244,
  "validation_precision-overall": 0.9227739726027397,
  "validation_recall-overall": 0.906933692359475,
  "validation_f1-measure-overall": 0.9147852656594307,
  "validation_loss": 6.638297967910766,
  "best_validation_accuracy": 0.9823994392741716,
  "best_validation_accuracy3": 0.9853782952377244,
  "best_validation_precision-overall": 0.9227739726027397,
  "best_validation_recall-overall": 0.906933692359475,
  "best_validation_f1-measure-overall": 0.9147852656594307,
  "best_validation_loss": 6.638297967910766
}