{
  "best_epoch": 23,
  "peak_worker_0_memory_MB": 0,
  "peak_gpu_0_memory_MB": 943.9697265625,
  "training_duration": "0:44:00.729385",
  "training_start_epoch": 0,
  "training_epochs": 30,
  "epoch": 30,
  "training_accuracy": 0.9910667367314766,
  "training_accuracy3": 0.9922110194920956,
  "training_precision-overall": 0.9603276170975172,
  "training_recall-overall": 0.9579982126899017,
  "training_f1-measure-overall": 0.9591615006070952,
  "training_loss": 2.5013189290341957,
  "training_worker_0_memory_MB": 0.0,
  "training_gpu_0_memory_MB": 943.9697265625,
  "validation_accuracy": 0.984404812896694,
  "validation_accuracy3": 0.9875199563879912,
  "validation_precision-overall": 0.9245923913043478,
  "validation_recall-overall": 0.9161898350723662,
  "validation_f1-measure-overall": 0.9203719357565012,
  "validation_loss": 6.692941196148212,
  "best_validation_accuracy": 0.984112768194385,
  "best_validation_accuracy3": 0.9868190491024493,
  "best_validation_precision-overall": 0.9308337613422359,
  "best_validation_recall-overall": 0.915011780545271,
  "best_validation_f1-measure-overall": 0.922854960536316,
  "best_validation_loss": 6.386744549824641
}