{
  "best_epoch": 42,
  "peak_worker_0_memory_MB": 0,
  "peak_gpu_0_memory_MB": 943.9697265625,
  "training_duration": "1:16:05.932293",
  "training_start_epoch": 0,
  "training_epochs": 53,
  "epoch": 53,
  "training_accuracy": 0.9952313366499526,
  "training_accuracy3": 0.9957813781486192,
  "training_precision-overall": 0.9778960817717206,
  "training_recall-overall": 0.9771054087407974,
  "training_f1-measure-overall": 0.9775005853678804,
  "training_loss": 1.358427672878279,
  "training_worker_0_memory_MB": 0.0,
  "training_gpu_0_memory_MB": 943.9697265625,
  "validation_accuracy": 0.9838401931388965,
  "validation_accuracy3": 0.9866632919278844,
  "validation_precision-overall": 0.9187911531318589,
  "validation_recall-overall": 0.9158532480646248,
  "validation_f1-measure-overall": 0.9173198482932498,
  "validation_loss": 8.171571734501764,
  "best_validation_accuracy": 0.9841517074880262,
  "best_validation_accuracy3": 0.9867606401619875,
  "best_validation_precision-overall": 0.9344206008583691,
  "best_validation_recall-overall": 0.9160215415684955,
  "best_validation_f1-measure-overall": 0.925129599728003,
  "best_validation_loss": 6.843477672430185
}