{
  "best_epoch": 23,
  "peak_worker_0_memory_MB": 0,
  "peak_gpu_0_memory_MB": 943.9697265625,
  "training_duration": "0:42:36.943033",
  "training_start_epoch": 0,
  "training_epochs": 29,
  "epoch": 29,
  "training_accuracy": 0.9910765589010957,
  "training_accuracy3": 0.9922945079338575,
  "training_precision-overall": 0.9600665557404326,
  "training_recall-overall": 0.957615217668837,
  "training_f1-measure-overall": 0.958839319953932,
  "training_loss": 2.566747045007889,
  "training_worker_0_memory_MB": 0.0,
  "training_gpu_0_memory_MB": 943.9697265625,
  "validation_accuracy": 0.9824383785678128,
  "validation_accuracy3": 0.9854367041781862,
  "validation_precision-overall": 0.9205456095481671,
  "validation_recall-overall": 0.9086166273981824,
  "validation_f1-measure-overall": 0.9145422207164742,
  "validation_loss": 6.824486034833468,
  "best_validation_accuracy": 0.984112768194385,
  "best_validation_accuracy3": 0.9868190491024493,
  "best_validation_precision-overall": 0.9308337613422359,
  "best_validation_recall-overall": 0.915011780545271,
  "best_validation_f1-measure-overall": 0.922854960536316,
  "best_validation_loss": 6.386744549824641
}