{
  "best_epoch": 14,
  "peak_worker_0_memory_MB": 0,
  "peak_gpu_0_memory_MB": 943.9697265625,
  "training_duration": "0:21:21.664719",
  "training_start_epoch": 0,
  "training_epochs": 14,
  "epoch": 14,
  "training_accuracy": 0.9855319441511435,
  "training_accuracy3": 0.9875896886863339,
  "training_precision-overall": 0.9356552285481728,
  "training_recall-overall": 0.9294438061194094,
  "training_f1-measure-overall": 0.9325391742452854,
  "training_loss": 4.497494627148231,
  "training_worker_0_memory_MB": 0.0,
  "training_gpu_0_memory_MB": 943.9697265625,
  "validation_accuracy": 0.982574666095557,
  "validation_accuracy3": 0.9857092792336747,
  "validation_precision-overall": 0.9254935622317596,
  "validation_recall-overall": 0.9072702793672164,
  "validation_f1-measure-overall": 0.9162913231919276,
  "validation_loss": 6.713160410660964,
  "best_validation_accuracy": 0.982574666095557,
  "best_validation_accuracy3": 0.9857092792336747,
  "best_validation_precision-overall": 0.9254935622317596,
  "best_validation_recall-overall": 0.9072702793672164,
  "best_validation_f1-measure-overall": 0.9162913231919276,
  "best_validation_loss": 6.713160410660964
}