{
  "best_epoch": 14,
  "peak_worker_0_memory_MB": 0,
  "peak_gpu_0_memory_MB": 943.9697265625,
  "training_duration": "0:22:48.790146",
  "training_start_epoch": 0,
  "training_epochs": 15,
  "epoch": 15,
  "training_accuracy": 0.985507388727096,
  "training_accuracy3": 0.9874620004812863,
  "training_precision-overall": 0.937489296112348,
  "training_recall-overall": 0.9317843312481382,
  "training_f1-measure-overall": 0.9346281079926936,
  "training_loss": 4.323364126300472,
  "training_worker_0_memory_MB": 0.0,
  "training_gpu_0_memory_MB": 943.9697265625,
  "validation_accuracy": 0.9825941357423776,
  "validation_accuracy3": 0.985845566761419,
  "validation_precision-overall": 0.9175152749490835,
  "validation_recall-overall": 0.9097946819252777,
  "validation_f1-measure-overall": 0.9136386682439926,
  "validation_loss": 6.603738966721755,
  "best_validation_accuracy": 0.982574666095557,
  "best_validation_accuracy3": 0.9857092792336747,
  "best_validation_precision-overall": 0.9254935622317596,
  "best_validation_recall-overall": 0.9072702793672164,
  "best_validation_f1-measure-overall": 0.9162913231919276,
  "best_validation_loss": 6.713160410660964
}