{
  "best_epoch": 23,
  "peak_worker_0_memory_MB": 0,
  "peak_gpu_0_memory_MB": 943.9697265625,
  "training_duration": "0:46:48.066162",
  "training_start_epoch": 0,
  "training_epochs": 32,
  "epoch": 32,
  "training_accuracy": 0.9922257527465241,
  "training_accuracy3": 0.9932079697084288,
  "training_precision-overall": 0.96545694912363,
  "training_recall-overall": 0.9634026979871484,
  "training_f1-measure-overall": 0.9644287296582955,
  "training_loss": 2.1818454151900215,
  "training_worker_0_memory_MB": 0.0,
  "training_gpu_0_memory_MB": 943.9697265625,
  "validation_accuracy": 0.9842490557221292,
  "validation_accuracy3": 0.987227911685682,
  "validation_precision-overall": 0.9304123711340206,
  "validation_recall-overall": 0.9113093234601144,
  "validation_f1-measure-overall": 0.920761775208248,
  "validation_loss": 6.730560851463904,
  "best_validation_accuracy": 0.984112768194385,
  "best_validation_accuracy3": 0.9868190491024493,
  "best_validation_precision-overall": 0.9308337613422359,
  "best_validation_recall-overall": 0.915011780545271,
  "best_validation_f1-measure-overall": 0.922854960536316,
  "best_validation_loss": 6.386744549824641
}