{
  "best_epoch": 42,
  "peak_worker_0_memory_MB": 0,
  "peak_gpu_0_memory_MB": 943.9697265625,
  "training_duration": "1:09:06.586201",
  "training_start_epoch": 0,
  "training_epochs": 48,
  "epoch": 48,
  "training_accuracy": 0.994597806709524,
  "training_accuracy3": 0.9953295583461431,
  "training_precision-overall": 0.9757314680542524,
  "training_recall-overall": 0.9735307885441934,
  "training_f1-measure-overall": 0.9746298860368018,
  "training_loss": 1.6074092355911418,
  "training_worker_0_memory_MB": 0.0,
  "training_gpu_0_memory_MB": 943.9697265625,
  "validation_accuracy": 0.9836454966706903,
  "validation_accuracy3": 0.9867995794556287,
  "validation_precision-overall": 0.9214152066678006,
  "validation_recall-overall": 0.9116459104678559,
  "validation_f1-measure-overall": 0.9165045258437873,
  "validation_loss": 8.130053183482243,
  "best_validation_accuracy": 0.9841517074880262,
  "best_validation_accuracy3": 0.9867606401619875,
  "best_validation_precision-overall": 0.9344206008583691,
  "best_validation_recall-overall": 0.9160215415684955,
  "best_validation_f1-measure-overall": 0.925129599728003,
  "best_validation_loss": 6.843477672430185
}