{
  "best_epoch": 2,
  "peak_worker_0_memory_MB": 0,
  "peak_gpu_0_memory_MB": 943.9697265625,
  "training_duration": "0:04:14.959507",
  "training_start_epoch": 0,
  "training_epochs": 2,
  "epoch": 2,
  "training_accuracy": 0.9664130909876683,
  "training_accuracy3": 0.9713389090516205,
  "training_precision-overall": 0.8498766287173716,
  "training_recall-overall": 0.8354823609515298,
  "training_f1-measure-overall": 0.842618025751023,
  "training_loss": 11.52418220747408,
  "training_worker_0_memory_MB": 0.0,
  "training_gpu_0_memory_MB": 943.9697265625,
  "validation_accuracy": 0.9728982516257155,
  "validation_accuracy3": 0.9765585452279896,
  "validation_precision-overall": 0.8657740585774059,
  "validation_recall-overall": 0.8705822955233928,
  "validation_f1-measure-overall": 0.8681715196777213,
  "validation_loss": 10.019931599543645,
  "best_validation_accuracy": 0.9728982516257155,
  "best_validation_accuracy3": 0.9765585452279896,
  "best_validation_precision-overall": 0.8657740585774059,
  "best_validation_recall-overall": 0.8705822955233928,
  "best_validation_f1-measure-overall": 0.8681715196777213,
  "best_validation_loss": 10.019931599543645
}