{
  "best_epoch": 42,
  "peak_worker_0_memory_MB": 0,
  "peak_gpu_0_memory_MB": 943.9697265625,
  "training_duration": "1:18:53.837153",
  "training_start_epoch": 0,
  "training_epochs": 55,
  "epoch": 55,
  "training_accuracy": 0.995206781225905,
  "training_accuracy3": 0.9958010224878573,
  "training_precision-overall": 0.9783498124786908,
  "training_recall-overall": 0.9768926337290949,
  "training_f1-measure-overall": 0.9776206801098238,
  "training_loss": 1.3236291221876586,
  "training_worker_0_memory_MB": 0.0,
  "training_gpu_0_memory_MB": 943.9697265625,
  "validation_accuracy": 0.984015419960282,
  "validation_accuracy3": 0.9869942759238347,
  "validation_precision-overall": 0.9284494535519126,
  "validation_recall-overall": 0.915011780545271,
  "validation_f1-measure-overall": 0.9216816409560443,
  "validation_loss": 7.8912347037975605,
  "best_validation_accuracy": 0.9841517074880262,
  "best_validation_accuracy3": 0.9867606401619875,
  "best_validation_precision-overall": 0.9344206008583691,
  "best_validation_recall-overall": 0.9160215415684955,
  "best_validation_f1-measure-overall": 0.925129599728003,
  "best_validation_loss": 6.843477672430185
}