{
  "best_epoch": 23,
  "peak_worker_0_memory_MB": 0,
  "peak_gpu_0_memory_MB": 943.9697265625,
  "training_duration": "0:34:14.433408",
  "training_start_epoch": 0,
  "training_epochs": 23,
  "epoch": 23,
  "training_accuracy": 0.9892987462000481,
  "training_accuracy3": 0.99061982801381,
  "training_precision-overall": 0.9517106048971931,
  "training_recall-overall": 0.9494021022171156,
  "training_f1-measure-overall": 0.9505549519609222,
  "training_loss": 3.1013009743334137,
  "training_worker_0_memory_MB": 0.0,
  "training_gpu_0_memory_MB": 943.9697265625,
  "validation_accuracy": 0.984112768194385,
  "validation_accuracy3": 0.9868190491024493,
  "validation_precision-overall": 0.9308337613422359,
  "validation_recall-overall": 0.915011780545271,
  "validation_f1-measure-overall": 0.922854960536316,
  "validation_loss": 6.386744549824641,
  "best_validation_accuracy": 0.984112768194385,
  "best_validation_accuracy3": 0.9868190491024493,
  "best_validation_precision-overall": 0.9308337613422359,
  "best_validation_recall-overall": 0.915011780545271,
  "best_validation_f1-measure-overall": 0.922854960536316,
  "best_validation_loss": 6.386744549824641
}