{
  "best_epoch": 42,
  "peak_worker_0_memory_MB": 0,
  "peak_gpu_0_memory_MB": 943.9697265625,
  "training_duration": "1:31:28.335123",
  "training_start_epoch": 0,
  "training_epochs": 64,
  "epoch": 64,
  "training_accuracy": 0.9956438677739526,
  "training_accuracy3": 0.9961595316789525,
  "training_precision-overall": 0.9805668016194332,
  "training_recall-overall": 0.9791480488531427,
  "training_f1-measure-overall": 0.9798569116769792,
  "training_loss": 1.1785062952822214,
  "training_worker_0_memory_MB": 0.0,
  "training_gpu_0_memory_MB": 943.9697265625,
  "validation_accuracy": 0.9841906467816673,
  "validation_accuracy3": 0.987033215217476,
  "validation_precision-overall": 0.927585619355938,
  "validation_recall-overall": 0.9161898350723662,
  "validation_f1-measure-overall": 0.9218525103716373,
  "validation_loss": 7.919742299593412,
  "best_validation_accuracy": 0.9841517074880262,
  "best_validation_accuracy3": 0.9867606401619875,
  "best_validation_precision-overall": 0.9344206008583691,
  "best_validation_recall-overall": 0.9160215415684955,
  "best_validation_f1-measure-overall": 0.925129599728003,
  "best_validation_loss": 6.843477672430185
}