{
  "best_epoch": 4,
  "peak_worker_0_memory_MB": 0,
  "peak_gpu_0_memory_MB": 943.9697265625,
  "training_duration": "0:07:04.403223",
  "training_start_epoch": 0,
  "training_epochs": 4,
  "epoch": 4,
  "training_accuracy": 0.973435942265287,
  "training_accuracy3": 0.9771830999749535,
  "training_precision-overall": 0.8823250603240262,
  "training_recall-overall": 0.8713987829269331,
  "training_f1-measure-overall": 0.8768278844712285,
  "training_loss": 8.785632129071871,
  "training_worker_0_memory_MB": 0.0,
  "training_gpu_0_memory_MB": 943.9697265625,
  "validation_accuracy": 0.9777851329776878,
  "validation_accuracy3": 0.98074451929442,
  "validation_precision-overall": 0.901580826109128,
  "validation_recall-overall": 0.8926287445304611,
  "validation_f1-measure-overall": 0.8970824524312396,
  "validation_loss": 7.932888396336482,
  "best_validation_accuracy": 0.9777851329776878,
  "best_validation_accuracy3": 0.98074451929442,
  "best_validation_precision-overall": 0.901580826109128,
  "best_validation_recall-overall": 0.8926287445304611,
  "best_validation_f1-measure-overall": 0.8970824524312396,
  "best_validation_loss": 7.932888396336482
}