{
  "best_epoch": 42,
  "peak_worker_0_memory_MB": 0,
  "peak_gpu_0_memory_MB": 943.9697265625,
  "training_duration": "1:13:17.753276",
  "training_start_epoch": 0,
  "training_epochs": 51,
  "epoch": 51,
  "training_accuracy": 0.9946469175576192,
  "training_accuracy3": 0.9953148250917145,
  "training_precision-overall": 0.9761732236477558,
  "training_recall-overall": 0.9745946636027065,
  "training_f1-measure-overall": 0.9753833049403248,
  "training_loss": 1.4598990508245828,
  "training_worker_0_memory_MB": 0.0,
  "training_gpu_0_memory_MB": 943.9697265625,
  "validation_accuracy": 0.9838012538452553,
  "validation_accuracy3": 0.9868190491024493,
  "validation_precision-overall": 0.9172017573504563,
  "validation_recall-overall": 0.9134971390104342,
  "validation_f1-measure-overall": 0.9153456998313161,
  "validation_loss": 7.895112375112681,
  "best_validation_accuracy": 0.9841517074880262,
  "best_validation_accuracy3": 0.9867606401619875,
  "best_validation_precision-overall": 0.9344206008583691,
  "best_validation_recall-overall": 0.9160215415684955,
  "best_validation_f1-measure-overall": 0.925129599728003,
  "best_validation_loss": 6.843477672430185
}