{
  "best_epoch": 42,
  "peak_worker_0_memory_MB": 0,
  "peak_gpu_0_memory_MB": 943.9697265625,
  "training_duration": "1:20:17.877224",
  "training_start_epoch": 0,
  "training_epochs": 56,
  "epoch": 56,
  "training_accuracy": 0.9949661380702384,
  "training_accuracy3": 0.9955505571625717,
  "training_precision-overall": 0.9769581327995229,
  "training_recall-overall": 0.9761266436869654,
  "training_f1-measure-overall": 0.9765422112477681,
  "training_loss": 1.3563513049875715,
  "training_worker_0_memory_MB": 0.0,
  "training_gpu_0_memory_MB": 943.9697265625,
  "validation_accuracy": 0.9841711771348468,
  "validation_accuracy3": 0.9869358669833729,
  "validation_precision-overall": 0.9287544848795489,
  "validation_recall-overall": 0.9148434870414002,
  "validation_f1-measure-overall": 0.921746502755355,
  "validation_loss": 8.135536790994497,
  "best_validation_accuracy": 0.9841517074880262,
  "best_validation_accuracy3": 0.9867606401619875,
  "best_validation_precision-overall": 0.9344206008583691,
  "best_validation_recall-overall": 0.9160215415684955,
  "best_validation_f1-measure-overall": 0.925129599728003,
  "best_validation_loss": 6.843477672430185
}