{
  "best_epoch": 8,
  "peak_worker_0_memory_MB": 0,
  "peak_gpu_0_memory_MB": 943.9697265625,
  "training_duration": "0:12:47.141480",
  "training_start_epoch": 0,
  "training_epochs": 8,
  "epoch": 8,
  "training_accuracy": 0.9802132393024295,
  "training_accuracy3": 0.9829339802869056,
  "training_precision-overall": 0.9125026806776754,
  "training_recall-overall": 0.9053576747946721,
  "training_f1-measure-overall": 0.9089161361985231,
  "training_loss": 6.271426800391852,
  "training_worker_0_memory_MB": 0.0,
  "training_gpu_0_memory_MB": 943.9697265625,
  "validation_accuracy": 0.9800436120088781,
  "validation_accuracy3": 0.9831782251469958,
  "validation_precision-overall": 0.9196058091286307,
  "validation_recall-overall": 0.8951531470885223,
  "validation_f1-measure-overall": 0.9072147364829792,
  "validation_loss": 7.4079816143329325,
  "best_validation_accuracy": 0.9800436120088781,
  "best_validation_accuracy3": 0.9831782251469958,
  "best_validation_precision-overall": 0.9196058091286307,
  "best_validation_recall-overall": 0.8951531470885223,
  "best_validation_f1-measure-overall": 0.9072147364829792,
  "best_validation_loss": 7.4079816143329325
}