{
  "best_epoch": 42,
  "peak_worker_0_memory_MB": 0,
  "peak_gpu_0_memory_MB": 943.9697265625,
  "training_duration": "1:00:43.887290",
  "training_start_epoch": 0,
  "training_epochs": 42,
  "epoch": 42,
  "training_accuracy": 0.9938267663944289,
  "training_accuracy3": 0.9946518286424288,
  "training_precision-overall": 0.9722814498933902,
  "training_recall-overall": 0.970254053363973,
  "training_f1-measure-overall": 0.9712666936462471,
  "training_loss": 1.7432146014692096,
  "training_worker_0_memory_MB": 0.0,
  "training_gpu_0_memory_MB": 943.9697265625,
  "validation_accuracy": 0.9841517074880262,
  "validation_accuracy3": 0.9867606401619875,
  "validation_precision-overall": 0.9344206008583691,
  "validation_recall-overall": 0.9160215415684955,
  "validation_f1-measure-overall": 0.925129599728003,
  "validation_loss": 6.843477672430185,
  "best_validation_accuracy": 0.9841517074880262,
  "best_validation_accuracy3": 0.9867606401619875,
  "best_validation_precision-overall": 0.9344206008583691,
  "best_validation_recall-overall": 0.9160215415684955,
  "best_validation_f1-measure-overall": 0.925129599728003,
  "best_validation_loss": 6.843477672430185
}