{
  "best_epoch": 23,
  "peak_worker_0_memory_MB": 0,
  "peak_gpu_0_memory_MB": 943.9697265625,
  "training_duration": "0:53:45.798692",
  "training_start_epoch": 0,
  "training_epochs": 37,
  "epoch": 37,
  "training_accuracy": 0.9928003496692385,
  "training_accuracy3": 0.9935664788995241,
  "training_precision-overall": 0.9678560770772051,
  "training_recall-overall": 0.966126218136942,
  "training_f1-measure-overall": 0.9669903739670681,
  "training_loss": 2.0843471289529494,
  "training_worker_0_memory_MB": 0.0,
  "training_gpu_0_memory_MB": 943.9697265625,
  "validation_accuracy": 0.9833923912620225,
  "validation_accuracy3": 0.986585413340602,
  "validation_precision-overall": 0.9229195088676672,
  "validation_recall-overall": 0.9108044429485022,
  "validation_f1-measure-overall": 0.916821954938117,
  "validation_loss": 7.325725919283354,
  "best_validation_accuracy": 0.984112768194385,
  "best_validation_accuracy3": 0.9868190491024493,
  "best_validation_precision-overall": 0.9308337613422359,
  "best_validation_recall-overall": 0.915011780545271,
  "best_validation_f1-measure-overall": 0.922854960536316,
  "best_validation_loss": 6.386744549824641
}