{
  "best_epoch": 1,
  "peak_worker_0_memory_MB": 0,
  "peak_gpu_0_memory_MB": 943.9697265625,
  "training_duration": "0:02:50.081276",
  "training_start_epoch": 0,
  "training_epochs": 1,
  "epoch": 1,
  "training_accuracy": 0.9592576404201925,
  "training_accuracy3": 0.965116564597954,
  "training_precision-overall": 0.818890776804775,
  "training_recall-overall": 0.7998638239925103,
  "training_f1-measure-overall": 0.8092654783431861,
  "training_loss": 14.703083376697798,
  "training_worker_0_memory_MB": 0.0,
  "training_gpu_0_memory_MB": 943.9697265625,
  "validation_accuracy": 0.9692379580234415,
  "validation_accuracy3": 0.9729566605661774,
  "validation_precision-overall": 0.8470861696828823,
  "validation_recall-overall": 0.8586334567485695,
  "validation_f1-measure-overall": 0.852820727120719,
  "validation_loss": 11.482226134080154,
  "best_validation_accuracy": 0.9692379580234415,
  "best_validation_accuracy3": 0.9729566605661774,
  "best_validation_precision-overall": 0.8470861696828823,
  "best_validation_recall-overall": 0.8586334567485695,
  "best_validation_f1-measure-overall": 0.852820727120719,
  "best_validation_loss": 11.482226134080154
}