{
  "best_epoch": 42,
  "peak_worker_0_memory_MB": 0,
  "peak_gpu_0_memory_MB": 943.9697265625,
  "training_duration": "1:23:05.479008",
  "training_start_epoch": 0,
  "training_epochs": 58,
  "epoch": 58,
  "training_accuracy": 0.995722445130905,
  "training_accuracy3": 0.9962921309688098,
  "training_precision-overall": 0.9798534798534798,
  "training_recall-overall": 0.9789778288437806,
  "training_f1-measure-overall": 0.9794154586286407,
  "training_loss": 1.242169919472148,
  "training_worker_0_memory_MB": 0.0,
  "training_gpu_0_memory_MB": 943.9697265625,
  "validation_accuracy": 0.9840932985475643,
  "validation_accuracy3": 0.9868969276897317,
  "validation_precision-overall": 0.921734711163815,
  "validation_recall-overall": 0.9156849545607539,
  "validation_f1-measure-overall": 0.9186998733642388,
  "validation_loss": 7.94199617092426,
  "best_validation_accuracy": 0.9841517074880262,
  "best_validation_accuracy3": 0.9867606401619875,
  "best_validation_precision-overall": 0.9344206008583691,
  "best_validation_recall-overall": 0.9160215415684955,
  "best_validation_f1-measure-overall": 0.925129599728003,
  "best_validation_loss": 6.843477672430185
}