{
  "best_epoch": 6,
  "peak_worker_0_memory_MB": 0,
  "peak_gpu_0_memory_MB": 943.9697265625,
  "training_duration": "0:09:56.678818",
  "training_start_epoch": 0,
  "training_epochs": 6,
  "epoch": 6,
  "training_accuracy": 0.9776398308622392,
  "training_accuracy3": 0.9807731029707152,
  "training_precision-overall": 0.9012716961677264,
  "training_recall-overall": 0.8927188390995362,
  "training_f1-measure-overall": 0.8969748797434028,
  "training_loss": 7.278710975341525,
  "training_worker_0_memory_MB": 0.0,
  "training_gpu_0_memory_MB": 943.9697265625,
  "validation_accuracy": 0.9783302830886648,
  "validation_accuracy3": 0.981737471282271,
  "validation_precision-overall": 0.9097964815453604,
  "validation_recall-overall": 0.8877482329182094,
  "validation_f1-measure-overall": 0.8986371379897286,
  "validation_loss": 7.802552933326134,
  "best_validation_accuracy": 0.9783302830886648,
  "best_validation_accuracy3": 0.981737471282271,
  "best_validation_precision-overall": 0.9097964815453604,
  "best_validation_recall-overall": 0.8877482329182094,
  "best_validation_f1-measure-overall": 0.8986371379897286,
  "best_validation_loss": 7.802552933326134
}