{
  "best_epoch": 23,
  "peak_worker_0_memory_MB": 0,
  "peak_gpu_0_memory_MB": 943.9697265625,
  "training_duration": "0:38:26.007409",
  "training_start_epoch": 0,
  "training_epochs": 26,
  "epoch": 26,
  "training_accuracy": 0.9904970508935719,
  "training_accuracy3": 0.9917199110111432,
  "training_precision-overall": 0.9572842877869762,
  "training_recall-overall": 0.9546363675050002,
  "training_f1-measure-overall": 0.955958494023345,
  "training_loss": 2.8696670532226562,
  "training_worker_0_memory_MB": 0.0,
  "training_gpu_0_memory_MB": 943.9697265625,
  "validation_accuracy": 0.9833729216152018,
  "validation_accuracy3": 0.9861765507573692,
  "validation_precision-overall": 0.921101853426288,
  "validation_recall-overall": 0.9116459104678559,
  "validation_f1-measure-overall": 0.9163494882854952,
  "validation_loss": 7.18201611665579,
  "best_validation_accuracy": 0.984112768194385,
  "best_validation_accuracy3": 0.9868190491024493,
  "best_validation_precision-overall": 0.9308337613422359,
  "best_validation_recall-overall": 0.915011780545271,
  "best_validation_f1-measure-overall": 0.922854960536316,
  "best_validation_loss": 6.386744549824641
}