{
  "best_epoch": 23,
  "peak_worker_0_memory_MB": 0,
  "peak_gpu_0_memory_MB": 943.9697265625,
  "training_duration": "0:57:56.606078",
  "training_start_epoch": 0,
  "training_epochs": 40,
  "epoch": 40,
  "training_accuracy": 0.9936794338501431,
  "training_accuracy3": 0.9944111854867622,
  "training_precision-overall": 0.9711046709853393,
  "training_recall-overall": 0.9696582833312056,
  "training_f1-measure-overall": 0.9703809381853301,
  "training_loss": 1.7574788565313264,
  "training_worker_0_memory_MB": 0.0,
  "training_gpu_0_memory_MB": 943.9697265625,
  "validation_accuracy": 0.9829445893851485,
  "validation_accuracy3": 0.986040263229625,
  "validation_precision-overall": 0.9232084829827262,
  "validation_recall-overall": 0.9084483338943117,
  "validation_f1-measure-overall": 0.915768937144746,
  "validation_loss": 7.388336115617019,
  "best_validation_accuracy": 0.984112768194385,
  "best_validation_accuracy3": 0.9868190491024493,
  "best_validation_precision-overall": 0.9308337613422359,
  "best_validation_recall-overall": 0.915011780545271,
  "best_validation_f1-measure-overall": 0.922854960536316,
  "best_validation_loss": 6.386744549824641
}