{
  "best_epoch": 42,
  "peak_worker_0_memory_MB": 0,
  "peak_gpu_0_memory_MB": 943.9697265625,
  "training_duration": "1:34:16.325478",
  "training_start_epoch": 0,
  "training_epochs": 66,
  "epoch": 66,
  "training_accuracy": 0.9961153319156668,
  "training_accuracy3": 0.996567151718143,
  "training_precision-overall": 0.9818112114499915,
  "training_recall-overall": 0.9808502489467636,
  "training_f1-measure-overall": 0.9813304949440692,
  "training_loss": 1.105722796280613,
  "training_worker_0_memory_MB": 0.0,
  "training_gpu_0_memory_MB": 943.9697265625,
  "validation_accuracy": 0.9838207234920758,
  "validation_accuracy3": 0.9866048829874227,
  "validation_precision-overall": 0.9254138931558287,
  "validation_recall-overall": 0.9124873779872097,
  "validation_f1-measure-overall": 0.9189051775272783,
  "validation_loss": 8.214328288298386,
  "best_validation_accuracy": 0.9841517074880262,
  "best_validation_accuracy3": 0.9867606401619875,
  "best_validation_precision-overall": 0.9344206008583691,
  "best_validation_recall-overall": 0.9160215415684955,
  "best_validation_f1-measure-overall": 0.925129599728003,
  "best_validation_loss": 6.843477672430185
}