{
  "best_epoch": 23,
  "peak_worker_0_memory_MB": 0,
  "peak_gpu_0_memory_MB": 943.9697265625,
  "training_duration": "0:45:24.291184",
  "training_start_epoch": 0,
  "training_epochs": 31,
  "epoch": 31,
  "training_accuracy": 0.9916462447390004,
  "training_accuracy3": 0.9927807053300003,
  "training_precision-overall": 0.961730449251248,
  "training_recall-overall": 0.9592748627601174,
  "training_f1-measure-overall": 0.9605010865396407,
  "training_loss": 2.407631304934356,
  "training_worker_0_memory_MB": 0.0,
  "training_gpu_0_memory_MB": 943.9697265625,
  "validation_accuracy": 0.9839764806666407,
  "validation_accuracy3": 0.9872668509793232,
  "validation_precision-overall": 0.9252687254734687,
  "validation_recall-overall": 0.9126556714910804,
  "validation_f1-measure-overall": 0.9189189189188689,
  "validation_loss": 6.814789329675528,
  "best_validation_accuracy": 0.984112768194385,
  "best_validation_accuracy3": 0.9868190491024493,
  "best_validation_precision-overall": 0.9308337613422359,
  "best_validation_recall-overall": 0.915011780545271,
  "best_validation_f1-measure-overall": 0.922854960536316,
  "best_validation_loss": 6.386744549824641
}