{
  "best_epoch": 16,
  "peak_worker_0_memory_MB": 0,
  "peak_gpu_0_memory_MB": 943.9697265625,
  "training_duration": "0:28:33.047077",
  "training_start_epoch": 0,
  "training_epochs": 19,
  "epoch": 19,
  "training_accuracy": 0.9878843537749054,
  "training_accuracy3": 0.9894411676595243,
  "training_precision-overall": 0.946069430804048,
  "training_recall-overall": 0.9428486318566748,
  "training_f1-measure-overall": 0.9444562854341119,
  "training_loss": 3.7019475159695987,
  "training_worker_0_memory_MB": 0.0,
  "training_gpu_0_memory_MB": 943.9697265625,
  "validation_accuracy": 0.9826330750360188,
  "validation_accuracy3": 0.9858260971145983,
  "validation_precision-overall": 0.9179357021996616,
  "validation_recall-overall": 0.9129922584988219,
  "validation_f1-measure-overall": 0.9154573067836153,
  "validation_loss": 6.773799258745633,
  "best_validation_accuracy": 0.982925119738328,
  "best_validation_accuracy3": 0.9856898095868541,
  "best_validation_precision-overall": 0.9216754639877405,
  "best_validation_recall-overall": 0.910972736452373,
  "best_validation_f1-measure-overall": 0.9162928480744317,
  "best_validation_loss": 6.660204776617197
}