{
  "best_epoch": 42,
  "peak_worker_0_memory_MB": 0,
  "peak_gpu_0_memory_MB": 943.9697265625,
  "training_duration": "1:03:30.915686",
  "training_start_epoch": 0,
  "training_epochs": 44,
  "epoch": 44,
  "training_accuracy": 0.9938414996488575,
  "training_accuracy3": 0.9945486958614288,
  "training_precision-overall": 0.9726296043656207,
  "training_recall-overall": 0.9708498233967403,
  "training_f1-measure-overall": 0.9717388989457492,
  "training_loss": 1.7500270989441786,
  "training_worker_0_memory_MB": 0.0,
  "training_gpu_0_memory_MB": 943.9697265625,
  "validation_accuracy": 0.9840738289007437,
  "validation_accuracy3": 0.9871110938047584,
  "validation_precision-overall": 0.9322791337229288,
  "validation_recall-overall": 0.9128239649949512,
  "validation_f1-measure-overall": 0.9224489795917867,
  "validation_loss": 7.502953294607309,
  "best_validation_accuracy": 0.9841517074880262,
  "best_validation_accuracy3": 0.9867606401619875,
  "best_validation_precision-overall": 0.9344206008583691,
  "best_validation_recall-overall": 0.9160215415684955,
  "best_validation_f1-measure-overall": 0.925129599728003,
  "best_validation_loss": 6.843477672430185
}