{
  "best_epoch": 16,
  "peak_worker_0_memory_MB": 0,
  "peak_gpu_0_memory_MB": 943.9697265625,
  "training_duration": "0:24:15.949240",
  "training_start_epoch": 0,
  "training_epochs": 16,
  "epoch": 16,
  "training_accuracy": 0.9864699613497625,
  "training_accuracy3": 0.9882625073052387,
  "training_precision-overall": 0.9394845933586905,
  "training_recall-overall": 0.9354866164517639,
  "training_f1-measure-overall": 0.9374813424879027,
  "training_loss": 4.039522252133732,
  "training_worker_0_memory_MB": 0.0,
  "training_gpu_0_memory_MB": 943.9697265625,
  "validation_accuracy": 0.982925119738328,
  "validation_accuracy3": 0.9856898095868541,
  "validation_precision-overall": 0.9216754639877405,
  "validation_recall-overall": 0.910972736452373,
  "validation_f1-measure-overall": 0.9162928480744317,
  "validation_loss": 6.660204776617197,
  "best_validation_accuracy": 0.982925119738328,
  "best_validation_accuracy3": 0.9856898095868541,
  "best_validation_precision-overall": 0.9216754639877405,
  "best_validation_recall-overall": 0.910972736452373,
  "best_validation_f1-measure-overall": 0.9162928480744317,
  "best_validation_loss": 6.660204776617197
}