{
  "best_epoch": 4,
  "peak_worker_0_memory_MB": 0,
  "peak_gpu_0_memory_MB": 943.9697265625,
  "training_duration": "0:08:30.730340",
  "training_start_epoch": 0,
  "training_epochs": 5,
  "epoch": 5,
  "training_accuracy": 0.9759700620270011,
  "training_accuracy3": 0.9794127324784772,
  "training_precision-overall": 0.8934097668203956,
  "training_recall-overall": 0.8820800885144049,
  "training_f1-measure-overall": 0.8877087794432048,
  "training_loss": 7.936144797572886,
  "training_worker_0_memory_MB": 0.0,
  "training_gpu_0_memory_MB": 943.9697265625,
  "validation_accuracy": 0.9773178614539932,
  "validation_accuracy3": 0.9803745960048285,
  "validation_precision-overall": 0.8980044345898004,
  "validation_recall-overall": 0.8860652978795018,
  "validation_f1-measure-overall": 0.891994917407828,
  "validation_loss": 8.11905309677124,
  "best_validation_accuracy": 0.9777851329776878,
  "best_validation_accuracy3": 0.98074451929442,
  "best_validation_precision-overall": 0.901580826109128,
  "best_validation_recall-overall": 0.8926287445304611,
  "best_validation_f1-measure-overall": 0.8970824524312396,
  "best_validation_loss": 7.932888396336482
}