{
  "best_epoch": 23,
  "peak_worker_0_memory_MB": 0,
  "peak_gpu_0_memory_MB": 943.9697265625,
  "training_duration": "0:39:49.720144",
  "training_start_epoch": 0,
  "training_epochs": 27,
  "epoch": 27,
  "training_accuracy": 0.9906885832011433,
  "training_accuracy3": 0.9919409098275718,
  "training_precision-overall": 0.9579867775645127,
  "training_recall-overall": 0.9557853525681944,
  "training_f1-measure-overall": 0.9568847989092889,
  "training_loss": 2.7791839097318274,
  "training_worker_0_memory_MB": 0.0,
  "training_gpu_0_memory_MB": 943.9697265625,
  "validation_accuracy": 0.9831976947938165,
  "validation_accuracy3": 0.9862933686382929,
  "validation_precision-overall": 0.9223814397816444,
  "validation_recall-overall": 0.9099629754291484,
  "validation_f1-measure-overall": 0.9161301253811768,
  "validation_loss": 6.746165117117075,
  "best_validation_accuracy": 0.984112768194385,
  "best_validation_accuracy3": 0.9868190491024493,
  "best_validation_precision-overall": 0.9308337613422359,
  "best_validation_recall-overall": 0.915011780545271,
  "best_validation_f1-measure-overall": 0.922854960536316,
  "best_validation_loss": 6.386744549824641
}