{
  "best_epoch": 0,
  "peak_worker_0_memory_MB": 0,
  "peak_gpu_0_memory_MB": 14.48583984375,
  "training_duration": "0:01:26.074956",
  "training_start_epoch": 0,
  "training_epochs": 0,
  "epoch": 0,
  "training_accuracy": 0.9144489026180993,
  "training_accuracy3": 0.9237554083321465,
  "training_precision-overall": 0.6759123373446825,
  "training_recall-overall": 0.5879824673390357,
  "training_f1-measure-overall": 0.6288887371702468,
  "training_loss": 40.92187697522581,
  "training_worker_0_memory_MB": 0.0,
  "training_gpu_0_memory_MB": 14.48583984375,
  "validation_accuracy": 0.957283594875589,
  "validation_accuracy3": 0.9625793388107939,
  "validation_precision-overall": 0.7977303070761015,
  "validation_recall-overall": 0.8044429485021878,
  "validation_f1-measure-overall": 0.8010725657783981,
  "validation_loss": 17.196987812335674,
  "best_validation_accuracy": 0.957283594875589,
  "best_validation_accuracy3": 0.9625793388107939,
  "best_validation_precision-overall": 0.7977303070761015,
  "best_validation_recall-overall": 0.8044429485021878,
  "best_validation_f1-measure-overall": 0.8010725657783981,
  "best_validation_loss": 17.196987812335674
}