{
  "best_epoch": 42,
  "peak_worker_0_memory_MB": 0,
  "peak_gpu_0_memory_MB": 943.9697265625,
  "training_duration": "1:27:16.773217",
  "training_start_epoch": 0,
  "training_epochs": 61,
  "epoch": 61,
  "training_accuracy": 0.9958501333359526,
  "training_accuracy3": 0.9963805304953811,
  "training_precision-overall": 0.9802418668029297,
  "training_recall-overall": 0.9796161538788885,
  "training_f1-measure-overall": 0.9799289104569238,
  "training_loss": 1.210249090364395,
  "training_worker_0_memory_MB": 0.0,
  "training_gpu_0_memory_MB": 943.9697265625,
  "validation_accuracy": 0.9830029983256103,
  "validation_accuracy3": 0.986234959697831,
  "validation_precision-overall": 0.9253012048192771,
  "validation_recall-overall": 0.9047458768091552,
  "validation_f1-measure-overall": 0.9149081007487587,
  "validation_loss": 9.014266766768236,
  "best_validation_accuracy": 0.9841517074880262,
  "best_validation_accuracy3": 0.9867606401619875,
  "best_validation_precision-overall": 0.9344206008583691,
  "best_validation_recall-overall": 0.9160215415684955,
  "best_validation_f1-measure-overall": 0.925129599728003,
  "best_validation_loss": 6.843477672430185
}