{
  "best_epoch": 23,
  "peak_worker_0_memory_MB": 0,
  "peak_gpu_0_memory_MB": 943.9697265625,
  "training_duration": "0:41:13.196003",
  "training_start_epoch": 0,
  "training_epochs": 28,
  "epoch": 28,
  "training_accuracy": 0.9909341374416195,
  "training_accuracy3": 0.9920145760997147,
  "training_precision-overall": 0.9583901773533424,
  "training_recall-overall": 0.9566364526150049,
  "training_f1-measure-overall": 0.9575125119795048,
  "training_loss": 2.6534960380228387,
  "training_worker_0_memory_MB": 0.0,
  "training_gpu_0_memory_MB": 943.9697265625,
  "validation_accuracy": 0.9830419376192516,
  "validation_accuracy3": 0.9861960204041899,
  "validation_precision-overall": 0.924909994856849,
  "validation_recall-overall": 0.9079434533826994,
  "validation_f1-measure-overall": 0.9163481953290371,
  "validation_loss": 7.252579138095562,
  "best_validation_accuracy": 0.984112768194385,
  "best_validation_accuracy3": 0.9868190491024493,
  "best_validation_precision-overall": 0.9308337613422359,
  "best_validation_recall-overall": 0.915011780545271,
  "best_validation_f1-measure-overall": 0.922854960536316,
  "best_validation_loss": 6.386744549824641
}