{
  "best_epoch": 42,
  "peak_worker_0_memory_MB": 0,
  "peak_gpu_0_memory_MB": 943.9697265625,
  "training_duration": "1:06:18.788433",
  "training_start_epoch": 0,
  "training_epochs": 46,
  "epoch": 46,
  "training_accuracy": 0.9941754534159051,
  "training_accuracy3": 0.9948531831196193,
  "training_precision-overall": 0.9739512278308322,
  "training_recall-overall": 0.9721690284692965,
  "training_f1-measure-overall": 0.9730593121072868,
  "training_loss": 1.659954228859355,
  "training_worker_0_memory_MB": 0.0,
  "training_gpu_0_memory_MB": 943.9697265625,
  "validation_accuracy": 0.9837039056111522,
  "validation_accuracy3": 0.986877458042911,
  "validation_precision-overall": 0.9233395936486256,
  "validation_recall-overall": 0.9101312689330192,
  "validation_f1-measure-overall": 0.9166878549029079,
  "validation_loss": 7.812454690199632,
  "best_validation_accuracy": 0.9841517074880262,
  "best_validation_accuracy3": 0.9867606401619875,
  "best_validation_precision-overall": 0.9344206008583691,
  "best_validation_recall-overall": 0.9160215415684955,
  "best_validation_f1-measure-overall": 0.925129599728003,
  "best_validation_loss": 6.843477672430185
}