{
  "best_epoch": 17,
  "peak_worker_0_memory_MB": 0,
  "peak_gpu_0_memory_MB": 20.74609375,
  "training_duration": "0:34:08.473737",
  "training_start_epoch": 0,
  "training_epochs": 27,
  "epoch": 27,
  "training_accuracy": 0.9822022286502866,
  "training_accuracy3": 0.9841421071500484,
  "training_precision-overall": 0.9308008917852856,
  "training_recall-overall": 0.9238691008128005,
  "training_f1-measure-overall": 0.9273220425858586,
  "training_loss": 17.508383475023415,
  "training_worker_0_memory_MB": 0.0,
  "training_gpu_0_memory_MB": 20.74609375,
  "validation_accuracy": 0.9499630076710408,
  "validation_accuracy3": 0.9546162532611658,
  "validation_precision-overall": 0.8871032543190036,
  "validation_recall-overall": 0.7431841130932346,
  "validation_f1-measure-overall": 0.8087912087911593,
  "validation_loss": 68.95500771204631,
  "best_validation_accuracy": 0.9493983879132433,
  "best_validation_accuracy3": 0.9538374673883415,
  "best_validation_precision-overall": 0.8818834796488427,
  "best_validation_recall-overall": 0.7438572871087176,
  "best_validation_f1-measure-overall": 0.8070111374839745,
  "best_validation_loss": 67.91284263835234
}