{
  "best_epoch": 17,
  "peak_worker_0_memory_MB": 0,
  "peak_gpu_0_memory_MB": 20.74609375,
  "training_duration": "1:10:41.659708",
  "training_start_epoch": 0,
  "training_epochs": 57,
  "epoch": 57,
  "training_accuracy": 0.9846479488854293,
  "training_accuracy3": 0.9863766507383817,
  "training_precision-overall": 0.9401474875664552,
  "training_recall-overall": 0.933146091323035,
  "training_f1-measure-overall": 0.9366337056574261,
  "training_loss": 14.534230504872315,
  "training_worker_0_memory_MB": 0.0,
  "training_gpu_0_memory_MB": 20.74609375,
  "validation_accuracy": 0.9496320236750906,
  "validation_accuracy3": 0.9542463299715743,
  "validation_precision-overall": 0.8869477911646586,
  "validation_recall-overall": 0.7433524065971053,
  "validation_f1-measure-overall": 0.8088262223035578,
  "validation_loss": 74.15390323190128,
  "best_validation_accuracy": 0.9493983879132433,
  "best_validation_accuracy3": 0.9538374673883415,
  "best_validation_precision-overall": 0.8818834796488427,
  "best_validation_recall-overall": 0.7438572871087176,
  "best_validation_f1-measure-overall": 0.8070111374839745,
  "best_validation_loss": 67.91284263835234
}