{
  "best_epoch": 17,
  "peak_worker_0_memory_MB": 0,
  "peak_gpu_0_memory_MB": 20.74609375,
  "training_duration": "0:39:00.645647",
  "training_start_epoch": 0,
  "training_epochs": 31,
  "epoch": 31,
  "training_accuracy": 0.9827719144881913,
  "training_accuracy3": 0.9847559927512388,
  "training_precision-overall": 0.9336452208249281,
  "training_recall-overall": 0.9256989659134431,
  "training_f1-measure-overall": 0.9296551134663374,
  "training_loss": 17.12756734122448,
  "training_worker_0_memory_MB": 0.0,
  "training_gpu_0_memory_MB": 20.74609375,
  "validation_accuracy": 0.9484443752190336,
  "validation_accuracy3": 0.9529613332814143,
  "validation_precision-overall": 0.8812675491375852,
  "validation_recall-overall": 0.7394816560080781,
  "validation_f1-measure-overall": 0.8041727672034644,
  "validation_loss": 68.73629613016166,
  "best_validation_accuracy": 0.9493983879132433,
  "best_validation_accuracy3": 0.9538374673883415,
  "best_validation_precision-overall": 0.8818834796488427,
  "best_validation_recall-overall": 0.7438572871087176,
  "best_validation_f1-measure-overall": 0.8070111374839745,
  "best_validation_loss": 67.91284263835234
}