{
  "best_epoch": 17,
  "peak_worker_0_memory_MB": 0,
  "peak_gpu_0_memory_MB": 20.74609375,
  "training_duration": "1:43:35.346337",
  "training_start_epoch": 0,
  "training_epochs": 84,
  "epoch": 84,
  "training_accuracy": 0.9860721634801911,
  "training_accuracy3": 0.9877468434002387,
  "training_precision-overall": 0.9448778396913845,
  "training_recall-overall": 0.938082471594536,
  "training_f1-measure-overall": 0.9414678938264252,
  "training_loss": 13.078618587285348,
  "training_worker_0_memory_MB": 0.0,
  "training_gpu_0_memory_MB": 20.74609375,
  "validation_accuracy": 0.9488921770959075,
  "validation_accuracy3": 0.9535843619796737,
  "validation_precision-overall": 0.8990957665433621,
  "validation_recall-overall": 0.7362840794345338,
  "validation_f1-measure-overall": 0.8095854922279297,
  "validation_loss": 83.94556585947673,
  "best_validation_accuracy": 0.9493983879132433,
  "best_validation_accuracy3": 0.9538374673883415,
  "best_validation_precision-overall": 0.8818834796488427,
  "best_validation_recall-overall": 0.7438572871087176,
  "best_validation_f1-measure-overall": 0.8070111374839745,
  "best_validation_loss": 67.91284263835234
}