{
  "best_epoch": 17,
  "peak_worker_0_memory_MB": 0,
  "peak_gpu_0_memory_MB": 20.74609375,
  "training_duration": "1:47:14.293525",
  "training_start_epoch": 0,
  "training_epochs": 87,
  "epoch": 87,
  "training_accuracy": 0.9863913839928101,
  "training_accuracy3": 0.9880906193369053,
  "training_precision-overall": 0.9459401617942901,
  "training_recall-overall": 0.9404655517256053,
  "training_f1-measure-overall": 0.9431949127224116,
  "training_loss": 12.917402042614844,
  "training_worker_0_memory_MB": 0.0,
  "training_gpu_0_memory_MB": 20.74609375,
  "validation_accuracy": 0.9506444453097621,
  "validation_accuracy3": 0.955102994431681,
  "validation_precision-overall": 0.8910513643659711,
  "validation_recall-overall": 0.7473914506900033,
  "validation_f1-measure-overall": 0.8129233022148507,
  "validation_loss": 77.7327249470879,
  "best_validation_accuracy": 0.9493983879132433,
  "best_validation_accuracy3": 0.9538374673883415,
  "best_validation_precision-overall": 0.8818834796488427,
  "best_validation_recall-overall": 0.7438572871087176,
  "best_validation_f1-measure-overall": 0.8070111374839745,
  "best_validation_loss": 67.91284263835234
}