{
  "best_epoch": 17,
  "peak_worker_0_memory_MB": 0,
  "peak_gpu_0_memory_MB": 20.74609375,
  "training_duration": "1:49:40.215951",
  "training_start_epoch": 0,
  "training_epochs": 89,
  "epoch": 89,
  "training_accuracy": 0.9854877443878578,
  "training_accuracy3": 0.9871918908167625,
  "training_precision-overall": 0.9430531732418524,
  "training_recall-overall": 0.9358696114728287,
  "training_f1-measure-overall": 0.9394476601379282,
  "training_loss": 13.360908772244812,
  "training_worker_0_memory_MB": 0.0,
  "training_gpu_0_memory_MB": 20.74609375,
  "validation_accuracy": 0.9497877808496554,
  "validation_accuracy3": 0.9541879210311125,
  "validation_precision-overall": 0.8875727765508934,
  "validation_recall-overall": 0.7440255806125884,
  "validation_f1-measure-overall": 0.8094845738349775,
  "validation_loss": 76.84159892213111,
  "best_validation_accuracy": 0.9493983879132433,
  "best_validation_accuracy3": 0.9538374673883415,
  "best_validation_precision-overall": 0.8818834796488427,
  "best_validation_recall-overall": 0.7438572871087176,
  "best_validation_f1-measure-overall": 0.8070111374839745,
  "best_validation_loss": 67.91284263835234
}