{
  "best_epoch": 17,
  "peak_worker_0_memory_MB": 0,
  "peak_gpu_0_memory_MB": 20.74609375,
  "training_duration": "1:22:52.777435",
  "training_start_epoch": 0,
  "training_epochs": 67,
  "epoch": 67,
  "training_accuracy": 0.9854533667941912,
  "training_accuracy3": 0.987167335392715,
  "training_precision-overall": 0.9431326333833298,
  "training_recall-overall": 0.936550491510277,
  "training_f1-measure-overall": 0.9398300380065264,
  "training_loss": 13.586621863423828,
  "training_worker_0_memory_MB": 0.0,
  "training_gpu_0_memory_MB": 20.74609375,
  "validation_accuracy": 0.9492036914450371,
  "validation_accuracy3": 0.9540321638565477,
  "validation_precision-overall": 0.8861575659883135,
  "validation_recall-overall": 0.7401548300235611,
  "validation_f1-measure-overall": 0.8066024759284236,
  "validation_loss": 75.26322396596272,
  "best_validation_accuracy": 0.9493983879132433,
  "best_validation_accuracy3": 0.9538374673883415,
  "best_validation_precision-overall": 0.8818834796488427,
  "best_validation_recall-overall": 0.7438572871087176,
  "best_validation_f1-measure-overall": 0.8070111374839745,
  "best_validation_loss": 67.91284263835234
}