{
  "best_epoch": 17,
  "peak_worker_0_memory_MB": 0,
  "peak_gpu_0_memory_MB": 20.74609375,
  "training_duration": "1:48:27.483856",
  "training_start_epoch": 0,
  "training_epochs": 88,
  "epoch": 88,
  "training_accuracy": 0.9858609868333816,
  "training_accuracy3": 0.9875356667534292,
  "training_precision-overall": 0.9427776588915043,
  "training_recall-overall": 0.9374015915570876,
  "training_f1-measure-overall": 0.9400819392283557,
  "training_loss": 13.097225567202905,
  "training_worker_0_memory_MB": 0.0,
  "training_gpu_0_memory_MB": 20.74609375,
  "validation_accuracy": 0.949709902262373,
  "validation_accuracy3": 0.9540321638565477,
  "validation_precision-overall": 0.8890010090817356,
  "validation_recall-overall": 0.7413328845506564,
  "validation_f1-measure-overall": 0.8084793979993999,
  "validation_loss": 78.02114630680458,
  "best_validation_accuracy": 0.9493983879132433,
  "best_validation_accuracy3": 0.9538374673883415,
  "best_validation_precision-overall": 0.8818834796488427,
  "best_validation_recall-overall": 0.7438572871087176,
  "best_validation_f1-measure-overall": 0.8070111374839745,
  "best_validation_loss": 67.91284263835234
}