{
  "best_epoch": 17,
  "peak_worker_0_memory_MB": 0,
  "peak_gpu_0_memory_MB": 20.74609375,
  "training_duration": "1:51:42.493322",
  "training_start_epoch": 0,
  "training_epochs": 91,
  "epoch": 91,
  "training_accuracy": 0.9861163632434768,
  "training_accuracy3": 0.9877468434002387,
  "training_precision-overall": 0.9454568843531581,
  "training_recall-overall": 0.9382952466062385,
  "training_f1-measure-overall": 0.9418624519435639,
  "training_loss": 12.797259241681978,
  "training_worker_0_memory_MB": 0.0,
  "training_gpu_0_memory_MB": 20.74609375,
  "validation_accuracy": 0.9500408862583233,
  "validation_accuracy3": 0.9545189050270628,
  "validation_precision-overall": 0.8938841636289996,
  "validation_recall-overall": 0.7428475260854931,
  "validation_f1-measure-overall": 0.8113970588234799,
  "validation_loss": 79.24612322040633,
  "best_validation_accuracy": 0.9493983879132433,
  "best_validation_accuracy3": 0.9538374673883415,
  "best_validation_precision-overall": 0.8818834796488427,
  "best_validation_recall-overall": 0.7438572871087176,
  "best_validation_f1-measure-overall": 0.8070111374839745,
  "best_validation_loss": 67.91284263835234
}