{
  "best_epoch": 17,
  "peak_worker_0_memory_MB": 0,
  "peak_gpu_0_memory_MB": 20.74609375,
  "training_duration": "1:18:00.818472",
  "training_start_epoch": 0,
  "training_epochs": 63,
  "epoch": 63,
  "training_accuracy": 0.9852323679777626,
  "training_accuracy3": 0.9870494693572863,
  "training_precision-overall": 0.9415776605327499,
  "training_recall-overall": 0.9341248563768672,
  "training_f1-measure-overall": 0.9378364521916958,
  "training_loss": 14.11890529011268,
  "training_worker_0_memory_MB": 0.0,
  "training_gpu_0_memory_MB": 20.74609375,
  "validation_accuracy": 0.9497683112028348,
  "validation_accuracy3": 0.9539932245629065,
  "validation_precision-overall": 0.8893574297188755,
  "validation_recall-overall": 0.7453719286435544,
  "validation_f1-measure-overall": 0.8110236220471945,
  "validation_loss": 74.65078572665944,
  "best_validation_accuracy": 0.9493983879132433,
  "best_validation_accuracy3": 0.9538374673883415,
  "best_validation_precision-overall": 0.8818834796488427,
  "best_validation_recall-overall": 0.7438572871087176,
  "best_validation_f1-measure-overall": 0.8070111374839745,
  "best_validation_loss": 67.91284263835234
}