{
  "best_epoch": 17,
  "peak_worker_0_memory_MB": 0,
  "peak_gpu_0_memory_MB": 20.74609375,
  "training_duration": "1:09:28.570861",
  "training_start_epoch": 0,
  "training_epochs": 56,
  "epoch": 56,
  "training_accuracy": 0.9847510816664293,
  "training_accuracy3": 0.9866025606396197,
  "training_precision-overall": 0.9402434842249657,
  "training_recall-overall": 0.9334014213370782,
  "training_f1-measure-overall": 0.936809960065724,
  "training_loss": 14.575005973390132,
  "training_worker_0_memory_MB": 0.0,
  "training_gpu_0_memory_MB": 20.74609375,
  "validation_accuracy": 0.9504302791947354,
  "validation_accuracy3": 0.955102994431681,
  "validation_precision-overall": 0.9000407996736026,
  "validation_recall-overall": 0.7425109390777516,
  "validation_f1-measure-overall": 0.8137218738472393,
  "validation_loss": 78.8038600846833,
  "best_validation_accuracy": 0.9493983879132433,
  "best_validation_accuracy3": 0.9538374673883415,
  "best_validation_precision-overall": 0.8818834796488427,
  "best_validation_recall-overall": 0.7438572871087176,
  "best_validation_f1-measure-overall": 0.8070111374839745,
  "best_validation_loss": 67.91284263835234
}