{
  "best_epoch": 17,
  "peak_worker_0_memory_MB": 0,
  "peak_gpu_0_memory_MB": 20.74609375,
  "training_duration": "1:20:26.510341",
  "training_start_epoch": 0,
  "training_epochs": 65,
  "epoch": 65,
  "training_accuracy": 0.9857578540523816,
  "training_accuracy3": 0.9873588677002864,
  "training_precision-overall": 0.9426552462526766,
  "training_recall-overall": 0.9366781565172986,
  "training_f1-measure-overall": 0.9396571965249559,
  "training_loss": 13.624994848203551,
  "training_worker_0_memory_MB": 0.0,
  "training_gpu_0_memory_MB": 20.74609375,
  "validation_accuracy": 0.951092247186636,
  "validation_accuracy3": 0.9559012499513259,
  "validation_precision-overall": 0.8969844161100992,
  "validation_recall-overall": 0.7458768091551666,
  "validation_f1-measure-overall": 0.8144813011117762,
  "validation_loss": 76.28867310168697,
  "best_validation_accuracy": 0.9493983879132433,
  "best_validation_accuracy3": 0.9538374673883415,
  "best_validation_precision-overall": 0.8818834796488427,
  "best_validation_recall-overall": 0.7438572871087176,
  "best_validation_f1-measure-overall": 0.8070111374839745,
  "best_validation_loss": 67.91284263835234
}