{
  "best_epoch": 17,
  "peak_worker_0_memory_MB": 0,
  "peak_gpu_0_memory_MB": 20.74609375,
  "training_duration": "1:14:21.035550",
  "training_start_epoch": 0,
  "training_epochs": 60,
  "epoch": 60,
  "training_accuracy": 0.9849966359069054,
  "training_accuracy3": 0.9867597153535245,
  "training_precision-overall": 0.9414109377678724,
  "training_recall-overall": 0.9347206264096345,
  "training_f1-measure-overall": 0.9380538532168362,
  "training_loss": 14.097482712773907,
  "training_worker_0_memory_MB": 0.0,
  "training_gpu_0_memory_MB": 20.74609375,
  "validation_accuracy": 0.9501577041392469,
  "validation_accuracy3": 0.9547914800825513,
  "validation_precision-overall": 0.8970349309504468,
  "validation_recall-overall": 0.7433524065971053,
  "validation_f1-measure-overall": 0.8129946622491683,
  "validation_loss": 78.00506467445224,
  "best_validation_accuracy": 0.9493983879132433,
  "best_validation_accuracy3": 0.9538374673883415,
  "best_validation_precision-overall": 0.8818834796488427,
  "best_validation_recall-overall": 0.7438572871087176,
  "best_validation_f1-measure-overall": 0.8070111374839745,
  "best_validation_loss": 67.91284263835234
}