{
  "best_epoch": 17,
  "peak_worker_0_memory_MB": 0,
  "peak_gpu_0_memory_MB": 20.74609375,
  "training_duration": "1:32:37.580692",
  "training_start_epoch": 0,
  "training_epochs": 75,
  "epoch": 75,
  "training_accuracy": 0.985423900285334,
  "training_accuracy3": 0.987103491290191,
  "training_precision-overall": 0.9434737923946557,
  "training_recall-overall": 0.9375718115664496,
  "training_f1-measure-overall": 0.9405135429339322,
  "training_loss": 13.581378772752975,
  "training_worker_0_memory_MB": 0.0,
  "training_gpu_0_memory_MB": 20.74609375,
  "validation_accuracy": 0.9507807328375063,
  "validation_accuracy3": 0.955550796308555,
  "validation_precision-overall": 0.8958837772397095,
  "validation_recall-overall": 0.7472231571861326,
  "validation_f1-measure-overall": 0.8148284088823142,
  "validation_loss": 76.77304974724265,
  "best_validation_accuracy": 0.9493983879132433,
  "best_validation_accuracy3": 0.9538374673883415,
  "best_validation_precision-overall": 0.8818834796488427,
  "best_validation_recall-overall": 0.7438572871087176,
  "best_validation_f1-measure-overall": 0.8070111374839745,
  "best_validation_loss": 67.91284263835234
}