{
  "best_epoch": 0,
  "peak_worker_0_memory_MB": 0,
  "peak_gpu_0_memory_MB": 8.025390625,
  "training_duration": "0:01:13.465995",
  "training_start_epoch": 0,
  "training_epochs": 0,
  "epoch": 0,
  "training_accuracy": 0.8672631997681968,
  "training_accuracy3": 0.8828951827169104,
  "training_precision-overall": 0.5268098325229605,
  "training_recall-overall": 0.3319715732584365,
  "training_f1-measure-overall": 0.407288485133218,
  "training_loss": 192.47621309458532,
  "training_worker_0_memory_MB": 0.0,
  "training_gpu_0_memory_MB": 8.025390625,
  "validation_accuracy": 0.9129122697714264,
  "validation_accuracy3": 0.9214594447256726,
  "validation_precision-overall": 0.723014690227805,
  "validation_recall-overall": 0.571524739145069,
  "validation_f1-measure-overall": 0.6384058652128466,
  "validation_loss": 112.52053354300705,
  "best_validation_accuracy": 0.9129122697714264,
  "best_validation_accuracy3": 0.9214594447256726,
  "best_validation_precision-overall": 0.723014690227805,
  "best_validation_recall-overall": 0.571524739145069,
  "best_validation_f1-measure-overall": 0.6384058652128466,
  "best_validation_loss": 112.52053354300705
}