{
  "best_epoch": 17,
  "peak_worker_0_memory_MB": 0,
  "peak_gpu_0_memory_MB": 20.74609375,
  "training_duration": "1:16:47.603351",
  "training_start_epoch": 0,
  "training_epochs": 62,
  "epoch": 62,
  "training_accuracy": 0.9843876613905246,
  "training_accuracy3": 0.9861065410738578,
  "training_precision-overall": 0.9392355159410353,
  "training_recall-overall": 0.9327205412996298,
  "training_f1-measure-overall": 0.9359666915767623,
  "training_loss": 14.614949131880914,
  "training_worker_0_memory_MB": 0.0,
  "training_gpu_0_memory_MB": 20.74609375,
  "validation_accuracy": 0.9500019469646821,
  "validation_accuracy3": 0.9544994353802422,
  "validation_precision-overall": 0.891690197660347,
  "validation_recall-overall": 0.7440255806125884,
  "validation_f1-measure-overall": 0.8111926605504092,
  "validation_loss": 74.4458210328046,
  "best_validation_accuracy": 0.9493983879132433,
  "best_validation_accuracy3": 0.9538374673883415,
  "best_validation_precision-overall": 0.8818834796488427,
  "best_validation_recall-overall": 0.7438572871087176,
  "best_validation_f1-measure-overall": 0.8070111374839745,
  "best_validation_loss": 67.91284263835234
}