{
  "best_epoch": 17,
  "peak_worker_0_memory_MB": 0,
  "peak_gpu_0_memory_MB": 20.74609375,
  "training_duration": "0:48:45.125633",
  "training_start_epoch": 0,
  "training_epochs": 39,
  "epoch": 39,
  "training_accuracy": 0.9839014639943817,
  "training_accuracy3": 0.985733298628334,
  "training_precision-overall": 0.9376044568245125,
  "training_recall-overall": 0.9310608962083493,
  "training_f1-measure-overall": 0.9343212196267169,
  "training_loss": 15.574795359087968,
  "training_worker_0_memory_MB": 0.0,
  "training_gpu_0_memory_MB": 20.74609375,
  "validation_accuracy": 0.9493205093259608,
  "validation_accuracy3": 0.9542852692652155,
  "validation_precision-overall": 0.887790110998991,
  "validation_recall-overall": 0.7403231235274318,
  "validation_f1-measure-overall": 0.8073781774799909,
  "validation_loss": 73.45686048619888,
  "best_validation_accuracy": 0.9493983879132433,
  "best_validation_accuracy3": 0.9538374673883415,
  "best_validation_precision-overall": 0.8818834796488427,
  "best_validation_recall-overall": 0.7438572871087176,
  "best_validation_f1-measure-overall": 0.8070111374839745,
  "best_validation_loss": 67.91284263835234
}