{
  "best_epoch": 17,
  "peak_worker_0_memory_MB": 0,
  "peak_gpu_0_memory_MB": 20.74609375,
  "training_duration": "1:28:57.899461",
  "training_start_epoch": 0,
  "training_epochs": 72,
  "epoch": 72,
  "training_accuracy": 0.9852421901473817,
  "training_accuracy3": 0.9870298250180483,
  "training_precision-overall": 0.9427273116988897,
  "training_recall-overall": 0.9358270564704881,
  "training_f1-measure-overall": 0.9392645111689587,
  "training_loss": 13.897950345128436,
  "training_worker_0_memory_MB": 0.0,
  "training_gpu_0_memory_MB": 20.74609375,
  "validation_accuracy": 0.9499630076710408,
  "validation_accuracy3": 0.954363147852498,
  "validation_precision-overall": 0.8932550131658902,
  "validation_recall-overall": 0.7421743520700101,
  "validation_f1-measure-overall": 0.8107362809081221,
  "validation_loss": 75.87856618095847,
  "best_validation_accuracy": 0.9493983879132433,
  "best_validation_accuracy3": 0.9538374673883415,
  "best_validation_precision-overall": 0.8818834796488427,
  "best_validation_recall-overall": 0.7438572871087176,
  "best_validation_f1-measure-overall": 0.8070111374839745,
  "best_validation_loss": 67.91284263835234
}