{
  "best_epoch": 17,
  "peak_worker_0_memory_MB": 0,
  "peak_gpu_0_memory_MB": 20.74609375,
  "training_duration": "1:15:34.524615",
  "training_start_epoch": 0,
  "training_epochs": 61,
  "epoch": 61,
  "training_accuracy": 0.9850703021790483,
  "training_accuracy3": 0.9867940929471911,
  "training_precision-overall": 0.9410025706940874,
  "training_recall-overall": 0.9346355164049533,
  "training_f1-measure-overall": 0.9378082367257554,
  "training_loss": 14.1338929912767,
  "training_worker_0_memory_MB": 0.0,
  "training_gpu_0_memory_MB": 20.74609375,
  "validation_accuracy": 0.9495541450878081,
  "validation_accuracy3": 0.953720649507418,
  "validation_precision-overall": 0.8891366031617349,
  "validation_recall-overall": 0.7383036014809828,
  "validation_f1-measure-overall": 0.8067304155939189,
  "validation_loss": 75.56954219294529,
  "best_validation_accuracy": 0.9493983879132433,
  "best_validation_accuracy3": 0.9538374673883415,
  "best_validation_precision-overall": 0.8818834796488427,
  "best_validation_recall-overall": 0.7438572871087176,
  "best_validation_f1-measure-overall": 0.8070111374839745,
  "best_validation_loss": 67.91284263835234
}