{
  "best_epoch": 3,
  "peak_worker_0_memory_MB": 0,
  "peak_gpu_0_memory_MB": 20.74609375,
  "training_duration": "0:04:53.413411",
  "training_start_epoch": 0,
  "training_epochs": 3,
  "epoch": 3,
  "training_accuracy": 0.9635450174589065,
  "training_accuracy3": 0.967002421164811,
  "training_precision-overall": 0.8749226553522497,
  "training_recall-overall": 0.8424188263330354,
  "training_f1-measure-overall": 0.8583631436313863,
  "training_loss": 41.77814209705605,
  "training_worker_0_memory_MB": 0.0,
  "training_gpu_0_memory_MB": 20.74609375,
  "validation_accuracy": 0.9445309762080916,
  "validation_accuracy3": 0.9497293719091936,
  "validation_precision-overall": 0.8760701182225846,
  "validation_recall-overall": 0.7233254796364861,
  "validation_f1-measure-overall": 0.7924041297934609,
  "validation_loss": 70.08605425965553,
  "best_validation_accuracy": 0.9445309762080916,
  "best_validation_accuracy3": 0.9497293719091936,
  "best_validation_precision-overall": 0.8760701182225846,
  "best_validation_recall-overall": 0.7233254796364861,
  "best_validation_f1-measure-overall": 0.7924041297934609,
  "best_validation_loss": 70.08605425965553
}