{
  "best_epoch": 17,
  "peak_worker_0_memory_MB": 0,
  "peak_gpu_0_memory_MB": 20.74609375,
  "training_duration": "1:21:39.592285",
  "training_start_epoch": 0,
  "training_epochs": 66,
  "epoch": 66,
  "training_accuracy": 0.9854288113701436,
  "training_accuracy3": 0.9871575132230959,
  "training_precision-overall": 0.9425499100334161,
  "training_recall-overall": 0.9362526064938933,
  "training_f1-measure-overall": 0.9393907047244435,
  "training_loss": 13.862708214475244,
  "training_worker_0_memory_MB": 0.0,
  "training_gpu_0_memory_MB": 20.74609375,
  "validation_accuracy": 0.9504302791947354,
  "validation_accuracy3": 0.9547720104357307,
  "validation_precision-overall": 0.8953017415957878,
  "validation_recall-overall": 0.7440255806125884,
  "validation_f1-measure-overall": 0.8126838235293622,
  "validation_loss": 77.05887102613262,
  "best_validation_accuracy": 0.9493983879132433,
  "best_validation_accuracy3": 0.9538374673883415,
  "best_validation_precision-overall": 0.8818834796488427,
  "best_validation_recall-overall": 0.7438572871087176,
  "best_validation_f1-measure-overall": 0.8070111374839745,
  "best_validation_loss": 67.91284263835234
}