{
  "best_epoch": 17,
  "peak_worker_0_memory_MB": 0,
  "peak_gpu_0_memory_MB": 20.74609375,
  "training_duration": "0:57:17.797391",
  "training_start_epoch": 0,
  "training_epochs": 46,
  "epoch": 46,
  "training_accuracy": 0.9837492203652864,
  "training_accuracy3": 0.9856154325929054,
  "training_precision-overall": 0.9369133844769211,
  "training_recall-overall": 0.9302949061662198,
  "training_f1-measure-overall": 0.9335924154423826,
  "training_loss": 15.467513083325432,
  "training_worker_0_memory_MB": 0.0,
  "training_gpu_0_memory_MB": 20.74609375,
  "validation_accuracy": 0.9492426307386784,
  "validation_accuracy3": 0.9537985280947003,
  "validation_precision-overall": 0.8869704878538446,
  "validation_recall-overall": 0.7435207001009762,
  "validation_f1-measure-overall": 0.8089352741920223,
  "validation_loss": 73.17537195542279,
  "best_validation_accuracy": 0.9493983879132433,
  "best_validation_accuracy3": 0.9538374673883415,
  "best_validation_precision-overall": 0.8818834796488427,
  "best_validation_recall-overall": 0.7438572871087176,
  "best_validation_f1-measure-overall": 0.8070111374839745,
  "best_validation_loss": 67.91284263835234
}