{
  "best_epoch": 17,
  "peak_worker_0_memory_MB": 0,
  "peak_gpu_0_memory_MB": 20.74609375,
  "training_duration": "0:40:13.615943",
  "training_start_epoch": 0,
  "training_epochs": 32,
  "epoch": 32,
  "training_accuracy": 0.9829438024565246,
  "training_accuracy3": 0.9849671693980483,
  "training_precision-overall": 0.9329103613838041,
  "training_recall-overall": 0.9260819609345079,
  "training_f1-measure-overall": 0.9294836202109439,
  "training_loss": 16.957489440544318,
  "training_worker_0_memory_MB": 0.0,
  "training_gpu_0_memory_MB": 20.74609375,
  "validation_accuracy": 0.9498267201432966,
  "validation_accuracy3": 0.954363147852498,
  "validation_precision-overall": 0.888821752265861,
  "validation_recall-overall": 0.7426792325816224,
  "validation_f1-measure-overall": 0.8092050976436655,
  "validation_loss": 72.1641918257171,
  "best_validation_accuracy": 0.9493983879132433,
  "best_validation_accuracy3": 0.9538374673883415,
  "best_validation_precision-overall": 0.8818834796488427,
  "best_validation_recall-overall": 0.7438572871087176,
  "best_validation_f1-measure-overall": 0.8070111374839745,
  "best_validation_loss": 67.91284263835234
}