{
  "best_epoch": 6,
  "peak_worker_0_memory_MB": 0,
  "peak_gpu_0_memory_MB": 20.74609375,
  "training_duration": "0:12:12.423801",
  "training_start_epoch": 0,
  "training_epochs": 9,
  "epoch": 9,
  "training_accuracy": 0.9754445759523821,
  "training_accuracy3": 0.9779934289685248,
  "training_precision-overall": 0.9106302103580839,
  "training_recall-overall": 0.8971445593429508,
  "training_f1-measure-overall": 0.9038370846730476,
  "training_loss": 25.995456177444286,
  "training_worker_0_memory_MB": 0.0,
  "training_gpu_0_memory_MB": 20.74609375,
  "validation_accuracy": 0.9487169502745221,
  "validation_accuracy3": 0.9531560297496203,
  "validation_precision-overall": 0.8844210951707415,
  "validation_recall-overall": 0.7366206664422753,
  "validation_f1-measure-overall": 0.8037829400421871,
  "validation_loss": 68.68254197812549,
  "best_validation_accuracy": 0.9487169502745221,
  "best_validation_accuracy3": 0.9535648923328531,
  "best_validation_precision-overall": 0.8832220198340417,
  "best_validation_recall-overall": 0.7344328508919555,
  "best_validation_f1-measure-overall": 0.8019847468528403,
  "best_validation_loss": 68.27270634969075
}