{
  "best_epoch": 17,
  "peak_worker_0_memory_MB": 0,
  "peak_gpu_0_memory_MB": 20.74609375,
  "training_duration": "1:58:00.015178",
  "training_start_epoch": 0,
  "training_epochs": 98,
  "epoch": 98,
  "training_accuracy": 0.9863619174839531,
  "training_accuracy3": 0.988012041979953,
  "training_precision-overall": 0.9460547159309843,
  "training_recall-overall": 0.9403378867185838,
  "training_f1-measure-overall": 0.9431876387228457,
  "training_loss": 12.441099207059127,
  "training_worker_0_memory_MB": 0.0,
  "training_gpu_0_memory_MB": 20.74609375,
  "validation_accuracy": 0.9489116467427281,
  "validation_accuracy3": 0.9534480744519295,
  "validation_precision-overall": 0.887991927346115,
  "validation_recall-overall": 0.7404914170313026,
  "validation_f1-measure-overall": 0.8075617142332256,
  "validation_loss": 76.18194488450592,
  "best_validation_accuracy": 0.9493983879132433,
  "best_validation_accuracy3": 0.9538374673883415,
  "best_validation_precision-overall": 0.8818834796488427,
  "best_validation_recall-overall": 0.7438572871087176,
  "best_validation_f1-measure-overall": 0.8070111374839745,
  "best_validation_loss": 67.91284263835234
}