{
  "best_epoch": 17,
  "peak_worker_0_memory_MB": 0,
  "peak_gpu_0_memory_MB": 20.74609375,
  "training_duration": "1:19:13.975966",
  "training_start_epoch": 0,
  "training_epochs": 64,
  "epoch": 64,
  "training_accuracy": 0.9850359245853817,
  "training_accuracy3": 0.986867759219334,
  "training_precision-overall": 0.9425962445339964,
  "training_recall-overall": 0.935656836461126,
  "training_f1-measure-overall": 0.9391137213026729,
  "training_loss": 14.064146777220358,
  "training_worker_0_memory_MB": 0.0,
  "training_gpu_0_memory_MB": 20.74609375,
  "validation_accuracy": 0.9507223238970445,
  "validation_accuracy3": 0.9553755694871695,
  "validation_precision-overall": 0.8929651279983875,
  "validation_recall-overall": 0.7455402221474251,
  "validation_f1-measure-overall": 0.8126203797119562,
  "validation_loss": 75.27407792035271,
  "best_validation_accuracy": 0.9493983879132433,
  "best_validation_accuracy3": 0.9538374673883415,
  "best_validation_precision-overall": 0.8818834796488427,
  "best_validation_recall-overall": 0.7438572871087176,
  "best_validation_f1-measure-overall": 0.8070111374839745,
  "best_validation_loss": 67.91284263835234
}