{
  "best_epoch": 17,
  "peak_worker_0_memory_MB": 0,
  "peak_gpu_0_memory_MB": 20.74609375,
  "training_duration": "0:53:38.128465",
  "training_start_epoch": 0,
  "training_epochs": 43,
  "epoch": 43,
  "training_accuracy": 0.9839653080969055,
  "training_accuracy3": 0.9857627651371912,
  "training_precision-overall": 0.937433086377457,
  "training_recall-overall": 0.9315290012340951,
  "training_f1-measure-overall": 0.9344717182496833,
  "training_loss": 15.493715573008892,
  "training_worker_0_memory_MB": 0.0,
  "training_gpu_0_memory_MB": 20.74609375,
  "validation_accuracy": 0.949807250496476,
  "validation_accuracy3": 0.9546357229079865,
  "validation_precision-overall": 0.8869635301229095,
  "validation_recall-overall": 0.7408280040390441,
  "validation_f1-measure-overall": 0.8073360843649208,
  "validation_loss": 72.19804145775589,
  "best_validation_accuracy": 0.9493983879132433,
  "best_validation_accuracy3": 0.9538374673883415,
  "best_validation_precision-overall": 0.8818834796488427,
  "best_validation_recall-overall": 0.7438572871087176,
  "best_validation_f1-measure-overall": 0.8070111374839745,
  "best_validation_loss": 67.91284263835234
}