{
  "best_epoch": 17,
  "peak_worker_0_memory_MB": 0,
  "peak_gpu_0_memory_MB": 20.74609375,
  "training_duration": "1:04:36.443640",
  "training_start_epoch": 0,
  "training_epochs": 52,
  "epoch": 52,
  "training_accuracy": 0.9850408356701912,
  "training_accuracy3": 0.9868530259649054,
  "training_precision-overall": 0.941352996656092,
  "training_recall-overall": 0.9344227413932508,
  "training_f1-measure-overall": 0.9378750667378037,
  "training_loss": 14.508930389864842,
  "training_worker_0_memory_MB": 0.0,
  "training_gpu_0_memory_MB": 20.74609375,
  "validation_accuracy": 0.9499435380242203,
  "validation_accuracy3": 0.9545967836143452,
  "validation_precision-overall": 0.8918755052546483,
  "validation_recall-overall": 0.7426792325816224,
  "validation_f1-measure-overall": 0.8104683195591791,
  "validation_loss": 75.5446351369222,
  "best_validation_accuracy": 0.9493983879132433,
  "best_validation_accuracy3": 0.9538374673883415,
  "best_validation_precision-overall": 0.8818834796488427,
  "best_validation_recall-overall": 0.7438572871087176,
  "best_validation_f1-measure-overall": 0.8070111374839745,
  "best_validation_loss": 67.91284263835234
}