{
  "best_epoch": 6,
  "peak_worker_0_memory_MB": 0,
  "peak_gpu_0_memory_MB": 20.74609375,
  "training_duration": "0:09:45.670904",
  "training_start_epoch": 0,
  "training_epochs": 7,
  "epoch": 7,
  "training_accuracy": 0.9728073234096679,
  "training_accuracy3": 0.9754642202916202,
  "training_precision-overall": 0.9029185069715078,
  "training_recall-overall": 0.88735690880463,
  "training_f1-measure-overall": 0.8950700749039057,
  "training_loss": 28.84215197313348,
  "training_worker_0_memory_MB": 0.0,
  "training_gpu_0_memory_MB": 20.74609375,
  "validation_accuracy": 0.9482302091040069,
  "validation_accuracy3": 0.9534480744519295,
  "validation_precision-overall": 0.8879080270991583,
  "validation_recall-overall": 0.7278694042409963,
  "validation_f1-measure-overall": 0.7999630074909336,
  "validation_loss": 69.65384868547028,
  "best_validation_accuracy": 0.9487169502745221,
  "best_validation_accuracy3": 0.9535648923328531,
  "best_validation_precision-overall": 0.8832220198340417,
  "best_validation_recall-overall": 0.7344328508919555,
  "best_validation_f1-measure-overall": 0.8019847468528403,
  "best_validation_loss": 68.27270634969075
}