{
  "best_epoch": 17,
  "peak_worker_0_memory_MB": 0,
  "peak_gpu_0_memory_MB": 20.74609375,
  "training_duration": "1:54:24.610534",
  "training_start_epoch": 0,
  "training_epochs": 94,
  "epoch": 94,
  "training_accuracy": 0.9862882512118102,
  "training_accuracy3": 0.987918731368572,
  "training_precision-overall": 0.9455161179698217,
  "training_recall-overall": 0.9386356866249628,
  "training_f1-measure-overall": 0.9420633395262917,
  "training_loss": 12.670793740787376,
  "training_worker_0_memory_MB": 0.0,
  "training_gpu_0_memory_MB": 20.74609375,
  "validation_accuracy": 0.950352400607453,
  "validation_accuracy3": 0.9550640551380398,
  "validation_precision-overall": 0.8916196615632555,
  "validation_recall-overall": 0.7448670481319422,
  "validation_f1-measure-overall": 0.8116633046029214,
  "validation_loss": 75.96449775321811,
  "best_validation_accuracy": 0.9493983879132433,
  "best_validation_accuracy3": 0.9538374673883415,
  "best_validation_precision-overall": 0.8818834796488427,
  "best_validation_recall-overall": 0.7438572871087176,
  "best_validation_f1-measure-overall": 0.8070111374839745,
  "best_validation_loss": 67.91284263835234
}