{
  "best_epoch": 17,
  "peak_worker_0_memory_MB": 0,
  "peak_gpu_0_memory_MB": 20.74609375,
  "training_duration": "1:05:49.567212",
  "training_start_epoch": 0,
  "training_epochs": 53,
  "epoch": 53,
  "training_accuracy": 0.9845055274259531,
  "training_accuracy3": 0.9862931622966197,
  "training_precision-overall": 0.9402786709539122,
  "training_recall-overall": 0.9333163113323971,
  "training_f1-measure-overall": 0.9367845549290462,
  "training_loss": 14.58946174369586,
  "training_worker_0_memory_MB": 0.0,
  "training_gpu_0_memory_MB": 20.74609375,
  "validation_accuracy": 0.9496709629687318,
  "validation_accuracy3": 0.9544994353802422,
  "validation_precision-overall": 0.8882175226586103,
  "validation_recall-overall": 0.7421743520700101,
  "validation_f1-measure-overall": 0.8086549922067902,
  "validation_loss": 74.41175479514926,
  "best_validation_accuracy": 0.9493983879132433,
  "best_validation_accuracy3": 0.9538374673883415,
  "best_validation_precision-overall": 0.8818834796488427,
  "best_validation_recall-overall": 0.7438572871087176,
  "best_validation_f1-measure-overall": 0.8070111374839745,
  "best_validation_loss": 67.91284263835234
}