{
  "best_epoch": 70,
  "peak_worker_0_memory_MB": 0,
  "peak_gpu_0_memory_MB": 3106.154296875,
  "training_duration": "4:58:14.799055",
  "training_start_epoch": 0,
  "training_epochs": 70,
  "epoch": 70,
  "training_accuracy": 0.9985119413027144,
  "training_accuracy3": 0.9988066063912858,
  "training_precision-overall": 0.9911444141689373,
  "training_recall-overall": 0.990680454487425,
  "training_f1-measure-overall": 0.9909123800199555,
  "training_loss": 1.218976398719163,
  "training_worker_0_memory_MB": 0.0,
  "training_gpu_0_memory_MB": 3106.154296875,
  "validation_accuracy": 0.9893111638954869,
  "validation_accuracy3": 0.9907908570538531,
  "validation_precision-overall": 0.9449479691171534,
  "validation_recall-overall": 0.9474924267923258,
  "validation_f1-measure-overall": 0.9462184873949081,
  "validation_loss": 9.727543996664194,
  "best_validation_accuracy": 0.9893111638954869,
  "best_validation_accuracy3": 0.9907908570538531,
  "best_validation_precision-overall": 0.9449479691171534,
  "best_validation_recall-overall": 0.9474924267923258,
  "best_validation_f1-measure-overall": 0.9462184873949081,
  "best_validation_loss": 9.727543996664194
}