{
  "best_epoch": 70,
  "peak_worker_0_memory_MB": 0,
  "peak_gpu_0_memory_MB": 3106.154296875,
  "training_duration": "5:06:34.580533",
  "training_start_epoch": 0,
  "training_epochs": 72,
  "epoch": 72,
  "training_accuracy": 0.9985659632356191,
  "training_accuracy3": 0.998865539409,
  "training_precision-overall": 0.9914027919645897,
  "training_recall-overall": 0.9912762245201924,
  "training_f1-measure-overall": 0.9913395042025248,
  "training_loss": 1.1275866600118074,
  "training_worker_0_memory_MB": 0.0,
  "training_gpu_0_memory_MB": 3106.154296875,
  "validation_accuracy": 0.9892916942486664,
  "validation_accuracy3": 0.9908103267006737,
  "validation_precision-overall": 0.9441743503772003,
  "validation_recall-overall": 0.9478290138000673,
  "validation_f1-measure-overall": 0.9459981523473088,
  "validation_loss": 9.778892364501953,
  "best_validation_accuracy": 0.9893111638954869,
  "best_validation_accuracy3": 0.9907908570538531,
  "best_validation_precision-overall": 0.9449479691171534,
  "best_validation_recall-overall": 0.9474924267923258,
  "best_validation_f1-measure-overall": 0.9462184873949081,
  "best_validation_loss": 9.727543996664194
}