{
  "best_epoch": 50,
  "peak_worker_0_memory_MB": 0,
  "peak_gpu_0_memory_MB": 3106.154296875,
  "training_duration": "3:34:13.667384",
  "training_start_epoch": 0,
  "training_epochs": 50,
  "epoch": 50,
  "training_accuracy": 0.9966359069054763,
  "training_accuracy3": 0.9973234587788097,
  "training_precision-overall": 0.9808577762619373,
  "training_recall-overall": 0.9790629388484616,
  "training_f1-measure-overall": 0.979959535725645,
  "training_loss": 2.6764458325409803,
  "training_worker_0_memory_MB": 0.0,
  "training_gpu_0_memory_MB": 3106.154296875,
  "validation_accuracy": 0.9885518476694832,
  "validation_accuracy3": 0.9902262372960554,
  "validation_precision-overall": 0.9392265193370166,
  "validation_recall-overall": 0.9441265567149109,
  "validation_f1-measure-overall": 0.9416701636592031,
  "validation_loss": 9.305679792257456,
  "best_validation_accuracy": 0.9885518476694832,
  "best_validation_accuracy3": 0.9902262372960554,
  "best_validation_precision-overall": 0.9392265193370166,
  "best_validation_recall-overall": 0.9441265567149109,
  "best_validation_f1-measure-overall": 0.9416701636592031,
  "best_validation_loss": 9.305679792257456
}