{
  "best_epoch": 11,
  "peak_worker_0_memory_MB": 0,
  "peak_gpu_0_memory_MB": 3106.154296875,
  "training_duration": "0:51:26.968883",
  "training_start_epoch": 0,
  "training_epochs": 11,
  "epoch": 11,
  "training_accuracy": 0.916266003997623,
  "training_accuracy3": 0.929687998782051,
  "training_precision-overall": 0.46074646074646075,
  "training_recall-overall": 0.4722754159751479,
  "training_f1-measure-overall": 0.46643970915810573,
  "training_loss": 44.305756354756205,
  "training_worker_0_memory_MB": 0.0,
  "training_gpu_0_memory_MB": 3106.154296875,
  "validation_accuracy": 0.9236984541100425,
  "validation_accuracy3": 0.9361395584284101,
  "validation_precision-overall": 0.5010759807978812,
  "validation_recall-overall": 0.509424436216762,
  "validation_f1-measure-overall": 0.5052157222731705,
  "validation_loss": 44.879071689018836,
  "best_validation_accuracy": 0.9236984541100425,
  "best_validation_accuracy3": 0.9361395584284101,
  "best_validation_precision-overall": 0.5010759807978812,
  "best_validation_recall-overall": 0.509424436216762,
  "best_validation_f1-measure-overall": 0.5052157222731705,
  "best_validation_loss": 44.879071689018836
}