{
  "best_epoch": 5,
  "peak_worker_0_memory_MB": 0,
  "peak_gpu_0_memory_MB": 3106.154296875,
  "training_duration": "0:26:26.343406",
  "training_start_epoch": 0,
  "training_epochs": 5,
  "epoch": 5,
  "training_accuracy": 0.8545189346874831,
  "training_accuracy3": 0.8683092608326253,
  "training_precision-overall": 0.21335284845755462,
  "training_recall-overall": 0.16128345887059023,
  "training_f1-measure-overall": 0.18369968252424637,
  "training_loss": 70.88001277081906,
  "training_worker_0_memory_MB": 0.0,
  "training_gpu_0_memory_MB": 3106.154296875,
  "validation_accuracy": 0.8741676725984191,
  "validation_accuracy3": 0.8868034733849928,
  "validation_precision-overall": 0.29094251336898397,
  "validation_recall-overall": 0.2929989902389768,
  "validation_f1-measure-overall": 0.2919671306388902,
  "validation_loss": 71.7461386343149,
  "best_validation_accuracy": 0.8741676725984191,
  "best_validation_accuracy3": 0.8868034733849928,
  "best_validation_precision-overall": 0.29094251336898397,
  "best_validation_recall-overall": 0.2929989902389768,
  "best_validation_f1-measure-overall": 0.2919671306388902,
  "best_validation_loss": 71.7461386343149
}