{
  "best_epoch": 63,
  "peak_worker_0_memory_MB": 0,
  "peak_gpu_0_memory_MB": 3106.154296875,
  "training_duration": "4:54:04.868613",
  "training_start_epoch": 0,
  "training_epochs": 69,
  "epoch": 69,
  "training_accuracy": 0.9984579193698095,
  "training_accuracy3": 0.9986887403558572,
  "training_precision-overall": 0.991438429100822,
  "training_recall-overall": 0.9905102344780629,
  "training_f1-measure-overall": 0.990974114441367,
  "training_loss": 1.2642253023873868,
  "training_worker_0_memory_MB": 0.0,
  "training_gpu_0_memory_MB": 3106.154296875,
  "validation_accuracy": 0.9889023013122542,
  "validation_accuracy3": 0.9904988123515439,
  "validation_precision-overall": 0.9429530201342282,
  "validation_recall-overall": 0.9458094917536183,
  "validation_f1-measure-overall": 0.9443790959502105,
  "validation_loss": 9.672513303023118,
  "best_validation_accuracy": 0.9891164674272809,
  "best_validation_accuracy3": 0.9907519177602119,
  "best_validation_precision-overall": 0.9429097605893186,
  "best_validation_recall-overall": 0.9478290138000673,
  "best_validation_f1-measure-overall": 0.9453629878304158,
  "best_validation_loss": 9.510351729759803
}