{
  "best_epoch": 7,
  "peak_worker_0_memory_MB": 0,
  "peak_gpu_0_memory_MB": 3106.154296875,
  "training_duration": "0:34:46.344560",
  "training_start_epoch": 0,
  "training_epochs": 7,
  "epoch": 7,
  "training_accuracy": 0.8902470766767672,
  "training_accuracy3": 0.9036985379700522,
  "training_precision-overall": 0.34857883165829145,
  "training_recall-overall": 0.3778458657815226,
  "training_f1-measure-overall": 0.36262277674537086,
  "training_loss": 60.780286697306245,
  "training_worker_0_memory_MB": 0.0,
  "training_gpu_0_memory_MB": 3106.154296875,
  "validation_accuracy": 0.9019313889646042,
  "validation_accuracy3": 0.9144503718702542,
  "validation_precision-overall": 0.39810940647760734,
  "validation_recall-overall": 0.4323460114439583,
  "validation_f1-measure-overall": 0.41452198467118856,
  "validation_loss": 62.37619069906381,
  "best_validation_accuracy": 0.9019313889646042,
  "best_validation_accuracy3": 0.9144503718702542,
  "best_validation_precision-overall": 0.39810940647760734,
  "best_validation_recall-overall": 0.4323460114439583,
  "best_validation_f1-measure-overall": 0.41452198467118856,
  "best_validation_loss": 62.37619069906381
}