{
  "best_epoch": 30,
  "peak_worker_0_memory_MB": 0,
  "peak_gpu_0_memory_MB": 3106.154296875,
  "training_duration": "2:10:43.086421",
  "training_start_epoch": 0,
  "training_epochs": 30,
  "epoch": 30,
  "training_accuracy": 0.9884835061216672,
  "training_accuracy3": 0.9909537817808576,
  "training_precision-overall": 0.9371138852200588,
  "training_recall-overall": 0.9359972764798502,
  "training_f1-measure-overall": 0.9365552480306079,
  "training_loss": 8.34595105283201,
  "training_worker_0_memory_MB": 0.0,
  "training_gpu_0_memory_MB": 3106.154296875,
  "validation_accuracy": 0.9847357968926443,
  "validation_accuracy3": 0.9869553366301935,
  "validation_precision-overall": 0.9217858341725411,
  "validation_recall-overall": 0.9242679232581622,
  "validation_f1-measure-overall": 0.9230252100839836,
  "validation_loss": 12.142306528825026,
  "best_validation_accuracy": 0.9847357968926443,
  "best_validation_accuracy3": 0.9869553366301935,
  "best_validation_precision-overall": 0.9217858341725411,
  "best_validation_recall-overall": 0.9242679232581622,
  "best_validation_f1-measure-overall": 0.9230252100839836,
  "best_validation_loss": 12.142306528825026
}