{
  "best_epoch": 29,
  "peak_worker_0_memory_MB": 0,
  "peak_gpu_0_memory_MB": 3106.154296875,
  "training_duration": "2:06:32.344379",
  "training_start_epoch": 0,
  "training_epochs": 29,
  "epoch": 29,
  "training_accuracy": 0.9874423561420482,
  "training_accuracy3": 0.9900746975999528,
  "training_precision-overall": 0.9312180579216355,
  "training_recall-overall": 0.930465126175582,
  "training_f1-measure-overall": 0.9308414397921977,
  "training_loss": 8.973321287827135,
  "training_worker_0_memory_MB": 0.0,
  "training_gpu_0_memory_MB": 3106.154296875,
  "validation_accuracy": 0.9842490557221292,
  "validation_accuracy3": 0.9865270044001402,
  "validation_precision-overall": 0.9187919463087248,
  "validation_recall-overall": 0.9215752271962302,
  "validation_f1-measure-overall": 0.9201814821037981,
  "validation_loss": 12.254109805914071,
  "best_validation_accuracy": 0.9842490557221292,
  "best_validation_accuracy3": 0.9865270044001402,
  "best_validation_precision-overall": 0.9187919463087248,
  "best_validation_recall-overall": 0.9215752271962302,
  "best_validation_f1-measure-overall": 0.9201814821037981,
  "best_validation_loss": 12.254109805914071
}