{
  "best_epoch": 12,
  "peak_worker_0_memory_MB": 0,
  "peak_gpu_0_memory_MB": 3106.154296875,
  "training_duration": "0:55:38.642128",
  "training_start_epoch": 0,
  "training_epochs": 12,
  "epoch": 12,
  "training_accuracy": 0.923966584978956,
  "training_accuracy3": 0.9373198245760506,
  "training_precision-overall": 0.5005871005619391,
  "training_recall-overall": 0.5079790629388484,
  "training_f1-measure-overall": 0.5042559932410525,
  "training_loss": 40.446228813361444,
  "training_worker_0_memory_MB": 0.0,
  "training_gpu_0_memory_MB": 3106.154296875,
  "validation_accuracy": 0.9300260893267396,
  "validation_accuracy3": 0.9421946185896188,
  "validation_precision-overall": 0.5424575424575424,
  "validation_recall-overall": 0.5483002356109055,
  "validation_f1-measure-overall": 0.5453632407096922,
  "validation_loss": 41.231625372079705,
  "best_validation_accuracy": 0.9300260893267396,
  "best_validation_accuracy3": 0.9421946185896188,
  "best_validation_precision-overall": 0.5424575424575424,
  "best_validation_recall-overall": 0.5483002356109055,
  "best_validation_f1-measure-overall": 0.5453632407096922,
  "best_validation_loss": 41.231625372079705
}