{
  "best_epoch": 55,
  "peak_worker_0_memory_MB": 0,
  "peak_gpu_0_memory_MB": 3106.154296875,
  "training_duration": "4:03:36.439657",
  "training_start_epoch": 0,
  "training_epochs": 57,
  "epoch": 57,
  "training_accuracy": 0.9974609691534763,
  "training_accuracy3": 0.9979324332951905,
  "training_precision-overall": 0.9846749819079648,
  "training_recall-overall": 0.9843397591386868,
  "training_f1-measure-overall": 0.984507341987607,
  "training_loss": 1.976781147145716,
  "training_worker_0_memory_MB": 0.0,
  "training_gpu_0_memory_MB": 3106.154296875,
  "validation_accuracy": 0.9879872279116857,
  "validation_accuracy3": 0.9895253300105136,
  "validation_precision-overall": 0.9369248787016898,
  "validation_recall-overall": 0.9424436216762033,
  "validation_f1-measure-overall": 0.939676147327746,
  "validation_loss": 9.572210945716272,
  "best_validation_accuracy": 0.9886491959035864,
  "best_validation_accuracy3": 0.9903235855301585,
  "best_validation_precision-overall": 0.9425113464447806,
  "best_validation_recall-overall": 0.9436216762032985,
  "best_validation_f1-measure-overall": 0.9430661845092428,
  "best_validation_loss": 9.518603704892673
}