{
  "best_epoch": 41,
  "peak_worker_0_memory_MB": 0,
  "peak_gpu_0_memory_MB": 3106.154296875,
  "training_duration": "2:56:39.071389",
  "training_start_epoch": 0,
  "training_epochs": 41,
  "epoch": 41,
  "training_accuracy": 0.9946665618968574,
  "training_accuracy3": 0.9957371783853335,
  "training_precision-overall": 0.9702847885402456,
  "training_recall-overall": 0.9685092982680114,
  "training_f1-measure-overall": 0.9693962304333438,
  "training_loss": 4.214763162823334,
  "training_worker_0_memory_MB": 0.0,
  "training_gpu_0_memory_MB": 3106.154296875,
  "validation_accuracy": 0.9881429850862505,
  "validation_accuracy3": 0.9898368443596434,
  "validation_precision-overall": 0.9375524592915897,
  "validation_recall-overall": 0.939919219118142,
  "validation_f1-measure-overall": 0.9387343474241032,
  "validation_loss": 9.782102649395283,
  "best_validation_accuracy": 0.9881429850862505,
  "best_validation_accuracy3": 0.9898368443596434,
  "best_validation_precision-overall": 0.9375524592915897,
  "best_validation_recall-overall": 0.939919219118142,
  "best_validation_f1-measure-overall": 0.9387343474241032,
  "best_validation_loss": 9.782102649395283
}