{
  "best_epoch": 27,
  "peak_worker_0_memory_MB": 0,
  "peak_gpu_0_memory_MB": 3106.154296875,
  "training_duration": "1:58:12.172220",
  "training_start_epoch": 0,
  "training_epochs": 27,
  "epoch": 27,
  "training_accuracy": 0.9853944337764768,
  "training_accuracy3": 0.9883803733406672,
  "training_precision-overall": 0.9193706145013821,
  "training_recall-overall": 0.9199965955998127,
  "training_f1-measure-overall": 0.9196834985323021,
  "training_loss": 10.481101439431892,
  "training_worker_0_memory_MB": 0.0,
  "training_gpu_0_memory_MB": 3106.154296875,
  "validation_accuracy": 0.9832755733810988,
  "validation_accuracy3": 0.9858066274677777,
  "validation_precision-overall": 0.9134082899815406,
  "validation_recall-overall": 0.9160215415684955,
  "validation_f1-measure-overall": 0.9147130493235363,
  "validation_loss": 13.283541138722347,
  "best_validation_accuracy": 0.9832755733810988,
  "best_validation_accuracy3": 0.9858066274677777,
  "best_validation_precision-overall": 0.9134082899815406,
  "best_validation_recall-overall": 0.9160215415684955,
  "best_validation_f1-measure-overall": 0.9147130493235363,
  "best_validation_loss": 13.283541138722347
}