{
  "best_epoch": 28,
  "peak_worker_0_memory_MB": 0,
  "peak_gpu_0_memory_MB": 3106.154296875,
  "training_duration": "2:02:22.662773",
  "training_start_epoch": 0,
  "training_epochs": 28,
  "epoch": 28,
  "training_accuracy": 0.9868137372864292,
  "training_accuracy3": 0.9896277888822862,
  "training_precision-overall": 0.928206002728513,
  "training_recall-overall": 0.9265075109579131,
  "training_f1-measure-overall": 0.9273559791289032,
  "training_loss": 9.588611652163848,
  "training_worker_0_memory_MB": 0.0,
  "training_gpu_0_memory_MB": 3106.154296875,
  "validation_accuracy": 0.983664966317511,
  "validation_accuracy3": 0.985942914995522,
  "validation_precision-overall": 0.9153536708012069,
  "validation_recall-overall": 0.919050824638169,
  "validation_f1-measure-overall": 0.9171985220019656,
  "validation_loss": 12.929316614591158,
  "best_validation_accuracy": 0.983664966317511,
  "best_validation_accuracy3": 0.985942914995522,
  "best_validation_precision-overall": 0.9153536708012069,
  "best_validation_recall-overall": 0.919050824638169,
  "best_validation_f1-measure-overall": 0.9171985220019656,
  "best_validation_loss": 12.929316614591158
}