{
  "best_epoch": 25,
  "peak_worker_0_memory_MB": 0,
  "peak_gpu_0_memory_MB": 3106.154296875,
  "training_duration": "1:49:51.782676",
  "training_start_epoch": 0,
  "training_epochs": 25,
  "epoch": 25,
  "training_accuracy": 0.9821678510566199,
  "training_accuracy3": 0.9855663217448102,
  "training_precision-overall": 0.9040098757023668,
  "training_recall-overall": 0.9037405847057322,
  "training_f1-measure-overall": 0.9038752101465739,
  "training_loss": 12.415915281832007,
  "training_worker_0_memory_MB": 0.0,
  "training_gpu_0_memory_MB": 3106.154296875,
  "validation_accuracy": 0.981640123048168,
  "validation_accuracy3": 0.9845216307776177,
  "validation_precision-overall": 0.9019246861924686,
  "validation_recall-overall": 0.906933692359475,
  "validation_f1-measure-overall": 0.9044222539229172,
  "validation_loss": 14.890347080230713,
  "best_validation_accuracy": 0.981640123048168,
  "best_validation_accuracy3": 0.9845216307776177,
  "best_validation_precision-overall": 0.9019246861924686,
  "best_validation_recall-overall": 0.906933692359475,
  "best_validation_f1-measure-overall": 0.9044222539229172,
  "best_validation_loss": 14.890347080230713
}