{
  "best_epoch": 63,
  "peak_worker_0_memory_MB": 0,
  "peak_gpu_0_memory_MB": 3106.154296875,
  "training_duration": "4:37:19.928605",
  "training_start_epoch": 0,
  "training_epochs": 65,
  "epoch": 65,
  "training_accuracy": 0.9981436099420001,
  "training_accuracy3": 0.9984431861153811,
  "training_precision-overall": 0.989440967343637,
  "training_recall-overall": 0.9889356993914634,
  "training_f1-measure-overall": 0.9891882688459892,
  "training_loss": 1.4720921648778948,
  "training_worker_0_memory_MB": 0.0,
  "training_gpu_0_memory_MB": 3106.154296875,
  "validation_accuracy": 0.9887465441376894,
  "validation_accuracy3": 0.9903625248237997,
  "validation_precision-overall": 0.941728064300067,
  "validation_recall-overall": 0.9464826657691013,
  "validation_f1-measure-overall": 0.9440993788819377,
  "validation_loss": 9.588496428269606,
  "best_validation_accuracy": 0.9891164674272809,
  "best_validation_accuracy3": 0.9907519177602119,
  "best_validation_precision-overall": 0.9429097605893186,
  "best_validation_recall-overall": 0.9478290138000673,
  "best_validation_f1-measure-overall": 0.9453629878304158,
  "best_validation_loss": 9.510351729759803
}