{
  "best_epoch": 6,
  "peak_worker_0_memory_MB": 0,
  "peak_gpu_0_memory_MB": 3106.154296875,
  "training_duration": "0:30:36.676624",
  "training_start_epoch": 0,
  "training_epochs": 6,
  "epoch": 6,
  "training_accuracy": 0.8808177938424818,
  "training_accuracy3": 0.894392032256005,
  "training_precision-overall": 0.31084784010315925,
  "training_recall-overall": 0.32826928805481087,
  "training_f1-measure-overall": 0.3193211218047725,
  "training_loss": 65.04534304506838,
  "training_worker_0_memory_MB": 0.0,
  "training_gpu_0_memory_MB": 3106.154296875,
  "validation_accuracy": 0.8943966356450294,
  "validation_accuracy3": 0.9069740274911413,
  "validation_precision-overall": 0.3585274229902329,
  "validation_recall-overall": 0.4015483002356109,
  "validation_f1-measure-overall": 0.3788203540525023,
  "validation_loss": 66.64918237246,
  "best_validation_accuracy": 0.8943966356450294,
  "best_validation_accuracy3": 0.9069740274911413,
  "best_validation_precision-overall": 0.3585274229902329,
  "best_validation_recall-overall": 0.4015483002356109,
  "best_validation_f1-measure-overall": 0.3788203540525023,
  "best_validation_loss": 66.64918237246
}