{
  "best_epoch": 16,
  "peak_worker_0_memory_MB": 0,
  "peak_gpu_0_memory_MB": 3106.154296875,
  "training_duration": "1:12:19.504722",
  "training_start_epoch": 0,
  "training_epochs": 16,
  "epoch": 16,
  "training_accuracy": 0.9505453759680976,
  "training_accuracy3": 0.9592478182505734,
  "training_precision-overall": 0.6974204241213718,
  "training_recall-overall": 0.6983701434103579,
  "training_f1-measure-overall": 0.6978949606633564,
  "training_loss": 28.311384420971855,
  "training_worker_0_memory_MB": 0.0,
  "training_gpu_0_memory_MB": 3106.154296875,
  "validation_accuracy": 0.9522409563490518,
  "validation_accuracy3": 0.9593279077917527,
  "validation_precision-overall": 0.715671516976083,
  "validation_recall-overall": 0.7201279030629417,
  "validation_f1-measure-overall": 0.7178927942286222,
  "validation_loss": 29.71100271665133,
  "best_validation_accuracy": 0.9522409563490518,
  "best_validation_accuracy3": 0.9593279077917527,
  "best_validation_precision-overall": 0.715671516976083,
  "best_validation_recall-overall": 0.7201279030629417,
  "best_validation_f1-measure-overall": 0.7178927942286222,
  "best_validation_loss": 29.71100271665133
}