{
  "best_epoch": 63,
  "peak_worker_0_memory_MB": 0,
  "peak_gpu_0_memory_MB": 3106.154296875,
  "training_duration": "4:45:42.510081",
  "training_start_epoch": 0,
  "training_epochs": 67,
  "epoch": 67,
  "training_accuracy": 0.9982712981470477,
  "training_accuracy3": 0.9985757854052382,
  "training_precision-overall": 0.9903756068477984,
  "training_recall-overall": 0.9896591344312524,
  "training_f1-measure-overall": 0.9900172410122742,
  "training_loss": 1.379437566906532,
  "training_worker_0_memory_MB": 0.0,
  "training_gpu_0_memory_MB": 3106.154296875,
  "validation_accuracy": 0.9889217709590749,
  "validation_accuracy3": 0.9904988123515439,
  "validation_precision-overall": 0.9420241286863271,
  "validation_recall-overall": 0.9461460787613598,
  "validation_f1-measure-overall": 0.9440806045339551,
  "validation_loss": 9.650859308976393,
  "best_validation_accuracy": 0.9891164674272809,
  "best_validation_accuracy3": 0.9907519177602119,
  "best_validation_precision-overall": 0.9429097605893186,
  "best_validation_recall-overall": 0.9478290138000673,
  "best_validation_f1-measure-overall": 0.9453629878304158,
  "best_validation_loss": 9.510351729759803
}