{
  "best_epoch": 70,
  "peak_worker_0_memory_MB": 0,
  "peak_gpu_0_memory_MB": 3106.154296875,
  "training_duration": "5:14:53.219239",
  "training_start_epoch": 0,
  "training_epochs": 74,
  "epoch": 74,
  "training_accuracy": 0.9987918731368572,
  "training_accuracy3": 0.9990030497836667,
  "training_precision-overall": 0.9928057553956835,
  "training_recall-overall": 0.992467764585727,
  "training_f1-measure-overall": 0.9926367312193584,
  "training_loss": 1.0372792145535614,
  "training_worker_0_memory_MB": 0.0,
  "training_gpu_0_memory_MB": 3106.154296875,
  "validation_accuracy": 0.9890385888399984,
  "validation_accuracy3": 0.9905572212920057,
  "validation_precision-overall": 0.9423882096801206,
  "validation_recall-overall": 0.9469875462807136,
  "validation_f1-measure-overall": 0.9446822798622853,
  "validation_loss": 9.677562751770019,
  "best_validation_accuracy": 0.9893111638954869,
  "best_validation_accuracy3": 0.9907908570538531,
  "best_validation_precision-overall": 0.9449479691171534,
  "best_validation_recall-overall": 0.9474924267923258,
  "best_validation_f1-measure-overall": 0.9462184873949081,
  "best_validation_loss": 9.727543996664194
}