{
  "best_epoch": 52,
  "peak_worker_0_memory_MB": 0,
  "peak_gpu_0_memory_MB": 3106.154296875,
  "training_duration": "3:46:49.732191",
  "training_start_epoch": 0,
  "training_epochs": 53,
  "epoch": 53,
  "training_accuracy": 0.9970238826054287,
  "training_accuracy3": 0.9975788351889049,
  "training_precision-overall": 0.9833731241473397,
  "training_recall-overall": 0.9815736839865526,
  "training_f1-measure-overall": 0.9824725801298617,
  "training_loss": 2.327633137719911,
  "training_worker_0_memory_MB": 0.0,
  "training_gpu_0_memory_MB": 3106.154296875,
  "validation_accuracy": 0.9884350297885597,
  "validation_accuracy3": 0.9900120711810287,
  "validation_precision-overall": 0.9401006711409396,
  "validation_recall-overall": 0.9429485021878156,
  "validation_f1-measure-overall": 0.9415224332044536,
  "validation_loss": 9.567526924426739,
  "best_validation_accuracy": 0.9885518476694832,
  "best_validation_accuracy3": 0.9901288890619524,
  "best_validation_precision-overall": 0.9415617128463476,
  "best_validation_recall-overall": 0.9436216762032985,
  "best_validation_f1-measure-overall": 0.9425905690509714,
  "best_validation_loss": 9.544657206902137
}