{
  "best_epoch": 34,
  "peak_worker_0_memory_MB": 0,
  "peak_gpu_0_memory_MB": 3106.154296875,
  "training_duration": "2:27:24.497362",
  "training_start_epoch": 0,
  "training_epochs": 34,
  "epoch": 34,
  "training_accuracy": 0.9915873117212861,
  "training_accuracy3": 0.9935026347970003,
  "training_precision-overall": 0.9527361063757245,
  "training_recall-overall": 0.9513170773224392,
  "training_f1-measure-overall": 0.9520260630708782,
  "training_loss": 6.400298839955992,
  "training_worker_0_memory_MB": 0.0,
  "training_gpu_0_memory_MB": 3106.154296875,
  "validation_accuracy": 0.986877458042911,
  "validation_accuracy3": 0.988863362018613,
  "validation_precision-overall": 0.9316655473472129,
  "validation_recall-overall": 0.9338606529787951,
  "validation_f1-measure-overall": 0.9327618087072959,
  "validation_loss": 10.537274396602925,
  "best_validation_accuracy": 0.986877458042911,
  "best_validation_accuracy3": 0.988863362018613,
  "best_validation_precision-overall": 0.9316655473472129,
  "best_validation_recall-overall": 0.9338606529787951,
  "best_validation_f1-measure-overall": 0.9327618087072959,
  "best_validation_loss": 10.537274396602925
}