{
  "best_epoch": 21,
  "peak_worker_0_memory_MB": 0,
  "peak_gpu_0_memory_MB": 3106.154296875,
  "training_duration": "1:33:09.908252",
  "training_start_epoch": 0,
  "training_epochs": 21,
  "epoch": 21,
  "training_accuracy": 0.9717907288540966,
  "training_accuracy3": 0.9768982570560011,
  "training_precision-overall": 0.8441586007811174,
  "training_recall-overall": 0.8462062215413422,
  "training_f1-measure-overall": 0.8451811709700913,
  "training_loss": 17.972707148887935,
  "training_worker_0_memory_MB": 0.0,
  "training_gpu_0_memory_MB": 3106.154296875,
  "validation_accuracy": 0.9726062069234064,
  "validation_accuracy3": 0.9770452863985047,
  "validation_precision-overall": 0.8532754010695187,
  "validation_recall-overall": 0.8593066307640526,
  "validation_f1-measure-overall": 0.8562803957738894,
  "validation_loss": 19.736510595174938,
  "best_validation_accuracy": 0.9726062069234064,
  "best_validation_accuracy3": 0.9770452863985047,
  "best_validation_precision-overall": 0.8532754010695187,
  "best_validation_recall-overall": 0.8593066307640526,
  "best_validation_f1-measure-overall": 0.8562803957738894,
  "best_validation_loss": 19.736510595174938
}