{
  "best_epoch": 63,
  "peak_worker_0_memory_MB": 0,
  "peak_gpu_0_memory_MB": 3106.154296875,
  "training_duration": "4:33:08.248533",
  "training_start_epoch": 0,
  "training_epochs": 64,
  "epoch": 64,
  "training_accuracy": 0.9980601215002382,
  "training_accuracy3": 0.9983695198432382,
  "training_precision-overall": 0.9892665474060823,
  "training_recall-overall": 0.9883824843610366,
  "training_f1-measure-overall": 0.9888243182833654,
  "training_loss": 1.5111797510941258,
  "training_worker_0_memory_MB": 0.0,
  "training_gpu_0_memory_MB": 3106.154296875,
  "validation_accuracy": 0.9889023013122542,
  "validation_accuracy3": 0.9905182819983646,
  "validation_precision-overall": 0.9406354515050167,
  "validation_recall-overall": 0.946650959272972,
  "validation_f1-measure-overall": 0.9436336185203326,
  "validation_loss": 9.390506914578951,
  "best_validation_accuracy": 0.9891164674272809,
  "best_validation_accuracy3": 0.9907519177602119,
  "best_validation_precision-overall": 0.9429097605893186,
  "best_validation_recall-overall": 0.9478290138000673,
  "best_validation_f1-measure-overall": 0.9453629878304158,
  "best_validation_loss": 9.510351729759803
}