{
  "best_epoch": 63,
  "peak_worker_0_memory_MB": 0,
  "peak_gpu_0_memory_MB": 3106.154296875,
  "training_duration": "4:28:55.914669",
  "training_start_epoch": 0,
  "training_epochs": 63,
  "epoch": 63,
  "training_accuracy": 0.9979864552280954,
  "training_accuracy3": 0.9983302311647619,
  "training_precision-overall": 0.9884988924859431,
  "training_recall-overall": 0.9875313843142262,
  "training_f1-measure-overall": 0.9880149015433243,
  "training_loss": 1.5679956465005027,
  "training_worker_0_memory_MB": 0.0,
  "training_gpu_0_memory_MB": 3106.154296875,
  "validation_accuracy": 0.9891164674272809,
  "validation_accuracy3": 0.9907519177602119,
  "validation_precision-overall": 0.9429097605893186,
  "validation_recall-overall": 0.9478290138000673,
  "validation_f1-measure-overall": 0.9453629878304158,
  "validation_loss": 9.510351729759803,
  "best_validation_accuracy": 0.9891164674272809,
  "best_validation_accuracy3": 0.9907519177602119,
  "best_validation_precision-overall": 0.9429097605893186,
  "best_validation_recall-overall": 0.9478290138000673,
  "best_validation_f1-measure-overall": 0.9453629878304158,
  "best_validation_loss": 9.510351729759803
}