{
  "best_epoch": 45,
  "peak_worker_0_memory_MB": 0,
  "peak_gpu_0_memory_MB": 3106.154296875,
  "training_duration": "3:13:20.527123",
  "training_start_epoch": 0,
  "training_epochs": 45,
  "epoch": 45,
  "training_accuracy": 0.9958059335726669,
  "training_accuracy3": 0.9967046620928097,
  "training_precision-overall": 0.9757792844654812,
  "training_recall-overall": 0.9737861185582365,
  "training_f1-measure-overall": 0.9747816826410576,
  "training_loss": 3.3483503418036626,
  "training_worker_0_memory_MB": 0.0,
  "training_gpu_0_memory_MB": 3106.154296875,
  "validation_accuracy": 0.9882013940267124,
  "validation_accuracy3": 0.9898757836532845,
  "validation_precision-overall": 0.9378038558256496,
  "validation_recall-overall": 0.9414338606529788,
  "validation_f1-measure-overall": 0.9396153523137151,
  "validation_loss": 9.460230868412898,
  "best_validation_accuracy": 0.9882013940267124,
  "best_validation_accuracy3": 0.9898757836532845,
  "best_validation_precision-overall": 0.9378038558256496,
  "best_validation_recall-overall": 0.9414338606529788,
  "best_validation_f1-measure-overall": 0.9396153523137151,
  "best_validation_loss": 9.460230868412898
}