{
  "best_epoch": 20,
  "peak_worker_0_memory_MB": 0,
  "peak_gpu_0_memory_MB": 3106.154296875,
  "training_duration": "1:28:59.490340",
  "training_start_epoch": 0,
  "training_epochs": 20,
  "epoch": 20,
  "training_accuracy": 0.9680288378900015,
  "training_accuracy3": 0.9737109630146203,
  "training_precision-overall": 0.8227429008022412,
  "training_recall-overall": 0.8248436103663985,
  "training_f1-measure-overall": 0.8237919163584863,
  "training_loss": 19.801284559086973,
  "training_worker_0_memory_MB": 0.0,
  "training_gpu_0_memory_MB": 3106.154296875,
  "validation_accuracy": 0.9690237919084148,
  "validation_accuracy3": 0.9741248393754137,
  "validation_precision-overall": 0.8345046854082999,
  "validation_recall-overall": 0.8392797038034332,
  "validation_f1-measure-overall": 0.8368853834535498,
  "validation_loss": 21.30632889527541,
  "best_validation_accuracy": 0.9690237919084148,
  "best_validation_accuracy3": 0.9741248393754137,
  "best_validation_precision-overall": 0.8345046854082999,
  "best_validation_recall-overall": 0.8392797038034332,
  "best_validation_f1-measure-overall": 0.8368853834535498,
  "best_validation_loss": 21.30632889527541
}