{
  "best_epoch": 17,
  "peak_worker_0_memory_MB": 0,
  "peak_gpu_0_memory_MB": 20.74609375,
  "training_duration": "0:52:24.570702",
  "training_start_epoch": 0,
  "training_epochs": 42,
  "epoch": 42,
  "training_accuracy": 0.9841715736589055,
  "training_accuracy3": 0.9859297420207149,
  "training_precision-overall": 0.9397461188781199,
  "training_recall-overall": 0.9325077662879272,
  "training_f1-measure-overall": 0.9361129504239413,
  "training_loss": 15.567600722736541,
  "training_worker_0_memory_MB": 0.0,
  "training_gpu_0_memory_MB": 20.74609375,
  "validation_accuracy": 0.9491258128577548,
  "validation_accuracy3": 0.9539737549160858,
  "validation_precision-overall": 0.8878088294856217,
  "validation_recall-overall": 0.7377987209693706,
  "validation_f1-measure-overall": 0.8058823529411269,
  "validation_loss": 74.90922419230144,
  "best_validation_accuracy": 0.9493983879132433,
  "best_validation_accuracy3": 0.9538374673883415,
  "best_validation_precision-overall": 0.8818834796488427,
  "best_validation_recall-overall": 0.7438572871087176,
  "best_validation_f1-measure-overall": 0.8070111374839745,
  "best_validation_loss": 67.91284263835234
}