{
  "best_epoch": 17,
  "peak_worker_0_memory_MB": 0,
  "peak_gpu_0_memory_MB": 20.74609375,
  "training_duration": "1:55:18.312143",
  "training_start_epoch": 0,
  "training_epochs": 95,
  "epoch": 95,
  "training_accuracy": 0.9862047627700483,
  "training_accuracy3": 0.987805776417953,
  "training_precision-overall": 0.9461070142342651,
  "training_recall-overall": 0.939061236648368,
  "training_f1-measure-overall": 0.9425709587168201,
  "training_loss": 12.729560754293733,
  "training_worker_0_memory_MB": 0.0,
  "training_gpu_0_memory_MB": 20.74609375,
  "validation_accuracy": 0.9498656594369378,
  "validation_accuracy3": 0.9544020871461392,
  "validation_precision-overall": 0.887816646562123,
  "validation_recall-overall": 0.7431841130932346,
  "validation_f1-measure-overall": 0.8090875778673011,
  "validation_loss": 75.13008037267947,
  "best_validation_accuracy": 0.9493983879132433,
  "best_validation_accuracy3": 0.9538374673883415,
  "best_validation_precision-overall": 0.8818834796488427,
  "best_validation_recall-overall": 0.7438572871087176,
  "best_validation_f1-measure-overall": 0.8070111374839745,
  "best_validation_loss": 67.91284263835234
}