{
  "best_epoch": 2,
  "peak_worker_0_memory_MB": 0,
  "peak_gpu_0_memory_MB": 20.74609375,
  "training_duration": "0:03:39.736140",
  "training_start_epoch": 0,
  "training_epochs": 2,
  "epoch": 2,
  "training_accuracy": 0.9551028626713355,
  "training_accuracy3": 0.95959159418724,
  "training_precision-overall": 0.84391498578584,
  "training_recall-overall": 0.795863653772501,
  "training_f1-measure-overall": 0.8191852825229461,
  "training_loss": 53.136823671553834,
  "training_worker_0_memory_MB": 0.0,
  "training_gpu_0_memory_MB": 20.74609375,
  "validation_accuracy": 0.9431291616370079,
  "validation_accuracy3": 0.9482496787508274,
  "validation_precision-overall": 0.8698249227600412,
  "validation_recall-overall": 0.7107034668461797,
  "validation_f1-measure-overall": 0.782254329906406,
  "validation_loss": 74.23456865198472,
  "best_validation_accuracy": 0.9431291616370079,
  "best_validation_accuracy3": 0.9482496787508274,
  "best_validation_precision-overall": 0.8698249227600412,
  "best_validation_recall-overall": 0.7107034668461797,
  "best_validation_f1-measure-overall": 0.782254329906406,
  "best_validation_loss": 74.23456865198472
}