{
  "best_epoch": 17,
  "peak_worker_0_memory_MB": 0,
  "peak_gpu_0_memory_MB": 20.74609375,
  "training_duration": "1:02:10.289486",
  "training_start_epoch": 0,
  "training_epochs": 50,
  "epoch": 50,
  "training_accuracy": 0.9848247479385721,
  "training_accuracy3": 0.986578005215572,
  "training_precision-overall": 0.9412850336924331,
  "training_recall-overall": 0.9332737563300566,
  "training_f1-measure-overall": 0.9372622761655982,
  "training_loss": 14.778979039680985,
  "training_worker_0_memory_MB": 0.0,
  "training_gpu_0_memory_MB": 20.74609375,
  "validation_accuracy": 0.9490479342704723,
  "validation_accuracy3": 0.9533312565710058,
  "validation_precision-overall": 0.88321608040201,
  "validation_recall-overall": 0.7394816560080781,
  "validation_f1-measure-overall": 0.8049830539525016,
  "validation_loss": 72.95247754863664,
  "best_validation_accuracy": 0.9493983879132433,
  "best_validation_accuracy3": 0.9538374673883415,
  "best_validation_precision-overall": 0.8818834796488427,
  "best_validation_recall-overall": 0.7438572871087176,
  "best_validation_f1-measure-overall": 0.8070111374839745,
  "best_validation_loss": 67.91284263835234
}