{
  "best_epoch": 17,
  "peak_worker_0_memory_MB": 0,
  "peak_gpu_0_memory_MB": 20.74609375,
  "training_duration": "0:23:10.975277",
  "training_start_epoch": 0,
  "training_epochs": 18,
  "epoch": 18,
  "training_accuracy": 0.9794029103088582,
  "training_accuracy3": 0.9815981652187151,
  "training_precision-overall": 0.9238742419680874,
  "training_recall-overall": 0.9141240052768203,
  "training_f1-measure-overall": 0.9189732620320357,
  "training_loss": 20.5059643410876,
  "training_worker_0_memory_MB": 0.0,
  "training_gpu_0_memory_MB": 20.74609375,
  "validation_accuracy": 0.9492231610918578,
  "validation_accuracy3": 0.9537401191542385,
  "validation_precision-overall": 0.885593220338983,
  "validation_recall-overall": 0.7386401884887244,
  "validation_f1-measure-overall": 0.8054688933748815,
  "validation_loss": 71.76285089231006,
  "best_validation_accuracy": 0.9493983879132433,
  "best_validation_accuracy3": 0.9538374673883415,
  "best_validation_precision-overall": 0.8818834796488427,
  "best_validation_recall-overall": 0.7438572871087176,
  "best_validation_f1-measure-overall": 0.8070111374839745,
  "best_validation_loss": 67.91284263835234
}