{
  "best_epoch": 17,
  "peak_worker_0_memory_MB": 0,
  "peak_gpu_0_memory_MB": 20.74609375,
  "training_duration": "0:51:11.487040",
  "training_start_epoch": 0,
  "training_epochs": 41,
  "epoch": 41,
  "training_accuracy": 0.984382750305715,
  "training_accuracy3": 0.9863471842295245,
  "training_precision-overall": 0.9388919881560314,
  "training_recall-overall": 0.9310608962083493,
  "training_f1-measure-overall": 0.9349600444424953,
  "training_loss": 15.570800298981895,
  "training_worker_0_memory_MB": 0.0,
  "training_gpu_0_memory_MB": 20.74609375,
  "validation_accuracy": 0.9497877808496554,
  "validation_accuracy3": 0.9543436782056773,
  "validation_precision-overall": 0.8917494425299006,
  "validation_recall-overall": 0.7403231235274318,
  "validation_f1-measure-overall": 0.8090114942528239,
  "validation_loss": 76.20629877202651,
  "best_validation_accuracy": 0.9493983879132433,
  "best_validation_accuracy3": 0.9538374673883415,
  "best_validation_precision-overall": 0.8818834796488427,
  "best_validation_recall-overall": 0.7438572871087176,
  "best_validation_f1-measure-overall": 0.8070111374839745,
  "best_validation_loss": 67.91284263835234
}