{
  "best_epoch": 17,
  "peak_worker_0_memory_MB": 0,
  "peak_gpu_0_memory_MB": 20.74609375,
  "training_duration": "0:59:44.129177",
  "training_start_epoch": 0,
  "training_epochs": 48,
  "epoch": 48,
  "training_accuracy": 0.9847609038360483,
  "training_accuracy3": 0.9865485387067149,
  "training_precision-overall": 0.941090722003087,
  "training_recall-overall": 0.9340823013745265,
  "training_f1-measure-overall": 0.9375734147747402,
  "training_loss": 15.086731850965148,
  "training_worker_0_memory_MB": 0.0,
  "training_gpu_0_memory_MB": 20.74609375,
  "validation_accuracy": 0.9493983879132433,
  "validation_accuracy3": 0.9543436782056773,
  "validation_precision-overall": 0.8860887096774194,
  "validation_recall-overall": 0.7396499495119488,
  "validation_f1-measure-overall": 0.8062740781507485,
  "validation_loss": 75.23682883206536,
  "best_validation_accuracy": 0.9493983879132433,
  "best_validation_accuracy3": 0.9538374673883415,
  "best_validation_precision-overall": 0.8818834796488427,
  "best_validation_recall-overall": 0.7438572871087176,
  "best_validation_f1-measure-overall": 0.8070111374839745,
  "best_validation_loss": 67.91284263835234
}