{
  "best_epoch": 6,
  "peak_worker_0_memory_MB": 0,
  "peak_gpu_0_memory_MB": 20.74609375,
  "training_duration": "0:20:44.353714",
  "training_start_epoch": 0,
  "training_epochs": 16,
  "epoch": 16,
  "training_accuracy": 0.979260488849382,
  "training_accuracy3": 0.9815441432858104,
  "training_precision-overall": 0.9225009682000086,
  "training_recall-overall": 0.9122941401761777,
  "training_f1-measure-overall": 0.9173691642774116,
  "training_loss": 20.858050526681957,
  "training_worker_0_memory_MB": 0.0,
  "training_gpu_0_memory_MB": 20.74609375,
  "validation_accuracy": 0.9497293719091936,
  "validation_accuracy3": 0.9547914800825513,
  "validation_precision-overall": 0.8846926476496585,
  "validation_recall-overall": 0.7411645910467856,
  "validation_f1-measure-overall": 0.8065934065933569,
  "validation_loss": 69.00360971338608,
  "best_validation_accuracy": 0.9487169502745221,
  "best_validation_accuracy3": 0.9535648923328531,
  "best_validation_precision-overall": 0.8832220198340417,
  "best_validation_recall-overall": 0.7344328508919555,
  "best_validation_f1-measure-overall": 0.8019847468528403,
  "best_validation_loss": 68.27270634969075
}