{
  "best_epoch": 17,
  "peak_worker_0_memory_MB": 0,
  "peak_gpu_0_memory_MB": 20.74609375,
  "training_duration": "1:39:56.404928",
  "training_start_epoch": 0,
  "training_epochs": 81,
  "epoch": 81,
  "training_accuracy": 0.985949386359953,
  "training_accuracy3": 0.9875209334990006,
  "training_precision-overall": 0.945106273568735,
  "training_recall-overall": 0.9385505766202817,
  "training_f1-measure-overall": 0.9418170171879504,
  "training_loss": 13.412772227528427,
  "training_worker_0_memory_MB": 0.0,
  "training_gpu_0_memory_MB": 20.74609375,
  "validation_accuracy": 0.9495736147346288,
  "validation_accuracy3": 0.9541684513842918,
  "validation_precision-overall": 0.8926759991884764,
  "validation_recall-overall": 0.7404914170313026,
  "validation_f1-measure-overall": 0.8094931469045591,
  "validation_loss": 78.58038915372363,
  "best_validation_accuracy": 0.9493983879132433,
  "best_validation_accuracy3": 0.9538374673883415,
  "best_validation_precision-overall": 0.8818834796488427,
  "best_validation_recall-overall": 0.7438572871087176,
  "best_validation_f1-measure-overall": 0.8070111374839745,
  "best_validation_loss": 67.91284263835234
}