{
  "best_epoch": 17,
  "peak_worker_0_memory_MB": 0,
  "peak_gpu_0_memory_MB": 20.74609375,
  "training_duration": "1:53:30.438177",
  "training_start_epoch": 0,
  "training_epochs": 93,
  "epoch": 93,
  "training_accuracy": 0.9858315203245245,
  "training_accuracy3": 0.9874718226509054,
  "training_precision-overall": 0.9452254414537974,
  "training_recall-overall": 0.9385080216179412,
  "training_f1-measure-overall": 0.9418547543293473,
  "training_loss": 12.99205257246326,
  "training_worker_0_memory_MB": 0.0,
  "training_gpu_0_memory_MB": 20.74609375,
  "validation_accuracy": 0.9501577041392469,
  "validation_accuracy3": 0.9546162532611658,
  "validation_precision-overall": 0.8956010541252787,
  "validation_recall-overall": 0.7435207001009762,
  "validation_f1-measure-overall": 0.8125057471263872,
  "validation_loss": 80.14379613539752,
  "best_validation_accuracy": 0.9493983879132433,
  "best_validation_accuracy3": 0.9538374673883415,
  "best_validation_precision-overall": 0.8818834796488427,
  "best_validation_recall-overall": 0.7438572871087176,
  "best_validation_f1-measure-overall": 0.8070111374839745,
  "best_validation_loss": 67.91284263835234
}