{
  "best_epoch": 6,
  "peak_worker_0_memory_MB": 0,
  "peak_gpu_0_memory_MB": 20.74609375,
  "training_duration": "0:14:38.893738",
  "training_start_epoch": 0,
  "training_epochs": 11,
  "epoch": 11,
  "training_accuracy": 0.9771830999749535,
  "training_accuracy3": 0.9795846204468105,
  "training_precision-overall": 0.915761338161752,
  "training_recall-overall": 0.9039533597174347,
  "training_f1-measure-overall": 0.9098190384408966,
  "training_loss": 23.219445601139633,
  "training_worker_0_memory_MB": 0.0,
  "training_gpu_0_memory_MB": 20.74609375,
  "validation_accuracy": 0.9494567968537051,
  "validation_accuracy3": 0.9543242085588567,
  "validation_precision-overall": 0.8949622679991842,
  "validation_recall-overall": 0.7384718949848535,
  "validation_f1-measure-overall": 0.8092208390963084,
  "validation_loss": 71.50195112415389,
  "best_validation_accuracy": 0.9487169502745221,
  "best_validation_accuracy3": 0.9535648923328531,
  "best_validation_precision-overall": 0.8832220198340417,
  "best_validation_recall-overall": 0.7344328508919555,
  "best_validation_f1-measure-overall": 0.8019847468528403,
  "best_validation_loss": 68.27270634969075
}