{
  "best_epoch": 17,
  "peak_worker_0_memory_MB": 0,
  "peak_gpu_0_memory_MB": 20.74609375,
  "training_duration": "0:54:51.717453",
  "training_start_epoch": 0,
  "training_epochs": 44,
  "epoch": 44,
  "training_accuracy": 0.9840438854538579,
  "training_accuracy3": 0.9857774983916198,
  "training_precision-overall": 0.9390301419199931,
  "training_recall-overall": 0.9319971062598409,
  "training_f1-measure-overall": 0.935500405792099,
  "training_loss": 15.326076175194395,
  "training_worker_0_memory_MB": 0.0,
  "training_gpu_0_memory_MB": 20.74609375,
  "validation_accuracy": 0.9496125540282699,
  "validation_accuracy3": 0.9542852692652155,
  "validation_precision-overall": 0.8852722523608599,
  "validation_recall-overall": 0.7415011780545271,
  "validation_f1-measure-overall": 0.8070336111365014,
  "validation_loss": 72.81644808077344,
  "best_validation_accuracy": 0.9493983879132433,
  "best_validation_accuracy3": 0.9538374673883415,
  "best_validation_precision-overall": 0.8818834796488427,
  "best_validation_recall-overall": 0.7438572871087176,
  "best_validation_f1-measure-overall": 0.8070111374839745,
  "best_validation_loss": 67.91284263835234
}