{
  "best_epoch": 17,
  "peak_worker_0_memory_MB": 0,
  "peak_gpu_0_memory_MB": 20.74609375,
  "training_duration": "0:47:32.291868",
  "training_start_epoch": 0,
  "training_epochs": 38,
  "epoch": 38,
  "training_accuracy": 0.9841077295563817,
  "training_accuracy3": 0.9859641196143816,
  "training_precision-overall": 0.9381146660940519,
  "training_recall-overall": 0.9295714711264309,
  "training_f1-measure-overall": 0.9338235294117148,
  "training_loss": 15.554890692369813,
  "training_worker_0_memory_MB": 0.0,
  "training_gpu_0_memory_MB": 20.74609375,
  "validation_accuracy": 0.9495541450878081,
  "validation_accuracy3": 0.9543242085588567,
  "validation_precision-overall": 0.8914054600606673,
  "validation_recall-overall": 0.7418377650622686,
  "validation_f1-measure-overall": 0.8097731239092001,
  "validation_loss": 74.46193771736294,
  "best_validation_accuracy": 0.9493983879132433,
  "best_validation_accuracy3": 0.9538374673883415,
  "best_validation_precision-overall": 0.8818834796488427,
  "best_validation_recall-overall": 0.7438572871087176,
  "best_validation_f1-measure-overall": 0.8070111374839745,
  "best_validation_loss": 67.91284263835234
}