{
  "best_epoch": 17,
  "peak_worker_0_memory_MB": 0,
  "peak_gpu_0_memory_MB": 20.74609375,
  "training_duration": "1:35:04.132006",
  "training_start_epoch": 0,
  "training_epochs": 77,
  "epoch": 77,
  "training_accuracy": 0.9854975665574769,
  "training_accuracy3": 0.987167335392715,
  "training_precision-overall": 0.9436106346483705,
  "training_recall-overall": 0.9364228265032555,
  "training_f1-measure-overall": 0.9400029902389556,
  "training_loss": 13.409720252478042,
  "training_worker_0_memory_MB": 0.0,
  "training_gpu_0_memory_MB": 20.74609375,
  "validation_accuracy": 0.9496709629687318,
  "validation_accuracy3": 0.9541879210311125,
  "validation_precision-overall": 0.8954434499593165,
  "validation_recall-overall": 0.7408280040390441,
  "validation_f1-measure-overall": 0.8108307238901697,
  "validation_loss": 80.92316442377427,
  "best_validation_accuracy": 0.9493983879132433,
  "best_validation_accuracy3": 0.9538374673883415,
  "best_validation_precision-overall": 0.8818834796488427,
  "best_validation_recall-overall": 0.7438572871087176,
  "best_validation_f1-measure-overall": 0.8070111374839745,
  "best_validation_loss": 67.91284263835234
}