{
  "best_epoch": 17,
  "peak_worker_0_memory_MB": 0,
  "peak_gpu_0_memory_MB": 20.74609375,
  "training_duration": "0:49:58.311927",
  "training_start_epoch": 0,
  "training_epochs": 40,
  "epoch": 40,
  "training_accuracy": 0.9832040899514294,
  "training_accuracy3": 0.9850604800094293,
  "training_precision-overall": 0.9363589611725379,
  "training_recall-overall": 0.9297842461381335,
  "training_f1-measure-overall": 0.9330600217794645,
  "training_loss": 15.745544380370468,
  "training_worker_0_memory_MB": 0.0,
  "training_gpu_0_memory_MB": 20.74609375,
  "validation_accuracy": 0.9503134613138118,
  "validation_accuracy3": 0.9551614033721428,
  "validation_precision-overall": 0.8885080645161291,
  "validation_recall-overall": 0.7416694715583978,
  "validation_f1-measure-overall": 0.808475509080853,
  "validation_loss": 73.66759806988286,
  "best_validation_accuracy": 0.9493983879132433,
  "best_validation_accuracy3": 0.9538374673883415,
  "best_validation_precision-overall": 0.8818834796488427,
  "best_validation_recall-overall": 0.7438572871087176,
  "best_validation_f1-measure-overall": 0.8070111374839745,
  "best_validation_loss": 67.91284263835234
}