{
  "best_epoch": 17,
  "peak_worker_0_memory_MB": 0,
  "peak_gpu_0_memory_MB": 20.74609375,
  "training_duration": "1:36:17.012360",
  "training_start_epoch": 0,
  "training_epochs": 78,
  "epoch": 78,
  "training_accuracy": 0.9852814788258578,
  "training_accuracy3": 0.9869414254914768,
  "training_precision-overall": 0.9418390509229517,
  "training_recall-overall": 0.9358270564704881,
  "training_f1-measure-overall": 0.9388234289616986,
  "training_loss": 13.248304622319944,
  "training_worker_0_memory_MB": 0.0,
  "training_gpu_0_memory_MB": 20.74609375,
  "validation_accuracy": 0.9496320236750906,
  "validation_accuracy3": 0.9541879210311125,
  "validation_precision-overall": 0.8908906882591093,
  "validation_recall-overall": 0.7406597105351733,
  "validation_f1-measure-overall": 0.8088586656864052,
  "validation_loss": 78.52378938712326,
  "best_validation_accuracy": 0.9493983879132433,
  "best_validation_accuracy3": 0.9538374673883415,
  "best_validation_precision-overall": 0.8818834796488427,
  "best_validation_recall-overall": 0.7438572871087176,
  "best_validation_f1-measure-overall": 0.8070111374839745,
  "best_validation_loss": 67.91284263835234
}