{
  "best_epoch": 4,
  "peak_worker_0_memory_MB": 0,
  "peak_gpu_0_memory_MB": 20.74609375,
  "training_duration": "0:07:19.367409",
  "training_start_epoch": 0,
  "training_epochs": 5,
  "epoch": 5,
  "training_accuracy": 0.9706562682630966,
  "training_accuracy3": 0.973652029996906,
  "training_precision-overall": 0.8957880080062658,
  "training_recall-overall": 0.8760798331843909,
  "training_f1-measure-overall": 0.8858243153115828,
  "training_loss": 32.22935466288434,
  "training_worker_0_memory_MB": 0.0,
  "training_gpu_0_memory_MB": 20.74609375,
  "validation_accuracy": 0.9475877107589268,
  "validation_accuracy3": 0.9528055761068495,
  "validation_precision-overall": 0.8872057318321392,
  "validation_recall-overall": 0.729384045775833,
  "validation_f1-measure-overall": 0.8005911148055291,
  "validation_loss": 71.72504234313965,
  "best_validation_accuracy": 0.946341653362408,
  "best_validation_accuracy3": 0.9516958062380748,
  "best_validation_precision-overall": 0.8739870340356564,
  "best_validation_recall-overall": 0.7260181756984181,
  "best_validation_f1-measure-overall": 0.7931605074461723,
  "best_validation_loss": 69.99227774376963
}