{
  "best_epoch": 17,
  "peak_worker_0_memory_MB": 0,
  "peak_gpu_0_memory_MB": 20.74609375,
  "training_duration": "1:33:50.860306",
  "training_start_epoch": 0,
  "training_epochs": 76,
  "epoch": 76,
  "training_accuracy": 0.9859641196143816,
  "training_accuracy3": 0.9876682660432863,
  "training_precision-overall": 0.9437735525865022,
  "training_recall-overall": 0.9378696965828333,
  "training_f1-measure-overall": 0.940812362596266,
  "training_loss": 13.285406267995986,
  "training_worker_0_memory_MB": 0.0,
  "training_gpu_0_memory_MB": 20.74609375,
  "validation_accuracy": 0.9497877808496554,
  "validation_accuracy3": 0.9544410264397803,
  "validation_precision-overall": 0.8956133225020309,
  "validation_recall-overall": 0.7421743520700101,
  "validation_f1-measure-overall": 0.8117062396465545,
  "validation_loss": 78.69598785101199,
  "best_validation_accuracy": 0.9493983879132433,
  "best_validation_accuracy3": 0.9538374673883415,
  "best_validation_precision-overall": 0.8818834796488427,
  "best_validation_recall-overall": 0.7438572871087176,
  "best_validation_f1-measure-overall": 0.8070111374839745,
  "best_validation_loss": 67.91284263835234
}