{
  "best_epoch": 17,
  "peak_worker_0_memory_MB": 0,
  "peak_gpu_0_memory_MB": 20.74609375,
  "training_duration": "1:30:10.388578",
  "training_start_epoch": 0,
  "training_epochs": 73,
  "epoch": 73,
  "training_accuracy": 0.985423900285334,
  "training_accuracy3": 0.987186979731953,
  "training_precision-overall": 0.9425400634158883,
  "training_recall-overall": 0.9360823864845312,
  "training_f1-measure-overall": 0.9393001259687352,
  "training_loss": 13.348113912656258,
  "training_worker_0_memory_MB": 0.0,
  "training_gpu_0_memory_MB": 20.74609375,
  "validation_accuracy": 0.9494762665005256,
  "validation_accuracy3": 0.9538374673883415,
  "validation_precision-overall": 0.8903056061526007,
  "validation_recall-overall": 0.7403231235274318,
  "validation_f1-measure-overall": 0.8084167968390573,
  "validation_loss": 77.51923080519134,
  "best_validation_accuracy": 0.9493983879132433,
  "best_validation_accuracy3": 0.9538374673883415,
  "best_validation_precision-overall": 0.8818834796488427,
  "best_validation_recall-overall": 0.7438572871087176,
  "best_validation_f1-measure-overall": 0.8070111374839745,
  "best_validation_loss": 67.91284263835234
}