{
  "best_epoch": 17,
  "peak_worker_0_memory_MB": 0,
  "peak_gpu_0_memory_MB": 20.74609375,
  "training_duration": "0:37:47.602999",
  "training_start_epoch": 0,
  "training_epochs": 30,
  "epoch": 30,
  "training_accuracy": 0.982722803640096,
  "training_accuracy3": 0.9845693715284769,
  "training_precision-overall": 0.9351553435606549,
  "training_recall-overall": 0.9260819609345079,
  "training_f1-measure-overall": 0.9305965362411303,
  "training_loss": 16.717146901715047,
  "training_worker_0_memory_MB": 0.0,
  "training_gpu_0_memory_MB": 20.74609375,
  "validation_accuracy": 0.949709902262373,
  "validation_accuracy3": 0.9547136014952688,
  "validation_precision-overall": 0.8932275777913362,
  "validation_recall-overall": 0.7391450690003366,
  "validation_f1-measure-overall": 0.8089142646652051,
  "validation_loss": 74.90644420361987,
  "best_validation_accuracy": 0.9493983879132433,
  "best_validation_accuracy3": 0.9538374673883415,
  "best_validation_precision-overall": 0.8818834796488427,
  "best_validation_recall-overall": 0.7438572871087176,
  "best_validation_f1-measure-overall": 0.8070111374839745,
  "best_validation_loss": 67.91284263835234
}