{
  "best_epoch": 17,
  "peak_worker_0_memory_MB": 0,
  "peak_gpu_0_memory_MB": 20.74609375,
  "training_duration": "1:44:48.307283",
  "training_start_epoch": 0,
  "training_epochs": 85,
  "epoch": 85,
  "training_accuracy": 0.985836431409334,
  "training_accuracy3": 0.987506200244572,
  "training_precision-overall": 0.9449159807956105,
  "training_recall-overall": 0.9380399165921954,
  "training_f1-measure-overall": 0.9414653938966336,
  "training_loss": 12.943913553190123,
  "training_worker_0_memory_MB": 0.0,
  "training_gpu_0_memory_MB": 20.74609375,
  "validation_accuracy": 0.9497683112028348,
  "validation_accuracy3": 0.9543242085588567,
  "validation_precision-overall": 0.8918755052546483,
  "validation_recall-overall": 0.7426792325816224,
  "validation_f1-measure-overall": 0.8104683195591791,
  "validation_loss": 77.56255426593856,
  "best_validation_accuracy": 0.9493983879132433,
  "best_validation_accuracy3": 0.9538374673883415,
  "best_validation_precision-overall": 0.8818834796488427,
  "best_validation_recall-overall": 0.7438572871087176,
  "best_validation_f1-measure-overall": 0.8070111374839745,
  "best_validation_loss": 67.91284263835234
}