{
  "best_epoch": 17,
  "peak_worker_0_memory_MB": 0,
  "peak_gpu_0_memory_MB": 20.74609375,
  "training_duration": "1:50:48.627624",
  "training_start_epoch": 0,
  "training_epochs": 90,
  "epoch": 90,
  "training_accuracy": 0.9864896056890007,
  "training_accuracy3": 0.9880415084888101,
  "training_precision-overall": 0.9465684805411654,
  "training_recall-overall": 0.9408485467466701,
  "training_f1-measure-overall": 0.9436998463376656,
  "training_loss": 12.773158033236284,
  "training_worker_0_memory_MB": 0.0,
  "training_gpu_0_memory_MB": 20.74609375,
  "validation_accuracy": 0.9498656594369378,
  "validation_accuracy3": 0.9548109497293719,
  "validation_precision-overall": 0.8884197828709288,
  "validation_recall-overall": 0.7436889936048469,
  "validation_f1-measure-overall": 0.8096372297544392,
  "validation_loss": 74.61652284509995,
  "best_validation_accuracy": 0.9493983879132433,
  "best_validation_accuracy3": 0.9538374673883415,
  "best_validation_precision-overall": 0.8818834796488427,
  "best_validation_recall-overall": 0.7438572871087176,
  "best_validation_f1-measure-overall": 0.8070111374839745,
  "best_validation_loss": 67.91284263835234
}