{
  "best_epoch": 6,
  "peak_worker_0_memory_MB": 0,
  "peak_gpu_0_memory_MB": 20.74609375,
  "training_duration": "0:18:18.300006",
  "training_start_epoch": 0,
  "training_epochs": 14,
  "epoch": 14,
  "training_accuracy": 0.9781112950039534,
  "training_accuracy3": 0.9803703940163343,
  "training_precision-overall": 0.920198105081826,
  "training_recall-overall": 0.9092727350100004,
  "training_f1-measure-overall": 0.9147027975769529,
  "training_loss": 21.88597151901836,
  "training_worker_0_memory_MB": 0.0,
  "training_gpu_0_memory_MB": 20.74609375,
  "validation_accuracy": 0.9485611930999571,
  "validation_accuracy3": 0.9531949690432615,
  "validation_precision-overall": 0.8884818884818885,
  "validation_recall-overall": 0.7347694378996971,
  "validation_f1-measure-overall": 0.804347826086907,
  "validation_loss": 70.8933925815657,
  "best_validation_accuracy": 0.9487169502745221,
  "best_validation_accuracy3": 0.9535648923328531,
  "best_validation_precision-overall": 0.8832220198340417,
  "best_validation_recall-overall": 0.7344328508919555,
  "best_validation_f1-measure-overall": 0.8019847468528403,
  "best_validation_loss": 68.27270634969075
}