{
  "best_epoch": 17,
  "peak_worker_0_memory_MB": 0,
  "peak_gpu_0_memory_MB": 20.74609375,
  "training_duration": "0:43:52.269613",
  "training_start_epoch": 0,
  "training_epochs": 35,
  "epoch": 35,
  "training_accuracy": 0.9831304236792865,
  "training_accuracy3": 0.9849769915676674,
  "training_precision-overall": 0.9354838709677419,
  "training_recall-overall": 0.928039491042172,
  "training_f1-measure-overall": 0.9317468116467852,
  "training_loss": 16.458840613484654,
  "training_worker_0_memory_MB": 0.0,
  "training_gpu_0_memory_MB": 20.74609375,
  "validation_accuracy": 0.9494762665005256,
  "validation_accuracy3": 0.9539348156224446,
  "validation_precision-overall": 0.8847935548841893,
  "validation_recall-overall": 0.7393133625042073,
  "validation_f1-measure-overall": 0.8055377280644962,
  "validation_loss": 71.82008582470463,
  "best_validation_accuracy": 0.9493983879132433,
  "best_validation_accuracy3": 0.9538374673883415,
  "best_validation_precision-overall": 0.8818834796488427,
  "best_validation_recall-overall": 0.7438572871087176,
  "best_validation_f1-measure-overall": 0.8070111374839745,
  "best_validation_loss": 67.91284263835234
}