{
  "best_epoch": 17,
  "peak_worker_0_memory_MB": 0,
  "peak_gpu_0_memory_MB": 20.74609375,
  "training_duration": "0:21:57.623416",
  "training_start_epoch": 0,
  "training_epochs": 17,
  "epoch": 17,
  "training_accuracy": 0.980424415949239,
  "training_accuracy3": 0.9825312713325246,
  "training_precision-overall": 0.9256091795951695,
  "training_recall-overall": 0.9165496404102302,
  "training_f1-measure-overall": 0.9210571330823996,
  "training_loss": 19.881046826312645,
  "training_worker_0_memory_MB": 0.0,
  "training_gpu_0_memory_MB": 20.74609375,
  "validation_accuracy": 0.9493983879132433,
  "validation_accuracy3": 0.9538374673883415,
  "validation_precision-overall": 0.8818834796488427,
  "validation_recall-overall": 0.7438572871087176,
  "validation_f1-measure-overall": 0.8070111374839745,
  "validation_loss": 67.91284263835234,
  "best_validation_accuracy": 0.9493983879132433,
  "best_validation_accuracy3": 0.9538374673883415,
  "best_validation_precision-overall": 0.8818834796488427,
  "best_validation_recall-overall": 0.7438572871087176,
  "best_validation_f1-measure-overall": 0.8070111374839745,
  "best_validation_loss": 67.91284263835234
}