{
  "best_epoch": 17,
  "peak_worker_0_memory_MB": 0,
  "peak_gpu_0_memory_MB": 20.74609375,
  "training_duration": "1:03:23.628446",
  "training_start_epoch": 0,
  "training_epochs": 51,
  "epoch": 51,
  "training_accuracy": 0.9845349939348103,
  "training_accuracy3": 0.9862538736181435,
  "training_precision-overall": 0.9404930332261522,
  "training_recall-overall": 0.9335290863440997,
  "training_f1-measure-overall": 0.9369981206218532,
  "training_loss": 14.660260952143572,
  "training_worker_0_memory_MB": 0.0,
  "training_gpu_0_memory_MB": 20.74609375,
  "validation_accuracy": 0.9495346754409875,
  "validation_accuracy3": 0.9542073906779331,
  "validation_precision-overall": 0.8934041249744742,
  "validation_recall-overall": 0.7362840794345338,
  "validation_f1-measure-overall": 0.8072700433618843,
  "validation_loss": 79.34165290757721,
  "best_validation_accuracy": 0.9493983879132433,
  "best_validation_accuracy3": 0.9538374673883415,
  "best_validation_precision-overall": 0.8818834796488427,
  "best_validation_recall-overall": 0.7438572871087176,
  "best_validation_f1-measure-overall": 0.8070111374839745,
  "best_validation_loss": 67.91284263835234
}