{
  "best_epoch": 17,
  "peak_worker_0_memory_MB": 0,
  "peak_gpu_0_memory_MB": 20.74609375,
  "training_duration": "0:42:39.332822",
  "training_start_epoch": 0,
  "training_epochs": 34,
  "epoch": 34,
  "training_accuracy": 0.9833023116476198,
  "training_accuracy3": 0.9852471012321912,
  "training_precision-overall": 0.936700712385203,
  "training_recall-overall": 0.928848036086642,
  "training_f1-measure-overall": 0.9327578470545002,
  "training_loss": 16.190516758616802,
  "training_worker_0_memory_MB": 0.0,
  "training_gpu_0_memory_MB": 20.74609375,
  "validation_accuracy": 0.9496904326155523,
  "validation_accuracy3": 0.954460496086601,
  "validation_precision-overall": 0.8982564102564102,
  "validation_recall-overall": 0.7369572534500168,
  "validation_f1-measure-overall": 0.8096514745307817,
  "validation_loss": 79.72562546823539,
  "best_validation_accuracy": 0.9493983879132433,
  "best_validation_accuracy3": 0.9538374673883415,
  "best_validation_precision-overall": 0.8818834796488427,
  "best_validation_recall-overall": 0.7438572871087176,
  "best_validation_f1-measure-overall": 0.8070111374839745,
  "best_validation_loss": 67.91284263835234
}