{
  "best_epoch": 17,
  "peak_worker_0_memory_MB": 0,
  "peak_gpu_0_memory_MB": 20.74609375,
  "training_duration": "0:35:21.606397",
  "training_start_epoch": 0,
  "training_epochs": 28,
  "epoch": 28,
  "training_accuracy": 0.982104006954096,
  "training_accuracy3": 0.984063529793096,
  "training_precision-overall": 0.9338690271570986,
  "training_recall-overall": 0.9248478658666326,
  "training_f1-measure-overall": 0.9293365547026504,
  "training_loss": 17.361471200043628,
  "training_worker_0_memory_MB": 0.0,
  "training_gpu_0_memory_MB": 20.74609375,
  "validation_accuracy": 0.9501771737860675,
  "validation_accuracy3": 0.9547136014952688,
  "validation_precision-overall": 0.8879032258064516,
  "validation_recall-overall": 0.7411645910467856,
  "validation_f1-measure-overall": 0.8079251513483269,
  "validation_loss": 71.54835760827159,
  "best_validation_accuracy": 0.9493983879132433,
  "best_validation_accuracy3": 0.9538374673883415,
  "best_validation_precision-overall": 0.8818834796488427,
  "best_validation_recall-overall": 0.7438572871087176,
  "best_validation_f1-measure-overall": 0.8070111374839745,
  "best_validation_loss": 67.91284263835234
}