{
  "best_epoch": 17,
  "peak_worker_0_memory_MB": 0,
  "peak_gpu_0_memory_MB": 20.74609375,
  "training_duration": "0:41:26.385523",
  "training_start_epoch": 0,
  "training_epochs": 33,
  "epoch": 33,
  "training_accuracy": 0.9832090010362389,
  "training_accuracy3": 0.9850997686879055,
  "training_precision-overall": 0.9353413137683958,
  "training_recall-overall": 0.9276990510234479,
  "training_f1-measure-overall": 0.9315045079690139,
  "training_loss": 16.52739688855912,
  "training_worker_0_memory_MB": 0.0,
  "training_gpu_0_memory_MB": 20.74609375,
  "validation_accuracy": 0.9500992951987851,
  "validation_accuracy3": 0.9543826174993185,
  "validation_precision-overall": 0.893146796431468,
  "validation_recall-overall": 0.7413328845506564,
  "validation_f1-measure-overall": 0.810189442707326,
  "validation_loss": 75.85476639691521,
  "best_validation_accuracy": 0.9493983879132433,
  "best_validation_accuracy3": 0.9538374673883415,
  "best_validation_precision-overall": 0.8818834796488427,
  "best_validation_recall-overall": 0.7438572871087176,
  "best_validation_f1-measure-overall": 0.8070111374839745,
  "best_validation_loss": 67.91284263835234
}