{
  "best_epoch": 17,
  "peak_worker_0_memory_MB": 0,
  "peak_gpu_0_memory_MB": 20.74609375,
  "training_duration": "0:25:37.381355",
  "training_start_epoch": 0,
  "training_epochs": 20,
  "epoch": 20,
  "training_accuracy": 0.9812101895187628,
  "training_accuracy3": 0.9832335564602865,
  "training_precision-overall": 0.9291541434091884,
  "training_recall-overall": 0.9208902506489638,
  "training_f1-measure-overall": 0.9250037401952951,
  "training_loss": 19.183836327598414,
  "training_worker_0_memory_MB": 0.0,
  "training_gpu_0_memory_MB": 20.74609375,
  "validation_accuracy": 0.9499824773178615,
  "validation_accuracy3": 0.9544994353802422,
  "validation_precision-overall": 0.8928136419001218,
  "validation_recall-overall": 0.7401548300235611,
  "validation_f1-measure-overall": 0.8093485461906019,
  "validation_loss": 72.54160961450314,
  "best_validation_accuracy": 0.9493983879132433,
  "best_validation_accuracy3": 0.9538374673883415,
  "best_validation_precision-overall": 0.8818834796488427,
  "best_validation_recall-overall": 0.7438572871087176,
  "best_validation_f1-measure-overall": 0.8070111374839745,
  "best_validation_loss": 67.91284263835234
}