{
  "best_epoch": 4,
  "peak_worker_0_memory_MB": 0,
  "peak_gpu_0_memory_MB": 20.74609375,
  "training_duration": "0:06:06.524852",
  "training_start_epoch": 0,
  "training_epochs": 4,
  "epoch": 4,
  "training_accuracy": 0.967714528462192,
  "training_accuracy3": 0.970950933351668,
  "training_precision-overall": 0.8871992637714186,
  "training_recall-overall": 0.8615260223839313,
  "training_f1-measure-overall": 0.8741741871410182,
  "training_loss": 36.574261745722254,
  "training_worker_0_memory_MB": 0.0,
  "training_gpu_0_memory_MB": 20.74609375,
  "validation_accuracy": 0.946341653362408,
  "validation_accuracy3": 0.9516958062380748,
  "validation_precision-overall": 0.8739870340356564,
  "validation_recall-overall": 0.7260181756984181,
  "validation_f1-measure-overall": 0.7931605074461723,
  "validation_loss": 69.99227774376963,
  "best_validation_accuracy": 0.946341653362408,
  "best_validation_accuracy3": 0.9516958062380748,
  "best_validation_precision-overall": 0.8739870340356564,
  "best_validation_recall-overall": 0.7260181756984181,
  "best_validation_f1-measure-overall": 0.7931605074461723,
  "best_validation_loss": 69.99227774376963
}