{
  "best_epoch": 17,
  "peak_worker_0_memory_MB": 0,
  "peak_gpu_0_memory_MB": 20.74609375,
  "training_duration": "1:57:05.917602",
  "training_start_epoch": 0,
  "training_epochs": 97,
  "epoch": 97,
  "training_accuracy": 0.9860574302257625,
  "training_accuracy3": 0.9876682660432863,
  "training_precision-overall": 0.9446464473627925,
  "training_recall-overall": 0.9397421166858164,
  "training_f1-measure-overall": 0.9421878999914168,
  "training_loss": 12.675694349414938,
  "training_worker_0_memory_MB": 0.0,
  "training_gpu_0_memory_MB": 20.74609375,
  "validation_accuracy": 0.9475682411121062,
  "validation_accuracy3": 0.9523383045831548,
  "validation_precision-overall": 0.8793242156074015,
  "validation_recall-overall": 0.7357791989229215,
  "validation_f1-measure-overall": 0.8011728055707769,
  "validation_loss": 76.85027915356206,
  "best_validation_accuracy": 0.9493983879132433,
  "best_validation_accuracy3": 0.9538374673883415,
  "best_validation_precision-overall": 0.8818834796488427,
  "best_validation_recall-overall": 0.7438572871087176,
  "best_validation_f1-measure-overall": 0.8070111374839745,
  "best_validation_loss": 67.91284263835234
}