{
  "best_epoch": 17,
  "peak_worker_0_memory_MB": 0,
  "peak_gpu_0_memory_MB": 20.74609375,
  "training_duration": "1:37:29.992689",
  "training_start_epoch": 0,
  "training_epochs": 79,
  "epoch": 79,
  "training_accuracy": 0.9859002755118578,
  "training_accuracy3": 0.9876240662800005,
  "training_precision-overall": 0.9448160535117057,
  "training_recall-overall": 0.9376994765734712,
  "training_f1-measure-overall": 0.9412443134490434,
  "training_loss": 13.286083285520723,
  "training_worker_0_memory_MB": 0.0,
  "training_gpu_0_memory_MB": 20.74609375,
  "validation_accuracy": 0.9491258128577548,
  "validation_accuracy3": 0.9537595888010592,
  "validation_precision-overall": 0.891260162601626,
  "validation_recall-overall": 0.7379670144732413,
  "validation_f1-measure-overall": 0.8074019517583743,
  "validation_loss": 79.0919282576617,
  "best_validation_accuracy": 0.9493983879132433,
  "best_validation_accuracy3": 0.9538374673883415,
  "best_validation_precision-overall": 0.8818834796488427,
  "best_validation_recall-overall": 0.7438572871087176,
  "best_validation_f1-measure-overall": 0.8070111374839745,
  "best_validation_loss": 67.91284263835234
}