{
  "best_epoch": 17,
  "peak_worker_0_memory_MB": 0,
  "peak_gpu_0_memory_MB": 20.74609375,
  "training_duration": "0:30:30.322494",
  "training_start_epoch": 0,
  "training_epochs": 24,
  "epoch": 24,
  "training_accuracy": 0.9815932541339056,
  "training_accuracy3": 0.983557688057715,
  "training_precision-overall": 0.9309529947580991,
  "training_recall-overall": 0.922039235712158,
  "training_f1-measure-overall": 0.9264746755606368,
  "training_loss": 18.360395045921308,
  "training_worker_0_memory_MB": 0.0,
  "training_gpu_0_memory_MB": 20.74609375,
  "validation_accuracy": 0.9491063432109341,
  "validation_accuracy3": 0.9537011798605973,
  "validation_precision-overall": 0.8928206177132338,
  "validation_recall-overall": 0.7346011443958264,
  "validation_f1-measure-overall": 0.8060197581016955,
  "validation_loss": 77.7860574909285,
  "best_validation_accuracy": 0.9493983879132433,
  "best_validation_accuracy3": 0.9538374673883415,
  "best_validation_precision-overall": 0.8818834796488427,
  "best_validation_recall-overall": 0.7438572871087176,
  "best_validation_f1-measure-overall": 0.8070111374839745,
  "best_validation_loss": 67.91284263835234
}