{
  "best_epoch": 17,
  "peak_worker_0_memory_MB": 0,
  "peak_gpu_0_memory_MB": 20.74609375,
  "training_duration": "0:46:18.800053",
  "training_start_epoch": 0,
  "training_epochs": 37,
  "epoch": 37,
  "training_accuracy": 0.9831451569337151,
  "training_accuracy3": 0.985104679772715,
  "training_precision-overall": 0.9350565843621399,
  "training_recall-overall": 0.9282522660538747,
  "training_f1-measure-overall": 0.9316420014093935,
  "training_loss": 16.54931973650678,
  "training_worker_0_memory_MB": 0.0,
  "training_gpu_0_memory_MB": 20.74609375,
  "validation_accuracy": 0.9494957361473463,
  "validation_accuracy3": 0.954012694209727,
  "validation_precision-overall": 0.8894055802668823,
  "validation_recall-overall": 0.7403231235274318,
  "validation_f1-measure-overall": 0.8080455547391128,
  "validation_loss": 73.18560145882999,
  "best_validation_accuracy": 0.9493983879132433,
  "best_validation_accuracy3": 0.9538374673883415,
  "best_validation_precision-overall": 0.8818834796488427,
  "best_validation_recall-overall": 0.7438572871087176,
  "best_validation_f1-measure-overall": 0.8070111374839745,
  "best_validation_loss": 67.91284263835234
}