{
  "best_epoch": 17,
  "peak_worker_0_memory_MB": 0,
  "peak_gpu_0_memory_MB": 20.74609375,
  "training_duration": "1:31:24.403974",
  "training_start_epoch": 0,
  "training_epochs": 74,
  "epoch": 74,
  "training_accuracy": 0.9854779222182388,
  "training_accuracy3": 0.9872311794952388,
  "training_precision-overall": 0.9429709927589014,
  "training_recall-overall": 0.936550491510277,
  "training_f1-measure-overall": 0.9397497758229997,
  "training_loss": 13.592741162467384,
  "training_worker_0_memory_MB": 0.0,
  "training_gpu_0_memory_MB": 20.74609375,
  "validation_accuracy": 0.9500408862583233,
  "validation_accuracy3": 0.9549667069039368,
  "validation_precision-overall": 0.893711967545639,
  "validation_recall-overall": 0.7415011780545271,
  "validation_f1-measure-overall": 0.8105224429727246,
  "validation_loss": 79.39382113662421,
  "best_validation_accuracy": 0.9493983879132433,
  "best_validation_accuracy3": 0.9538374673883415,
  "best_validation_precision-overall": 0.8818834796488427,
  "best_validation_recall-overall": 0.7438572871087176,
  "best_validation_f1-measure-overall": 0.8070111374839745,
  "best_validation_loss": 67.91284263835234
}