{
  "best_epoch": 17,
  "peak_worker_0_memory_MB": 0,
  "peak_gpu_0_memory_MB": 20.74609375,
  "training_duration": "1:08:15.420028",
  "training_start_epoch": 0,
  "training_epochs": 55,
  "epoch": 55,
  "training_accuracy": 0.9847707260056674,
  "training_accuracy3": 0.9865878273851911,
  "training_precision-overall": 0.9403413964659462,
  "training_recall-overall": 0.9330184263160134,
  "training_f1-measure-overall": 0.9366655986328668,
  "training_loss": 14.727232042369105,
  "training_worker_0_memory_MB": 0.0,
  "training_gpu_0_memory_MB": 20.74609375,
  "validation_accuracy": 0.9498656594369378,
  "validation_accuracy3": 0.9543047389120362,
  "validation_precision-overall": 0.8953677366924014,
  "validation_recall-overall": 0.7416694715583978,
  "validation_f1-measure-overall": 0.8113033873342657,
  "validation_loss": 77.32326687083525,
  "best_validation_accuracy": 0.9493983879132433,
  "best_validation_accuracy3": 0.9538374673883415,
  "best_validation_precision-overall": 0.8818834796488427,
  "best_validation_recall-overall": 0.7438572871087176,
  "best_validation_f1-measure-overall": 0.8070111374839745,
  "best_validation_loss": 67.91284263835234
}