{
  "best_epoch": 6,
  "peak_worker_0_memory_MB": 0,
  "peak_gpu_0_memory_MB": 20.74609375,
  "training_duration": "0:15:51.989448",
  "training_start_epoch": 0,
  "training_epochs": 12,
  "epoch": 12,
  "training_accuracy": 0.9771389002116677,
  "training_accuracy3": 0.9793341551215248,
  "training_precision-overall": 0.9159312986957083,
  "training_recall-overall": 0.9054853398016937,
  "training_f1-measure-overall": 0.9106783650759183,
  "training_loss": 22.978002937073587,
  "training_worker_0_memory_MB": 0.0,
  "training_gpu_0_memory_MB": 20.74609375,
  "validation_accuracy": 0.9487364199213426,
  "validation_accuracy3": 0.95346754409875,
  "validation_precision-overall": 0.8866965012205045,
  "validation_recall-overall": 0.7335913833726018,
  "validation_f1-measure-overall": 0.8029102965554855,
  "validation_loss": 71.06204924863927,
  "best_validation_accuracy": 0.9487169502745221,
  "best_validation_accuracy3": 0.9535648923328531,
  "best_validation_precision-overall": 0.8832220198340417,
  "best_validation_recall-overall": 0.7344328508919555,
  "best_validation_f1-measure-overall": 0.8019847468528403,
  "best_validation_loss": 68.27270634969075
}