{
  "best_epoch": 17,
  "peak_worker_0_memory_MB": 0,
  "peak_gpu_0_memory_MB": 20.74609375,
  "training_duration": "1:41:09.014851",
  "training_start_epoch": 0,
  "training_epochs": 82,
  "epoch": 82,
  "training_accuracy": 0.9860181415472864,
  "training_accuracy3": 0.9877321101458101,
  "training_precision-overall": 0.9442446043165468,
  "training_recall-overall": 0.938337801608579,
  "training_f1-measure-overall": 0.941281936351362,
  "training_loss": 13.383387483062396,
  "training_worker_0_memory_MB": 0.0,
  "training_gpu_0_memory_MB": 20.74609375,
  "validation_accuracy": 0.9496125540282699,
  "validation_accuracy3": 0.9539737549160858,
  "validation_precision-overall": 0.8906849868660336,
  "validation_recall-overall": 0.7418377650622686,
  "validation_f1-measure-overall": 0.8094757138921552,
  "validation_loss": 79.39753482856003,
  "best_validation_accuracy": 0.9493983879132433,
  "best_validation_accuracy3": 0.9538374673883415,
  "best_validation_precision-overall": 0.8818834796488427,
  "best_validation_recall-overall": 0.7438572871087176,
  "best_validation_f1-measure-overall": 0.8070111374839745,
  "best_validation_loss": 67.91284263835234
}