{
  "best_epoch": 17,
  "peak_worker_0_memory_MB": 0,
  "peak_gpu_0_memory_MB": 20.74609375,
  "training_duration": "1:07:02.698570",
  "training_start_epoch": 0,
  "training_epochs": 54,
  "epoch": 54,
  "training_accuracy": 0.9848689477018578,
  "training_accuracy3": 0.9866811379965721,
  "training_precision-overall": 0.9413025768554646,
  "training_recall-overall": 0.9342525213838887,
  "training_f1-measure-overall": 0.9377642988338315,
  "training_loss": 14.50414416132864,
  "training_worker_0_memory_MB": 0.0,
  "training_gpu_0_memory_MB": 20.74609375,
  "validation_accuracy": 0.949807250496476,
  "validation_accuracy3": 0.9546941318484483,
  "validation_precision-overall": 0.8901722391084094,
  "validation_recall-overall": 0.7393133625042073,
  "validation_f1-measure-overall": 0.8077594925070756,
  "validation_loss": 77.56181885214413,
  "best_validation_accuracy": 0.9493983879132433,
  "best_validation_accuracy3": 0.9538374673883415,
  "best_validation_precision-overall": 0.8818834796488427,
  "best_validation_recall-overall": 0.7438572871087176,
  "best_validation_f1-measure-overall": 0.8070111374839745,
  "best_validation_loss": 67.91284263835234
}