{
  "best_epoch": 17,
  "peak_worker_0_memory_MB": 0,
  "peak_gpu_0_memory_MB": 20.74609375,
  "training_duration": "1:58:53.696426",
  "training_start_epoch": 0,
  "training_epochs": 99,
  "epoch": 99,
  "training_accuracy": 0.9866565825725244,
  "training_accuracy3": 0.988237951881191,
  "training_precision-overall": 0.9469037925862438,
  "training_recall-overall": 0.9402953317162432,
  "training_f1-measure-overall": 0.9435879916299624,
  "training_loss": 12.622144610029146,
  "training_worker_0_memory_MB": 0.0,
  "training_gpu_0_memory_MB": 20.74609375,
  "validation_accuracy": 0.9488532378022663,
  "validation_accuracy3": 0.9531170904559791,
  "validation_precision-overall": 0.8877427184466019,
  "validation_recall-overall": 0.7386401884887244,
  "validation_f1-measure-overall": 0.8063567885356843,
  "validation_loss": 78.93262145098518,
  "best_validation_accuracy": 0.9493983879132433,
  "best_validation_accuracy3": 0.9538374673883415,
  "best_validation_precision-overall": 0.8818834796488427,
  "best_validation_recall-overall": 0.7438572871087176,
  "best_validation_f1-measure-overall": 0.8070111374839745,
  "best_validation_loss": 67.91284263835234,
  "test_accuracy": 0.9200172283837622,
  "test_accuracy3": 0.9303973296005168,
  "test_precision-overall": 0.8002314814814815,
  "test_recall-overall": 0.6120750708215298,
  "test_f1-measure-overall": 0.6936195826644774,
  "test_loss": 89.53602289270472
}