{
  "best_epoch": 17,
  "peak_worker_0_memory_MB": 0,
  "peak_gpu_0_memory_MB": 20.74609375,
  "training_duration": "1:52:36.359286",
  "training_start_epoch": 0,
  "training_epochs": 92,
  "epoch": 92,
  "training_accuracy": 0.9861998516852387,
  "training_accuracy3": 0.9878205096723816,
  "training_precision-overall": 0.9461106105461878,
  "training_recall-overall": 0.9383803566109196,
  "training_f1-measure-overall": 0.9422296286800338,
  "training_loss": 13.003667040674996,
  "training_worker_0_memory_MB": 0.0,
  "training_gpu_0_memory_MB": 20.74609375,
  "validation_accuracy": 0.9492426307386784,
  "validation_accuracy3": 0.9538958763288033,
  "validation_precision-overall": 0.8858006042296073,
  "validation_recall-overall": 0.7401548300235611,
  "validation_f1-measure-overall": 0.8064545704592885,
  "validation_loss": 78.03446776259179,
  "best_validation_accuracy": 0.9493983879132433,
  "best_validation_accuracy3": 0.9538374673883415,
  "best_validation_precision-overall": 0.8818834796488427,
  "best_validation_recall-overall": 0.7438572871087176,
  "best_validation_f1-measure-overall": 0.8070111374839745,
  "best_validation_loss": 67.91284263835234
}