{
  "best_epoch": 17,
  "peak_worker_0_memory_MB": 0,
  "peak_gpu_0_memory_MB": 20.74609375,
  "training_duration": "1:24:06.222178",
  "training_start_epoch": 0,
  "training_epochs": 68,
  "epoch": 68,
  "training_accuracy": 0.9853502340131912,
  "training_accuracy3": 0.9870003585091911,
  "training_precision-overall": 0.9433614669465747,
  "training_recall-overall": 0.9370185965360228,
  "training_f1-measure-overall": 0.9401793339025974,
  "training_loss": 13.869458458146637,
  "training_worker_0_memory_MB": 0.0,
  "training_gpu_0_memory_MB": 20.74609375,
  "validation_accuracy": 0.949904598730579,
  "validation_accuracy3": 0.9544215567929598,
  "validation_precision-overall": 0.8897827835880934,
  "validation_recall-overall": 0.7445304611242006,
  "validation_f1-measure-overall": 0.8107018508337418,
  "validation_loss": 74.63870899350036,
  "best_validation_accuracy": 0.9493983879132433,
  "best_validation_accuracy3": 0.9538374673883415,
  "best_validation_precision-overall": 0.8818834796488427,
  "best_validation_recall-overall": 0.7438572871087176,
  "best_validation_f1-measure-overall": 0.8070111374839745,
  "best_validation_loss": 67.91284263835234
}