{
  "best_epoch": 6,
  "peak_worker_0_memory_MB": 0,
  "peak_gpu_0_memory_MB": 20.74609375,
  "training_duration": "0:08:32.473748",
  "training_start_epoch": 0,
  "training_epochs": 6,
  "epoch": 6,
  "training_accuracy": 0.9714960637655252,
  "training_accuracy3": 0.9744230703120013,
  "training_precision-overall": 0.8981220453658325,
  "training_recall-overall": 0.8812289884675943,
  "training_f1-measure-overall": 0.8895953260588899,
  "training_loss": 30.193986023748653,
  "training_worker_0_memory_MB": 0.0,
  "training_gpu_0_memory_MB": 20.74609375,
  "validation_accuracy": 0.9487169502745221,
  "validation_accuracy3": 0.9535648923328531,
  "validation_precision-overall": 0.8832220198340417,
  "validation_recall-overall": 0.7344328508919555,
  "validation_f1-measure-overall": 0.8019847468528403,
  "validation_loss": 68.27270634969075,
  "best_validation_accuracy": 0.9487169502745221,
  "best_validation_accuracy3": 0.9535648923328531,
  "best_validation_precision-overall": 0.8832220198340417,
  "best_validation_recall-overall": 0.7344328508919555,
  "best_validation_f1-measure-overall": 0.8019847468528403,
  "best_validation_loss": 68.27270634969075
}