{
  "best_epoch": 6,
  "peak_worker_0_memory_MB": 0,
  "peak_gpu_0_memory_MB": 20.74609375,
  "training_duration": "0:10:58.944947",
  "training_start_epoch": 0,
  "training_epochs": 8,
  "epoch": 8,
  "training_accuracy": 0.9747914016727155,
  "training_accuracy3": 0.9772469440774773,
  "training_precision-overall": 0.9083844227614196,
  "training_recall-overall": 0.8953572492446487,
  "training_f1-measure-overall": 0.9018237928890865,
  "training_loss": 26.64776639786288,
  "training_worker_0_memory_MB": 0.0,
  "training_gpu_0_memory_MB": 20.74609375,
  "validation_accuracy": 0.9480355126358008,
  "validation_accuracy3": 0.9529418636345937,
  "validation_precision-overall": 0.8826747720364742,
  "validation_recall-overall": 0.7330865028609895,
  "validation_f1-measure-overall": 0.800956145996089,
  "validation_loss": 68.73820299260757,
  "best_validation_accuracy": 0.9487169502745221,
  "best_validation_accuracy3": 0.9535648923328531,
  "best_validation_precision-overall": 0.8832220198340417,
  "best_validation_recall-overall": 0.7344328508919555,
  "best_validation_f1-measure-overall": 0.8019847468528403,
  "best_validation_loss": 68.27270634969075
}