{
  "best_epoch": 17,
  "peak_worker_0_memory_MB": 0,
  "peak_gpu_0_memory_MB": 20.74609375,
  "training_duration": "0:32:55.743320",
  "training_start_epoch": 0,
  "training_epochs": 26,
  "epoch": 26,
  "training_accuracy": 0.9824674272300008,
  "training_accuracy3": 0.984372928136096,
  "training_precision-overall": 0.9334019910744936,
  "training_recall-overall": 0.9256564109111026,
  "training_f1-measure-overall": 0.9295130654017405,
  "training_loss": 17.556050982725104,
  "training_worker_0_memory_MB": 0.0,
  "training_gpu_0_memory_MB": 20.74609375,
  "validation_accuracy": 0.9504302791947354,
  "validation_accuracy3": 0.9553560998403489,
  "validation_precision-overall": 0.8927559692432213,
  "validation_recall-overall": 0.7425109390777516,
  "validation_f1-measure-overall": 0.8107313487687854,
  "validation_loss": 72.12367637484681,
  "best_validation_accuracy": 0.9493983879132433,
  "best_validation_accuracy3": 0.9538374673883415,
  "best_validation_precision-overall": 0.8818834796488427,
  "best_validation_recall-overall": 0.7438572871087176,
  "best_validation_f1-measure-overall": 0.8070111374839745,
  "best_validation_loss": 67.91284263835234
}