{
  "best_epoch": 17,
  "peak_worker_0_memory_MB": 0,
  "peak_gpu_0_memory_MB": 20.74609375,
  "training_duration": "0:26:50.355482",
  "training_start_epoch": 0,
  "training_epochs": 21,
  "epoch": 21,
  "training_accuracy": 0.9800659067581438,
  "training_accuracy3": 0.9821531178021913,
  "training_precision-overall": 0.9249494645391596,
  "training_recall-overall": 0.9151878803353334,
  "training_f1-measure-overall": 0.9200427807486132,
  "training_loss": 19.155904063874335,
  "training_worker_0_memory_MB": 0.0,
  "training_gpu_0_memory_MB": 20.74609375,
  "validation_accuracy": 0.9489116467427281,
  "validation_accuracy3": 0.9536038316264943,
  "validation_precision-overall": 0.888235294117647,
  "validation_recall-overall": 0.7369572534500168,
  "validation_f1-measure-overall": 0.805555555555506,
  "validation_loss": 72.59915078855029,
  "best_validation_accuracy": 0.9493983879132433,
  "best_validation_accuracy3": 0.9538374673883415,
  "best_validation_precision-overall": 0.8818834796488427,
  "best_validation_recall-overall": 0.7438572871087176,
  "best_validation_f1-measure-overall": 0.8070111374839745,
  "best_validation_loss": 67.91284263835234
}