{
  "best_epoch": 17,
  "peak_worker_0_memory_MB": 0,
  "peak_gpu_0_memory_MB": 20.74609375,
  "training_duration": "0:24:24.231137",
  "training_start_epoch": 0,
  "training_epochs": 19,
  "epoch": 19,
  "training_accuracy": 0.9808222138188104,
  "training_accuracy3": 0.9827964699122389,
  "training_precision-overall": 0.9280714561772663,
  "training_recall-overall": 0.9196987105834291,
  "training_f1-measure-overall": 0.923866113794675,
  "training_loss": 19.439124823159673,
  "training_worker_0_memory_MB": 0.0,
  "training_gpu_0_memory_MB": 20.74609375,
  "validation_accuracy": 0.9487948288618044,
  "validation_accuracy3": 0.9531949690432615,
  "validation_precision-overall": 0.8858761634965601,
  "validation_recall-overall": 0.7367889599461461,
  "validation_f1-measure-overall": 0.8044836457184363,
  "validation_loss": 73.05603507920807,
  "best_validation_accuracy": 0.9493983879132433,
  "best_validation_accuracy3": 0.9538374673883415,
  "best_validation_precision-overall": 0.8818834796488427,
  "best_validation_recall-overall": 0.7438572871087176,
  "best_validation_f1-measure-overall": 0.8070111374839745,
  "best_validation_loss": 67.91284263835234
}