{
  "best_epoch": 1,
  "peak_worker_0_memory_MB": 0,
  "peak_gpu_0_memory_MB": 20.591796875,
  "training_duration": "0:02:26.264565",
  "training_start_epoch": 0,
  "training_epochs": 1,
  "epoch": 1,
  "training_accuracy": 0.9339164428030508,
  "training_accuracy3": 0.9413960249679552,
  "training_precision-overall": 0.758766712661179,
  "training_recall-overall": 0.6786246223243543,
  "training_f1-measure-overall": 0.7164614969897964,
  "training_loss": 78.59531301789512,
  "training_worker_0_memory_MB": 0.0,
  "training_gpu_0_memory_MB": 20.591796875,
  "validation_accuracy": 0.9347572135041471,
  "validation_accuracy3": 0.940500759316226,
  "validation_precision-overall": 0.8484653359089933,
  "validation_recall-overall": 0.665264220801077,
  "validation_f1-measure-overall": 0.7457787001225807,
  "validation_loss": 85.66368922065286,
  "best_validation_accuracy": 0.9347572135041471,
  "best_validation_accuracy3": 0.940500759316226,
  "best_validation_precision-overall": 0.8484653359089933,
  "best_validation_recall-overall": 0.665264220801077,
  "best_validation_f1-measure-overall": 0.7457787001225807,
  "best_validation_loss": 85.66368922065286
}