{
  "best_epoch": 17,
  "peak_worker_0_memory_MB": 0,
  "peak_gpu_0_memory_MB": 20.74609375,
  "training_duration": "0:58:31.037833",
  "training_start_epoch": 0,
  "training_epochs": 47,
  "epoch": 47,
  "training_accuracy": 0.9844760609170959,
  "training_accuracy3": 0.9862047627700483,
  "training_precision-overall": 0.9392731636238965,
  "training_recall-overall": 0.9326779862972893,
  "training_f1-measure-overall": 0.9359639570387901,
  "training_loss": 15.02055625111747,
  "training_worker_0_memory_MB": 0.0,
  "training_gpu_0_memory_MB": 20.74609375,
  "validation_accuracy": 0.9499435380242203,
  "validation_accuracy3": 0.9546162532611658,
  "validation_precision-overall": 0.8965166021592993,
  "validation_recall-overall": 0.7406597105351733,
  "validation_f1-measure-overall": 0.8111694774674649,
  "validation_loss": 77.21412129495658,
  "best_validation_accuracy": 0.9493983879132433,
  "best_validation_accuracy3": 0.9538374673883415,
  "best_validation_precision-overall": 0.8818834796488427,
  "best_validation_recall-overall": 0.7438572871087176,
  "best_validation_f1-measure-overall": 0.8070111374839745,
  "best_validation_loss": 67.91284263835234
}