{
  "best_epoch": 17,
  "peak_worker_0_memory_MB": 0,
  "peak_gpu_0_memory_MB": 20.74609375,
  "training_duration": "1:25:19.167522",
  "training_start_epoch": 0,
  "training_epochs": 69,
  "epoch": 69,
  "training_accuracy": 0.9857922316460483,
  "training_accuracy3": 0.9874570893964768,
  "training_precision-overall": 0.9442563948755303,
  "training_recall-overall": 0.9378271415804927,
  "training_f1-measure-overall": 0.9410307869677967,
  "training_loss": 13.252723138804859,
  "training_worker_0_memory_MB": 0.0,
  "training_gpu_0_memory_MB": 20.74609375,
  "validation_accuracy": 0.9495736147346288,
  "validation_accuracy3": 0.9538374673883415,
  "validation_precision-overall": 0.893517577728104,
  "validation_recall-overall": 0.7399865365196904,
  "validation_f1-measure-overall": 0.8095369603239861,
  "validation_loss": 79.32203272277233,
  "best_validation_accuracy": 0.9493983879132433,
  "best_validation_accuracy3": 0.9538374673883415,
  "best_validation_precision-overall": 0.8818834796488427,
  "best_validation_recall-overall": 0.7438572871087176,
  "best_validation_f1-measure-overall": 0.8070111374839745,
  "best_validation_loss": 67.91284263835234
}