{
  "best_epoch": 17,
  "peak_worker_0_memory_MB": 0,
  "peak_gpu_0_memory_MB": 20.74609375,
  "training_duration": "1:26:32.233615",
  "training_start_epoch": 0,
  "training_epochs": 70,
  "epoch": 70,
  "training_accuracy": 0.9862636957877625,
  "training_accuracy3": 0.9879285535381911,
  "training_precision-overall": 0.9464745239320638,
  "training_recall-overall": 0.9391037916507086,
  "training_f1-measure-overall": 0.9427747516821032,
  "training_loss": 13.5984710484811,
  "training_worker_0_memory_MB": 0.0,
  "training_gpu_0_memory_MB": 20.74609375,
  "validation_accuracy": 0.9494373272068845,
  "validation_accuracy3": 0.9538958763288033,
  "validation_precision-overall": 0.8815372424722663,
  "validation_recall-overall": 0.7489060922248402,
  "validation_f1-measure-overall": 0.8098271155595501,
  "validation_loss": 70.45840422312419,
  "best_validation_accuracy": 0.9493983879132433,
  "best_validation_accuracy3": 0.9538374673883415,
  "best_validation_precision-overall": 0.8818834796488427,
  "best_validation_recall-overall": 0.7438572871087176,
  "best_validation_f1-measure-overall": 0.8070111374839745,
  "best_validation_loss": 67.91284263835234
}