{
  "best_epoch": 6,
  "peak_worker_0_memory_MB": 0,
  "peak_gpu_0_memory_MB": 20.74609375,
  "training_duration": "0:17:04.746441",
  "training_start_epoch": 0,
  "training_epochs": 13,
  "epoch": 13,
  "training_accuracy": 0.9778264520850011,
  "training_accuracy3": 0.9800167959100485,
  "training_precision-overall": 0.9188654069642319,
  "training_recall-overall": 0.9084641899655305,
  "training_f1-measure-overall": 0.9136351964392209,
  "training_loss": 22.463624403525593,
  "training_worker_0_memory_MB": 0.0,
  "training_gpu_0_memory_MB": 20.74609375,
  "validation_accuracy": 0.9491063432109341,
  "validation_accuracy3": 0.953720649507418,
  "validation_precision-overall": 0.8950705665780323,
  "validation_recall-overall": 0.7364523729384046,
  "validation_f1-measure-overall": 0.8080509648231431,
  "validation_loss": 71.26310741200166,
  "best_validation_accuracy": 0.9487169502745221,
  "best_validation_accuracy3": 0.9535648923328531,
  "best_validation_precision-overall": 0.8832220198340417,
  "best_validation_recall-overall": 0.7344328508919555,
  "best_validation_f1-measure-overall": 0.8019847468528403,
  "best_validation_loss": 68.27270634969075
}