{
  "best_epoch": 17,
  "peak_worker_0_memory_MB": 0,
  "peak_gpu_0_memory_MB": 20.74609375,
  "training_duration": "1:56:12.106761",
  "training_start_epoch": 0,
  "training_epochs": 96,
  "epoch": 96,
  "training_accuracy": 0.9862096738548578,
  "training_accuracy3": 0.9879629311318577,
  "training_precision-overall": 0.9446443873179091,
  "training_recall-overall": 0.938252691603898,
  "training_f1-measure-overall": 0.9414376908131612,
  "training_loss": 12.969295954649976,
  "training_worker_0_memory_MB": 0.0,
  "training_gpu_0_memory_MB": 20.74609375,
  "validation_accuracy": 0.9494762665005256,
  "validation_accuracy3": 0.9540905727970095,
  "validation_precision-overall": 0.8856912859730328,
  "validation_recall-overall": 0.7406597105351733,
  "validation_f1-measure-overall": 0.8067088259554082,
  "validation_loss": 77.23150915258071,
  "best_validation_accuracy": 0.9493983879132433,
  "best_validation_accuracy3": 0.9538374673883415,
  "best_validation_precision-overall": 0.8818834796488427,
  "best_validation_recall-overall": 0.7438572871087176,
  "best_validation_f1-measure-overall": 0.8070111374839745,
  "best_validation_loss": 67.91284263835234
}