{
  "best_epoch": 17,
  "peak_worker_0_memory_MB": 0,
  "peak_gpu_0_memory_MB": 20.74609375,
  "training_duration": "0:36:34.502786",
  "training_start_epoch": 0,
  "training_epochs": 29,
  "epoch": 29,
  "training_accuracy": 0.981991052003477,
  "training_accuracy3": 0.9839161972488103,
  "training_precision-overall": 0.9306807451283372,
  "training_recall-overall": 0.9227201157496063,
  "training_f1-measure-overall": 0.9266833344017279,
  "training_loss": 17.562231182237422,
  "training_worker_0_memory_MB": 0.0,
  "training_gpu_0_memory_MB": 20.74609375,
  "validation_accuracy": 0.9500408862583233,
  "validation_accuracy3": 0.954557844320704,
  "validation_precision-overall": 0.8944162436548223,
  "validation_recall-overall": 0.7413328845506564,
  "validation_f1-measure-overall": 0.8107113278733284,
  "validation_loss": 75.13163043003456,
  "best_validation_accuracy": 0.9493983879132433,
  "best_validation_accuracy3": 0.9538374673883415,
  "best_validation_precision-overall": 0.8818834796488427,
  "best_validation_recall-overall": 0.7438572871087176,
  "best_validation_f1-measure-overall": 0.8070111374839745,
  "best_validation_loss": 67.91284263835234
}