{
  "best_epoch": 17,
  "peak_worker_0_memory_MB": 0,
  "peak_gpu_0_memory_MB": 20.74609375,
  "training_duration": "0:28:04.112870",
  "training_start_epoch": 0,
  "training_epochs": 22,
  "epoch": 22,
  "training_accuracy": 0.9809302576846199,
  "training_accuracy3": 0.9830272908982866,
  "training_precision-overall": 0.927736724523114,
  "training_recall-overall": 0.9189327205412996,
  "training_f1-measure-overall": 0.9233137359700195,
  "training_loss": 19.190640696088927,
  "training_worker_0_memory_MB": 0.0,
  "training_gpu_0_memory_MB": 20.74609375,
  "validation_accuracy": 0.9500019469646821,
  "validation_accuracy3": 0.9547330711420895,
  "validation_precision-overall": 0.9001435308591347,
  "validation_recall-overall": 0.7388084819925951,
  "validation_f1-measure-overall": 0.8115352620389561,
  "validation_loss": 74.8106227014579,
  "best_validation_accuracy": 0.9493983879132433,
  "best_validation_accuracy3": 0.9538374673883415,
  "best_validation_precision-overall": 0.8818834796488427,
  "best_validation_recall-overall": 0.7438572871087176,
  "best_validation_f1-measure-overall": 0.8070111374839745,
  "best_validation_loss": 67.91284263835234
}