{
  "best_epoch": 17,
  "peak_worker_0_memory_MB": 0,
  "peak_gpu_0_memory_MB": 20.74609375,
  "training_duration": "1:00:57.377236",
  "training_start_epoch": 0,
  "training_epochs": 49,
  "epoch": 49,
  "training_accuracy": 0.9842452399310484,
  "training_accuracy3": 0.9861065410738578,
  "training_precision-overall": 0.939024913168389,
  "training_recall-overall": 0.9319119962551597,
  "training_f1-measure-overall": 0.935454933788929,
  "training_loss": 15.129227906533417,
  "training_worker_0_memory_MB": 0.0,
  "training_gpu_0_memory_MB": 20.74609375,
  "validation_accuracy": 0.949709902262373,
  "validation_accuracy3": 0.9541489817374713,
  "validation_precision-overall": 0.8858228354329134,
  "validation_recall-overall": 0.7455402221474251,
  "validation_f1-measure-overall": 0.8096500045690812,
  "validation_loss": 71.86445434420716,
  "best_validation_accuracy": 0.9493983879132433,
  "best_validation_accuracy3": 0.9538374673883415,
  "best_validation_precision-overall": 0.8818834796488427,
  "best_validation_recall-overall": 0.7438572871087176,
  "best_validation_f1-measure-overall": 0.8070111374839745,
  "best_validation_loss": 67.91284263835234
}