{
  "best_epoch": 17,
  "peak_worker_0_memory_MB": 0,
  "peak_gpu_0_memory_MB": 20.74609375,
  "training_duration": "1:27:45.051959",
  "training_start_epoch": 0,
  "training_epochs": 71,
  "epoch": 71,
  "training_accuracy": 0.9855515884903816,
  "training_accuracy3": 0.9872262684104292,
  "training_precision-overall": 0.9435618550079219,
  "training_recall-overall": 0.9376994765734712,
  "training_f1-measure-overall": 0.9406215316314706,
  "training_loss": 13.603713890414575,
  "training_worker_0_memory_MB": 0.0,
  "training_gpu_0_memory_MB": 20.74609375,
  "validation_accuracy": 0.950352400607453,
  "validation_accuracy3": 0.9547136014952688,
  "validation_precision-overall": 0.8940986257073565,
  "validation_recall-overall": 0.7445304611242006,
  "validation_f1-measure-overall": 0.8124885215793811,
  "validation_loss": 76.54254034453747,
  "best_validation_accuracy": 0.9493983879132433,
  "best_validation_accuracy3": 0.9538374673883415,
  "best_validation_precision-overall": 0.8818834796488427,
  "best_validation_recall-overall": 0.7438572871087176,
  "best_validation_f1-measure-overall": 0.8070111374839745,
  "best_validation_loss": 67.91284263835234
}