{
  "best_epoch": 17,
  "peak_worker_0_memory_MB": 0,
  "peak_gpu_0_memory_MB": 20.74609375,
  "training_duration": "0:31:43.162988",
  "training_start_epoch": 0,
  "training_epochs": 25,
  "epoch": 25,
  "training_accuracy": 0.9815294100313818,
  "training_accuracy3": 0.9835183993792389,
  "training_precision-overall": 0.9311485267588695,
  "training_recall-overall": 0.9225498957402443,
  "training_f1-measure-overall": 0.9268292682926329,
  "training_loss": 18.187243413816553,
  "training_worker_0_memory_MB": 0.0,
  "training_gpu_0_memory_MB": 20.74609375,
  "validation_accuracy": 0.949904598730579,
  "validation_accuracy3": 0.9545383746738834,
  "validation_precision-overall": 0.8913880445795339,
  "validation_recall-overall": 0.7403231235274318,
  "validation_f1-measure-overall": 0.8088627378872355,
  "validation_loss": 71.4991497151992,
  "best_validation_accuracy": 0.9493983879132433,
  "best_validation_accuracy3": 0.9538374673883415,
  "best_validation_precision-overall": 0.8818834796488427,
  "best_validation_recall-overall": 0.7438572871087176,
  "best_validation_f1-measure-overall": 0.8070111374839745,
  "best_validation_loss": 67.91284263835234
}