{
  "best_epoch": 17,
  "peak_worker_0_memory_MB": 0,
  "peak_gpu_0_memory_MB": 20.74609375,
  "training_duration": "1:13:08.051242",
  "training_start_epoch": 0,
  "training_epochs": 59,
  "epoch": 59,
  "training_accuracy": 0.9852225458081436,
  "training_accuracy3": 0.9869758030851434,
  "training_precision-overall": 0.9425203600514359,
  "training_recall-overall": 0.9357419464658071,
  "training_f1-measure-overall": 0.9391189220354409,
  "training_loss": 14.248837731693763,
  "training_worker_0_memory_MB": 0.0,
  "training_gpu_0_memory_MB": 20.74609375,
  "validation_accuracy": 0.9501577041392469,
  "validation_accuracy3": 0.9545383746738834,
  "validation_precision-overall": 0.8884884884884885,
  "validation_recall-overall": 0.7468865701783911,
  "validation_f1-measure-overall": 0.811557099753082,
  "validation_loss": 72.2092970305798,
  "best_validation_accuracy": 0.9493983879132433,
  "best_validation_accuracy3": 0.9538374673883415,
  "best_validation_precision-overall": 0.8818834796488427,
  "best_validation_recall-overall": 0.7438572871087176,
  "best_validation_f1-measure-overall": 0.8070111374839745,
  "best_validation_loss": 67.91284263835234
}