{
  "best_epoch": 6,
  "peak_worker_0_memory_MB": 0,
  "peak_gpu_0_memory_MB": 20.74609375,
  "training_duration": "0:13:25.618882",
  "training_start_epoch": 0,
  "training_epochs": 10,
  "epoch": 10,
  "training_accuracy": 0.9758718403308106,
  "training_accuracy3": 0.9783470270748106,
  "training_precision-overall": 0.9112097191108047,
  "training_recall-overall": 0.900080854504447,
  "training_f1-measure-overall": 0.9056110980282517,
  "training_loss": 24.56250984304858,
  "training_worker_0_memory_MB": 0.0,
  "training_gpu_0_memory_MB": 20.74609375,
  "validation_accuracy": 0.9488921770959075,
  "validation_accuracy3": 0.9537011798605973,
  "validation_precision-overall": 0.8939084219133279,
  "validation_recall-overall": 0.7359474924267924,
  "validation_f1-measure-overall": 0.8072733985600392,
  "validation_loss": 72.33625531664082,
  "best_validation_accuracy": 0.9487169502745221,
  "best_validation_accuracy3": 0.9535648923328531,
  "best_validation_precision-overall": 0.8832220198340417,
  "best_validation_recall-overall": 0.7344328508919555,
  "best_validation_f1-measure-overall": 0.8019847468528403,
  "best_validation_loss": 68.27270634969075
}