{
  "best_epoch": 17,
  "peak_worker_0_memory_MB": 0,
  "peak_gpu_0_memory_MB": 20.74609375,
  "training_duration": "1:42:22.001816",
  "training_start_epoch": 0,
  "training_epochs": 83,
  "epoch": 83,
  "training_accuracy": 0.9855810549992388,
  "training_accuracy3": 0.9871820686471434,
  "training_precision-overall": 0.9450540030858906,
  "training_recall-overall": 0.938337801608579,
  "training_f1-measure-overall": 0.9416839273130545,
  "training_loss": 13.143607498029914,
  "training_worker_0_memory_MB": 0.0,
  "training_gpu_0_memory_MB": 20.74609375,
  "validation_accuracy": 0.9508586114247888,
  "validation_accuracy3": 0.9554729177212725,
  "validation_precision-overall": 0.8920762286860582,
  "validation_recall-overall": 0.7484012117132278,
  "validation_f1-measure-overall": 0.8139471035050295,
  "validation_loss": 76.39796329947079,
  "best_validation_accuracy": 0.9493983879132433,
  "best_validation_accuracy3": 0.9538374673883415,
  "best_validation_precision-overall": 0.8818834796488427,
  "best_validation_recall-overall": 0.7438572871087176,
  "best_validation_f1-measure-overall": 0.8070111374839745,
  "best_validation_loss": 67.91284263835234
}