{
  "best_epoch": 17,
  "peak_worker_0_memory_MB": 0,
  "peak_gpu_0_memory_MB": 20.74609375,
  "training_duration": "0:29:17.137771",
  "training_start_epoch": 0,
  "training_epochs": 23,
  "epoch": 23,
  "training_accuracy": 0.9814164550807628,
  "training_accuracy3": 0.9834791107007627,
  "training_precision-overall": 0.9294571980261747,
  "training_recall-overall": 0.9217839056981149,
  "training_f1-measure-overall": 0.9256046491752342,
  "training_loss": 18.56244818767817,
  "training_worker_0_memory_MB": 0.0,
  "training_gpu_0_memory_MB": 20.74609375,
  "validation_accuracy": 0.9500019469646821,
  "validation_accuracy3": 0.9548888283166543,
  "validation_precision-overall": 0.8953915171288744,
  "validation_recall-overall": 0.7389767754964658,
  "validation_f1-measure-overall": 0.8096994283606365,
  "validation_loss": 73.48883709253049,
  "best_validation_accuracy": 0.9493983879132433,
  "best_validation_accuracy3": 0.9538374673883415,
  "best_validation_precision-overall": 0.8818834796488427,
  "best_validation_recall-overall": 0.7438572871087176,
  "best_validation_f1-measure-overall": 0.8070111374839745,
  "best_validation_loss": 67.91284263835234
}