{
  "best_epoch": 6,
  "peak_worker_0_memory_MB": 0,
  "peak_gpu_0_memory_MB": 20.74609375,
  "training_duration": "0:19:31.478740",
  "training_start_epoch": 0,
  "training_epochs": 15,
  "epoch": 15,
  "training_accuracy": 0.9788086690469058,
  "training_accuracy3": 0.9810481237200486,
  "training_precision-overall": 0.9208568110456363,
  "training_recall-overall": 0.9110600451083025,
  "training_f1-measure-overall": 0.9159322323949187,
  "training_loss": 21.340267769024965,
  "training_worker_0_memory_MB": 0.0,
  "training_gpu_0_memory_MB": 20.74609375,
  "validation_accuracy": 0.9488532378022663,
  "validation_accuracy3": 0.9534480744519295,
  "validation_precision-overall": 0.8830620855937311,
  "validation_recall-overall": 0.7396499495119488,
  "validation_f1-measure-overall": 0.8050187746130102,
  "validation_loss": 70.54489399405087,
  "best_validation_accuracy": 0.9487169502745221,
  "best_validation_accuracy3": 0.9535648923328531,
  "best_validation_precision-overall": 0.8832220198340417,
  "best_validation_recall-overall": 0.7344328508919555,
  "best_validation_f1-measure-overall": 0.8019847468528403,
  "best_validation_loss": 68.27270634969075
}