{
  "best_epoch": 17,
  "peak_worker_0_memory_MB": 0,
  "peak_gpu_0_memory_MB": 20.74609375,
  "training_duration": "1:46:01.323464",
  "training_start_epoch": 0,
  "training_epochs": 86,
  "epoch": 86,
  "training_accuracy": 0.9853993448612864,
  "training_accuracy3": 0.9872606460040958,
  "training_precision-overall": 0.943193032136268,
  "training_recall-overall": 0.9354866164517639,
  "training_f1-measure-overall": 0.9393240182882037,
  "training_loss": 13.310439493227113,
  "training_worker_0_memory_MB": 0.0,
  "training_gpu_0_memory_MB": 20.74609375,
  "validation_accuracy": 0.9491258128577548,
  "validation_accuracy3": 0.9537401191542385,
  "validation_precision-overall": 0.8839160839160839,
  "validation_recall-overall": 0.7445304611242006,
  "validation_f1-measure-overall": 0.808257970220102,
  "validation_loss": 74.25675996144612,
  "best_validation_accuracy": 0.9493983879132433,
  "best_validation_accuracy3": 0.9538374673883415,
  "best_validation_precision-overall": 0.8818834796488427,
  "best_validation_recall-overall": 0.7438572871087176,
  "best_validation_f1-measure-overall": 0.8070111374839745,
  "best_validation_loss": 67.91284263835234
}