{
  "best_epoch": 17,
  "peak_worker_0_memory_MB": 0,
  "peak_gpu_0_memory_MB": 20.74609375,
  "training_duration": "1:11:54.843081",
  "training_start_epoch": 0,
  "training_epochs": 58,
  "epoch": 58,
  "training_accuracy": 0.9850261024157626,
  "training_accuracy3": 0.9868137372864292,
  "training_precision-overall": 0.9417188438116476,
  "training_recall-overall": 0.9344652963955913,
  "training_f1-measure-overall": 0.9380780485720499,
  "training_loss": 14.192416343167594,
  "training_worker_0_memory_MB": 0.0,
  "training_gpu_0_memory_MB": 20.74609375,
  "validation_accuracy": 0.9490089949768311,
  "validation_accuracy3": 0.9534870137455707,
  "validation_precision-overall": 0.8864138069436083,
  "validation_recall-overall": 0.7433524065971053,
  "validation_f1-measure-overall": 0.8086041189930854,
  "validation_loss": 75.28575764450372,
  "best_validation_accuracy": 0.9493983879132433,
  "best_validation_accuracy3": 0.9538374673883415,
  "best_validation_precision-overall": 0.8818834796488427,
  "best_validation_recall-overall": 0.7438572871087176,
  "best_validation_f1-measure-overall": 0.8070111374839745,
  "best_validation_loss": 67.91284263835234
}