{
  "best_epoch": 17,
  "peak_worker_0_memory_MB": 0,
  "peak_gpu_0_memory_MB": 20.74609375,
  "training_duration": "0:45:05.308575",
  "training_start_epoch": 0,
  "training_epochs": 36,
  "epoch": 36,
  "training_accuracy": 0.9832777562235723,
  "training_accuracy3": 0.9852029014689054,
  "training_precision-overall": 0.9363839285714286,
  "training_recall-overall": 0.9282948210562152,
  "training_f1-measure-overall": 0.9323218292552123,
  "training_loss": 16.31485543001214,
  "training_worker_0_memory_MB": 0.0,
  "training_gpu_0_memory_MB": 20.74609375,
  "validation_accuracy": 0.9491842217982166,
  "validation_accuracy3": 0.9537790584478798,
  "validation_precision-overall": 0.893241323320479,
  "validation_recall-overall": 0.7406597105351733,
  "validation_f1-measure-overall": 0.8098261109577203,
  "validation_loss": 75.04660451178457,
  "best_validation_accuracy": 0.9493983879132433,
  "best_validation_accuracy3": 0.9538374673883415,
  "best_validation_precision-overall": 0.8818834796488427,
  "best_validation_recall-overall": 0.7438572871087176,
  "best_validation_f1-measure-overall": 0.8070111374839745,
  "best_validation_loss": 67.91284263835234
}