{
  "best_epoch": 17,
  "peak_worker_0_memory_MB": 0,
  "peak_gpu_0_memory_MB": 20.74609375,
  "training_duration": "1:38:43.462679",
  "training_start_epoch": 0,
  "training_epochs": 80,
  "epoch": 80,
  "training_accuracy": 0.9858609868333816,
  "training_accuracy3": 0.987609333025572,
  "training_precision-overall": 0.9436571477501391,
  "training_recall-overall": 0.9379548065875144,
  "training_f1-measure-overall": 0.940797336520353,
  "training_loss": 13.10780289395795,
  "training_worker_0_memory_MB": 0.0,
  "training_gpu_0_memory_MB": 20.74609375,
  "validation_accuracy": 0.9496709629687318,
  "validation_accuracy3": 0.954012694209727,
  "validation_precision-overall": 0.8913131313131313,
  "validation_recall-overall": 0.7425109390777516,
  "validation_f1-measure-overall": 0.8101358795445703,
  "validation_loss": 77.48346820532107,
  "best_validation_accuracy": 0.9493983879132433,
  "best_validation_accuracy3": 0.9538374673883415,
  "best_validation_precision-overall": 0.8818834796488427,
  "best_validation_recall-overall": 0.7438572871087176,
  "best_validation_f1-measure-overall": 0.8070111374839745,
  "best_validation_loss": 67.91284263835234
}