{
  "best_epoch": 19,
  "peak_worker_0_memory_MB": 3127.26171875,
  "peak_gpu_0_memory_MB": 49.201171875,
  "training_duration": "2:39:56.529513",
  "training_start_epoch": 0,
  "training_epochs": 75,
  "epoch": 75,
  "training_accuracy": 0.9964934854460001,
  "training_accuracy3": 0.9969551274180953,
  "training_precision-overall": 0.9828033882433065,
  "training_recall-overall": 0.9825524490403847,
  "training_f1-measure-overall": 0.9826779026216729,
  "training_loss": 3.1584314213798366,
  "training_worker_0_memory_MB": 3127.26171875,
  "training_gpu_0_memory_MB": 49.201171875,
  "validation_accuracy": 0.9831976947938165,
  "validation_accuracy3": 0.9855145827654687,
  "validation_precision-overall": 0.9111891620672353,
  "validation_recall-overall": 0.9168630090878492,
  "validation_f1-measure-overall": 0.9140172804294442,
  "validation_loss": 33.080768407559866,
  "best_validation_accuracy": 0.9820100463377595,
  "best_validation_accuracy3": 0.9845411004244383,
  "best_validation_precision-overall": 0.9071212630164596,
  "best_validation_recall-overall": 0.9089532144059239,
  "best_validation_f1-measure-overall": 0.9080363147275897,
  "best_validation_loss": 24.29690839730057
}