{
  "best_epoch": 19,
  "peak_worker_0_memory_MB": 3127.26171875,
  "peak_gpu_0_memory_MB": 51.37109375,
  "training_duration": "3:00:12.441782",
  "training_start_epoch": 0,
  "training_epochs": 85,
  "epoch": 85,
  "training_accuracy": 0.996567151718143,
  "training_accuracy3": 0.9970386158598573,
  "training_precision-overall": 0.9838984494803203,
  "training_recall-overall": 0.9829354440614494,
  "training_f1-measure-overall": 0.9834167110164481,
  "training_loss": 2.730128837880893,
  "training_worker_0_memory_MB": 3127.26171875,
  "training_gpu_0_memory_MB": 51.37109375,
  "validation_accuracy": 0.983567618083408,
  "validation_accuracy3": 0.9855535220591098,
  "validation_precision-overall": 0.9128110906965091,
  "validation_recall-overall": 0.919723998653652,
  "validation_f1-measure-overall": 0.916254505826088,
  "validation_loss": 33.981772245145315,
  "best_validation_accuracy": 0.9820100463377595,
  "best_validation_accuracy3": 0.9845411004244383,
  "best_validation_precision-overall": 0.9071212630164596,
  "best_validation_recall-overall": 0.9089532144059239,
  "best_validation_f1-measure-overall": 0.9080363147275897,
  "best_validation_loss": 24.29690839730057
}