{
  "best_epoch": 19,
  "peak_worker_0_memory_MB": 3127.26171875,
  "peak_gpu_0_memory_MB": 51.37109375,
  "training_duration": "2:58:12.636779",
  "training_start_epoch": 0,
  "training_epochs": 84,
  "epoch": 84,
  "training_accuracy": 0.9967783283649525,
  "training_accuracy3": 0.9971466597256669,
  "training_precision-overall": 0.9850542899723228,
  "training_recall-overall": 0.9844674241457083,
  "training_f1-measure-overall": 0.9847607696236517,
  "training_loss": 2.7670576968877354,
  "training_worker_0_memory_MB": 3127.26171875,
  "training_gpu_0_memory_MB": 51.37109375,
  "validation_accuracy": 0.983119816206534,
  "validation_accuracy3": 0.9851835987695183,
  "validation_precision-overall": 0.9093635454848384,
  "validation_recall-overall": 0.9185459441265568,
  "validation_f1-measure-overall": 0.9139316811787846,
  "validation_loss": 34.57881755454868,
  "best_validation_accuracy": 0.9820100463377595,
  "best_validation_accuracy3": 0.9845411004244383,
  "best_validation_precision-overall": 0.9071212630164596,
  "best_validation_recall-overall": 0.9089532144059239,
  "best_validation_f1-measure-overall": 0.9080363147275897,
  "best_validation_loss": 24.29690839730057
}