{
  "best_epoch": 4,
  "peak_worker_0_memory_MB": 3126.68359375,
  "peak_gpu_0_memory_MB": 48.61669921875,
  "training_duration": "0:10:01.433953",
  "training_start_epoch": 0,
  "training_epochs": 4,
  "epoch": 4,
  "training_accuracy": 0.9737404295234774,
  "training_accuracy3": 0.9778117188305725,
  "training_precision-overall": 0.8802653113963305,
  "training_recall-overall": 0.8697391378356526,
  "training_f1-measure-overall": 0.8749705674593331,
  "training_loss": 28.04333011436028,
  "training_worker_0_memory_MB": 3126.68359375,
  "training_gpu_0_memory_MB": 48.61669921875,
  "validation_accuracy": 0.9749815038355204,
  "validation_accuracy3": 0.9782524045013824,
  "validation_precision-overall": 0.8674758895909545,
  "validation_recall-overall": 0.8779872096937058,
  "validation_f1-measure-overall": 0.872699899631934,
  "validation_loss": 32.56736775005565,
  "best_validation_accuracy": 0.9749815038355204,
  "best_validation_accuracy3": 0.9782524045013824,
  "best_validation_precision-overall": 0.8674758895909545,
  "best_validation_recall-overall": 0.8779872096937058,
  "best_validation_f1-measure-overall": 0.872699899631934,
  "best_validation_loss": 32.56736775005565
}