{
  "best_epoch": 19,
  "peak_worker_0_memory_MB": 3127.2578125,
  "peak_gpu_0_memory_MB": 49.201171875,
  "training_duration": "1:47:43.793069",
  "training_start_epoch": 0,
  "training_epochs": 49,
  "epoch": 49,
  "training_accuracy": 0.9941754534159051,
  "training_accuracy3": 0.9949072050525241,
  "training_precision-overall": 0.9732839064297584,
  "training_recall-overall": 0.972041363462275,
  "training_f1-measure-overall": 0.9726622381195208,
  "training_loss": 4.951378544262167,
  "training_worker_0_memory_MB": 3127.2578125,
  "training_gpu_0_memory_MB": 49.201171875,
  "validation_accuracy": 0.982574666095557,
  "validation_accuracy3": 0.9846968575990032,
  "validation_precision-overall": 0.9055065712859757,
  "validation_recall-overall": 0.9160215415684955,
  "validation_f1-measure-overall": 0.9107337070191084,
  "validation_loss": 31.80398116392248,
  "best_validation_accuracy": 0.9820100463377595,
  "best_validation_accuracy3": 0.9845411004244383,
  "best_validation_precision-overall": 0.9071212630164596,
  "best_validation_recall-overall": 0.9089532144059239,
  "best_validation_f1-measure-overall": 0.9080363147275897,
  "best_validation_loss": 24.29690839730057
}