{
  "best_epoch": 19,
  "peak_worker_0_memory_MB": 3127.26171875,
  "peak_gpu_0_memory_MB": 49.201171875,
  "training_duration": "2:34:05.634813",
  "training_start_epoch": 0,
  "training_epochs": 72,
  "epoch": 72,
  "training_accuracy": 0.9960171102194764,
  "training_accuracy3": 0.996567151718143,
  "training_precision-overall": 0.9814294232898884,
  "training_recall-overall": 0.98055236393038,
  "training_f1-measure-overall": 0.9809906975753593,
  "training_loss": 3.3724535679219794,
  "training_worker_0_memory_MB": 3127.26171875,
  "training_gpu_0_memory_MB": 49.201171875,
  "validation_accuracy": 0.9833339823215607,
  "validation_accuracy3": 0.9851835987695183,
  "validation_precision-overall": 0.9113037679226409,
  "validation_recall-overall": 0.9198922921575228,
  "validation_f1-measure-overall": 0.9155778894471862,
  "validation_loss": 32.18781454890382,
  "best_validation_accuracy": 0.9820100463377595,
  "best_validation_accuracy3": 0.9845411004244383,
  "best_validation_precision-overall": 0.9071212630164596,
  "best_validation_recall-overall": 0.9089532144059239,
  "best_validation_f1-measure-overall": 0.9080363147275897,
  "best_validation_loss": 24.29690839730057
}