{
  "best_epoch": 19,
  "peak_worker_0_memory_MB": 3127.26171875,
  "peak_gpu_0_memory_MB": 51.37109375,
  "training_duration": "3:23:51.618855",
  "training_start_epoch": 0,
  "training_epochs": 97,
  "epoch": 97,
  "training_accuracy": 0.9971319264712383,
  "training_accuracy3": 0.9975002578319525,
  "training_precision-overall": 0.9862039599744518,
  "training_recall-overall": 0.9856164092089025,
  "training_f1-measure-overall": 0.9859100970542664,
  "training_loss": 2.4571693687612757,
  "training_worker_0_memory_MB": 3127.26171875,
  "training_gpu_0_memory_MB": 51.37109375,
  "validation_accuracy": 0.9829835286787898,
  "validation_accuracy3": 0.9853588255909038,
  "validation_precision-overall": 0.9067288474350433,
  "validation_recall-overall": 0.9161898350723662,
  "validation_f1-measure-overall": 0.9114347898877786,
  "validation_loss": 38.02205795400283,
  "best_validation_accuracy": 0.9820100463377595,
  "best_validation_accuracy3": 0.9845411004244383,
  "best_validation_precision-overall": 0.9071212630164596,
  "best_validation_recall-overall": 0.9089532144059239,
  "best_validation_f1-measure-overall": 0.9080363147275897,
  "best_validation_loss": 24.29690839730057
}