{
  "best_epoch": 19,
  "peak_worker_0_memory_MB": 3127.26171875,
  "peak_gpu_0_memory_MB": 49.201171875,
  "training_duration": "2:38:02.038505",
  "training_start_epoch": 0,
  "training_epochs": 74,
  "epoch": 74,
  "training_accuracy": 0.9965622406333335,
  "training_accuracy3": 0.9970631712839049,
  "training_precision-overall": 0.9836819905415193,
  "training_recall-overall": 0.9825098940380441,
  "training_f1-measure-overall": 0.9830955929316085,
  "training_loss": 3.183363787948678,
  "training_worker_0_memory_MB": 3127.26171875,
  "training_gpu_0_memory_MB": 49.201171875,
  "validation_accuracy": 0.9834508002024843,
  "validation_accuracy3": 0.9855535220591098,
  "validation_precision-overall": 0.9121520253375562,
  "validation_recall-overall": 0.9209020531807472,
  "validation_f1-measure-overall": 0.9165061552633283,
  "validation_loss": 31.60539436340332,
  "best_validation_accuracy": 0.9820100463377595,
  "best_validation_accuracy3": 0.9845411004244383,
  "best_validation_precision-overall": 0.9071212630164596,
  "best_validation_recall-overall": 0.9089532144059239,
  "best_validation_f1-measure-overall": 0.9080363147275897,
  "best_validation_loss": 24.29690839730057
}