{
  "best_epoch": 19,
  "peak_worker_0_memory_MB": 3127.265625,
  "peak_gpu_0_memory_MB": 51.37109375,
  "training_duration": "3:26:01.118487",
  "training_start_epoch": 0,
  "training_epochs": 98,
  "epoch": 98,
  "training_accuracy": 0.9974904356623334,
  "training_accuracy3": 0.9978342115990001,
  "training_precision-overall": 0.9878682104546228,
  "training_recall-overall": 0.9875739393165667,
  "training_f1-measure-overall": 0.9877210529675396,
  "training_loss": 2.263178680915224,
  "training_worker_0_memory_MB": 3127.265625,
  "training_gpu_0_memory_MB": 51.37109375,
  "validation_accuracy": 0.9830614072660722,
  "validation_accuracy3": 0.9854172345313656,
  "validation_precision-overall": 0.9086811352253756,
  "validation_recall-overall": 0.9160215415684955,
  "validation_f1-measure-overall": 0.9123365739188237,
  "validation_loss": 37.051432207518936,
  "best_validation_accuracy": 0.9820100463377595,
  "best_validation_accuracy3": 0.9845411004244383,
  "best_validation_precision-overall": 0.9071212630164596,
  "best_validation_recall-overall": 0.9089532144059239,
  "best_validation_f1-measure-overall": 0.9080363147275897,
  "best_validation_loss": 24.29690839730057
}