{
  "best_epoch": 19,
  "peak_worker_0_memory_MB": 3127.26171875,
  "peak_gpu_0_memory_MB": 51.37109375,
  "training_duration": "2:48:02.135386",
  "training_start_epoch": 0,
  "training_epochs": 79,
  "epoch": 79,
  "training_accuracy": 0.9966457290750954,
  "training_accuracy3": 0.997092637792762,
  "training_precision-overall": 0.984197299484602,
  "training_recall-overall": 0.9832758840801736,
  "training_f1-measure-overall": 0.9837363760217485,
  "training_loss": 2.8158242957738646,
  "training_worker_0_memory_MB": 3127.26171875,
  "training_gpu_0_memory_MB": 51.37109375,
  "validation_accuracy": 0.9829835286787898,
  "validation_accuracy3": 0.9852420077099802,
  "validation_precision-overall": 0.906686626746507,
  "validation_recall-overall": 0.9173678895994615,
  "validation_f1-measure-overall": 0.9119959846076128,
  "validation_loss": 36.28709099339504,
  "best_validation_accuracy": 0.9820100463377595,
  "best_validation_accuracy3": 0.9845411004244383,
  "best_validation_precision-overall": 0.9071212630164596,
  "best_validation_recall-overall": 0.9089532144059239,
  "best_validation_f1-measure-overall": 0.9080363147275897,
  "best_validation_loss": 24.29690839730057
}