{
  "best_epoch": 19,
  "peak_worker_0_memory_MB": 3127.2578125,
  "peak_gpu_0_memory_MB": 49.201171875,
  "training_duration": "1:51:46.517294",
  "training_start_epoch": 0,
  "training_epochs": 51,
  "epoch": 51,
  "training_accuracy": 0.9942343864336193,
  "training_accuracy3": 0.9949956045790955,
  "training_precision-overall": 0.973860389748838,
  "training_recall-overall": 0.9718711434529129,
  "training_f1-measure-overall": 0.9728647497337093,
  "training_loss": 4.851718992741613,
  "training_worker_0_memory_MB": 3127.2578125,
  "training_gpu_0_memory_MB": 49.201171875,
  "validation_accuracy": 0.9830808769128928,
  "validation_accuracy3": 0.9852420077099802,
  "validation_precision-overall": 0.9084401531546529,
  "validation_recall-overall": 0.918377650622686,
  "validation_f1-measure-overall": 0.9133818729600304,
  "validation_loss": 29.785938936121322,
  "best_validation_accuracy": 0.9820100463377595,
  "best_validation_accuracy3": 0.9845411004244383,
  "best_validation_precision-overall": 0.9071212630164596,
  "best_validation_recall-overall": 0.9089532144059239,
  "best_validation_f1-measure-overall": 0.9080363147275897,
  "best_validation_loss": 24.29690839730057
}