{
  "best_epoch": 19,
  "peak_worker_0_memory_MB": 3127.2578125,
  "peak_gpu_0_memory_MB": 49.201171875,
  "training_duration": "2:14:03.242072",
  "training_start_epoch": 0,
  "training_epochs": 62,
  "epoch": 62,
  "training_accuracy": 0.9955702015018097,
  "training_accuracy3": 0.9961398873397145,
  "training_precision-overall": 0.9798414592567337,
  "training_recall-overall": 0.9783820588110133,
  "training_f1-measure-overall": 0.9791112152119253,
  "training_loss": 3.860344754264675,
  "training_worker_0_memory_MB": 3127.2578125,
  "training_gpu_0_memory_MB": 49.201171875,
  "validation_accuracy": 0.9826914839764807,
  "validation_accuracy3": 0.9850862505354153,
  "validation_precision-overall": 0.9047619047619048,
  "validation_recall-overall": 0.9145069000336588,
  "validation_f1-measure-overall": 0.9096083026447441,
  "validation_loss": 34.19810447505876,
  "best_validation_accuracy": 0.9820100463377595,
  "best_validation_accuracy3": 0.9845411004244383,
  "best_validation_precision-overall": 0.9071212630164596,
  "best_validation_recall-overall": 0.9089532144059239,
  "best_validation_f1-measure-overall": 0.9080363147275897,
  "best_validation_loss": 24.29690839730057
}