{
  "best_epoch": 2,
  "peak_worker_0_memory_MB": 3126.4296875,
  "peak_gpu_0_memory_MB": 48.61669921875,
  "training_duration": "0:06:01.219104",
  "training_start_epoch": 0,
  "training_epochs": 2,
  "epoch": 2,
  "training_accuracy": 0.9661724478320016,
  "training_accuracy3": 0.9713192647123823,
  "training_precision-overall": 0.8455361768261095,
  "training_recall-overall": 0.8334822758415251,
  "training_f1-measure-overall": 0.8394659580395103,
  "training_loss": 37.49544876202907,
  "training_worker_0_memory_MB": 3126.4296875,
  "training_gpu_0_memory_MB": 48.61669921875,
  "validation_accuracy": 0.9711459834118609,
  "validation_accuracy3": 0.9755850628869592,
  "validation_precision-overall": 0.8542857142857143,
  "validation_recall-overall": 0.8554358801750253,
  "validation_f1-measure-overall": 0.8548604103598558,
  "validation_loss": 38.242496200636324,
  "best_validation_accuracy": 0.9711459834118609,
  "best_validation_accuracy3": 0.9755850628869592,
  "best_validation_precision-overall": 0.8542857142857143,
  "best_validation_recall-overall": 0.8554358801750253,
  "best_validation_f1-measure-overall": 0.8548604103598558,
  "best_validation_loss": 38.242496200636324
}