{
  "best_epoch": 19,
  "peak_worker_0_memory_MB": 3127.26171875,
  "peak_gpu_0_memory_MB": 51.37109375,
  "training_duration": "3:02:12.038420",
  "training_start_epoch": 0,
  "training_epochs": 86,
  "epoch": 86,
  "training_accuracy": 0.9968421724674763,
  "training_accuracy3": 0.997289081185143,
  "training_precision-overall": 0.9856035437430787,
  "training_recall-overall": 0.9847227541597515,
  "training_f1-measure-overall": 0.9851629520828843,
  "training_loss": 2.7785719630386945,
  "training_worker_0_memory_MB": 3127.26171875,
  "training_gpu_0_memory_MB": 51.37109375,
  "validation_accuracy": 0.984210116428488,
  "validation_accuracy3": 0.986234959697831,
  "validation_precision-overall": 0.916499665998664,
  "validation_recall-overall": 0.9235947492426793,
  "validation_f1-measure-overall": 0.9200335289186423,
  "validation_loss": 31.399793587478936,
  "best_validation_accuracy": 0.9820100463377595,
  "best_validation_accuracy3": 0.9845411004244383,
  "best_validation_precision-overall": 0.9071212630164596,
  "best_validation_recall-overall": 0.9089532144059239,
  "best_validation_f1-measure-overall": 0.9080363147275897,
  "best_validation_loss": 24.29690839730057
}