{
  "best_epoch": 19,
  "peak_worker_0_memory_MB": 3127.2578125,
  "peak_gpu_0_memory_MB": 49.201171875,
  "training_duration": "2:25:59.428454",
  "training_start_epoch": 0,
  "training_epochs": 68,
  "epoch": 68,
  "training_accuracy": 0.9960072880498574,
  "training_accuracy3": 0.9965327741244764,
  "training_precision-overall": 0.9823163456621783,
  "training_recall-overall": 0.9810204689561258,
  "training_f1-measure-overall": 0.981667979645233,
  "training_loss": 3.4416192550050915,
  "training_worker_0_memory_MB": 3127.2578125,
  "training_gpu_0_memory_MB": 49.201171875,
  "validation_accuracy": 0.9827304232701218,
  "validation_accuracy3": 0.9847747361862855,
  "validation_precision-overall": 0.9072319201995013,
  "validation_recall-overall": 0.918377650622686,
  "validation_f1-measure-overall": 0.9127707618967469,
  "validation_loss": 32.398066745084876,
  "best_validation_accuracy": 0.9820100463377595,
  "best_validation_accuracy3": 0.9845411004244383,
  "best_validation_precision-overall": 0.9071212630164596,
  "best_validation_recall-overall": 0.9089532144059239,
  "best_validation_f1-measure-overall": 0.9080363147275897,
  "best_validation_loss": 24.29690839730057
}