{
  "best_epoch": 19,
  "peak_worker_0_memory_MB": 3127.26171875,
  "peak_gpu_0_memory_MB": 51.37109375,
  "training_duration": "3:15:59.924115",
  "training_start_epoch": 0,
  "training_epochs": 93,
  "epoch": 93,
  "training_accuracy": 0.9973823917965239,
  "training_accuracy3": 0.997701612309143,
  "training_precision-overall": 0.9876096397854041,
  "training_recall-overall": 0.9870632792884804,
  "training_f1-measure-overall": 0.9873363839522752,
  "training_loss": 2.2000351582138307,
  "training_worker_0_memory_MB": 3127.26171875,
  "training_gpu_0_memory_MB": 51.37109375,
  "validation_accuracy": 0.9832366340874577,
  "validation_accuracy3": 0.9852420077099802,
  "validation_precision-overall": 0.9105175292153589,
  "validation_recall-overall": 0.9178727701110737,
  "validation_f1-measure-overall": 0.9141803553469161,
  "validation_loss": 36.52576096852621,
  "best_validation_accuracy": 0.9820100463377595,
  "best_validation_accuracy3": 0.9845411004244383,
  "best_validation_precision-overall": 0.9071212630164596,
  "best_validation_recall-overall": 0.9089532144059239,
  "best_validation_f1-measure-overall": 0.9080363147275897,
  "best_validation_loss": 24.29690839730057
}