{
  "best_epoch": 19,
  "peak_worker_0_memory_MB": 3127.2578125,
  "peak_gpu_0_memory_MB": 49.201171875,
  "training_duration": "2:16:00.126470",
  "training_start_epoch": 0,
  "training_epochs": 63,
  "epoch": 63,
  "training_accuracy": 0.9954965352296669,
  "training_accuracy3": 0.9959974658802383,
  "training_precision-overall": 0.9790415335463258,
  "training_recall-overall": 0.978041618792289,
  "training_f1-measure-overall": 0.9785413207305669,
  "training_loss": 3.952934747404824,
  "training_worker_0_memory_MB": 3127.2578125,
  "training_gpu_0_memory_MB": 49.201171875,
  "validation_accuracy": 0.9820489856314006,
  "validation_accuracy3": 0.9845216307776177,
  "validation_precision-overall": 0.9025974025974026,
  "validation_recall-overall": 0.912319084483339,
  "validation_f1-measure-overall": 0.9074322062269337,
  "validation_loss": 34.722540350521314,
  "best_validation_accuracy": 0.9820100463377595,
  "best_validation_accuracy3": 0.9845411004244383,
  "best_validation_precision-overall": 0.9071212630164596,
  "best_validation_recall-overall": 0.9089532144059239,
  "best_validation_f1-measure-overall": 0.9080363147275897,
  "best_validation_loss": 24.29690839730057
}