{
  "best_epoch": 19,
  "peak_worker_0_memory_MB": 3127.25390625,
  "peak_gpu_0_memory_MB": 49.201171875,
  "training_duration": "1:30:02.215486",
  "training_start_epoch": 0,
  "training_epochs": 40,
  "epoch": 40,
  "training_accuracy": 0.9930409928249051,
  "training_accuracy3": 0.9939790100235241,
  "training_precision-overall": 0.9678409963319969,
  "training_recall-overall": 0.9656581131111962,
  "training_f1-measure-overall": 0.9667483225050092,
  "training_loss": 6.259958026620956,
  "training_worker_0_memory_MB": 3127.25390625,
  "training_gpu_0_memory_MB": 49.201171875,
  "validation_accuracy": 0.9827888322105837,
  "validation_accuracy3": 0.9852225380631595,
  "validation_precision-overall": 0.9042164674634794,
  "validation_recall-overall": 0.9166947155839784,
  "validation_f1-measure-overall": 0.9104128363696642,
  "validation_loss": 30.253479387245925,
  "best_validation_accuracy": 0.9820100463377595,
  "best_validation_accuracy3": 0.9845411004244383,
  "best_validation_precision-overall": 0.9071212630164596,
  "best_validation_recall-overall": 0.9089532144059239,
  "best_validation_f1-measure-overall": 0.9080363147275897,
  "best_validation_loss": 24.29690839730057
}