{
  "best_epoch": 19,
  "peak_worker_0_memory_MB": 3127.2578125,
  "peak_gpu_0_memory_MB": 49.201171875,
  "training_duration": "2:09:56.920693",
  "training_start_epoch": 0,
  "training_epochs": 60,
  "epoch": 60,
  "training_accuracy": 0.9960171102194764,
  "training_accuracy3": 0.9965082187004287,
  "training_precision-overall": 0.9808879240624867,
  "training_recall-overall": 0.9806374739350611,
  "training_f1-measure-overall": 0.980762683009824,
  "training_loss": 3.6988953213485334,
  "training_worker_0_memory_MB": 3127.2578125,
  "training_gpu_0_memory_MB": 49.201171875,
  "validation_accuracy": 0.983217164440637,
  "validation_accuracy3": 0.9856314006463923,
  "validation_precision-overall": 0.9105650284185891,
  "validation_recall-overall": 0.9166947155839784,
  "validation_f1-measure-overall": 0.9136195907413119,
  "validation_loss": 29.677171557557347,
  "best_validation_accuracy": 0.9820100463377595,
  "best_validation_accuracy3": 0.9845411004244383,
  "best_validation_precision-overall": 0.9071212630164596,
  "best_validation_recall-overall": 0.9089532144059239,
  "best_validation_f1-measure-overall": 0.9080363147275897,
  "best_validation_loss": 24.29690839730057
}