{
  "best_epoch": 12,
  "peak_worker_0_memory_MB": 3127.05078125,
  "peak_gpu_0_memory_MB": 49.201171875,
  "training_duration": "0:33:51.125781",
  "training_start_epoch": 0,
  "training_epochs": 16,
  "epoch": 16,
  "training_accuracy": 0.9861851184308101,
  "training_accuracy3": 0.9881593745242386,
  "training_precision-overall": 0.9370991191311041,
  "training_recall-overall": 0.9325928762926082,
  "training_f1-measure-overall": 0.934840567345583,
  "training_loss": 13.218983227679832,
  "training_worker_0_memory_MB": 3127.05078125,
  "training_gpu_0_memory_MB": 49.201171875,
  "validation_accuracy": 0.9809002764689848,
  "validation_accuracy3": 0.983762314551614,
  "validation_precision-overall": 0.8982145836809611,
  "validation_recall-overall": 0.9059239313362504,
  "validation_f1-measure-overall": 0.9020527859237036,
  "validation_loss": 26.57797239340988,
  "best_validation_accuracy": 0.9811144425840115,
  "best_validation_accuracy3": 0.9839375413729995,
  "best_validation_precision-overall": 0.900218377288762,
  "best_validation_recall-overall": 0.9018848872433524,
  "best_validation_f1-measure-overall": 0.9010508617065496,
  "best_validation_loss": 24.306022157856063
}