{
  "best_epoch": 19,
  "peak_worker_0_memory_MB": 3127.2578125,
  "peak_gpu_0_memory_MB": 49.201171875,
  "training_duration": "2:03:52.339162",
  "training_start_epoch": 0,
  "training_epochs": 57,
  "epoch": 57,
  "training_accuracy": 0.9953099140069049,
  "training_accuracy3": 0.995845222251143,
  "training_precision-overall": 0.9783173588924388,
  "training_recall-overall": 0.9773181837525001,
  "training_f1-measure-overall": 0.9778175160726712,
  "training_loss": 4.15285960416859,
  "training_worker_0_memory_MB": 3127.2578125,
  "training_gpu_0_memory_MB": 49.201171875,
  "validation_accuracy": 0.9832950430279195,
  "validation_accuracy3": 0.9856119309995717,
  "validation_precision-overall": 0.90863704443335,
  "validation_recall-overall": 0.9188825311342982,
  "validation_f1-measure-overall": 0.9137310685297801,
  "validation_loss": 32.054886434592454,
  "best_validation_accuracy": 0.9820100463377595,
  "best_validation_accuracy3": 0.9845411004244383,
  "best_validation_precision-overall": 0.9071212630164596,
  "best_validation_recall-overall": 0.9089532144059239,
  "best_validation_f1-measure-overall": 0.9080363147275897,
  "best_validation_loss": 24.29690839730057
}