{
  "best_epoch": 1,
  "peak_worker_0_memory_MB": 3125.84375,
  "peak_gpu_0_memory_MB": 46.5615234375,
  "training_duration": "0:04:05.730459",
  "training_start_epoch": 0,
  "training_epochs": 1,
  "epoch": 1,
  "training_accuracy": 0.9572342734786687,
  "training_accuracy3": 0.963436973593097,
  "training_precision-overall": 0.8113603568149023,
  "training_recall-overall": 0.7896080684284438,
  "training_f1-measure-overall": 0.8003364389233455,
  "training_loss": 50.44674912889346,
  "training_worker_0_memory_MB": 3125.84375,
  "training_gpu_0_memory_MB": 46.5615234375,
  "validation_accuracy": 0.9688485650870293,
  "validation_accuracy3": 0.9729177212725361,
  "validation_precision-overall": 0.8489706378670266,
  "validation_recall-overall": 0.8466846179737462,
  "validation_f1-measure-overall": 0.8478260869564717,
  "validation_loss": 39.798034686668245,
  "best_validation_accuracy": 0.9688485650870293,
  "best_validation_accuracy3": 0.9729177212725361,
  "best_validation_precision-overall": 0.8489706378670266,
  "best_validation_recall-overall": 0.8466846179737462,
  "best_validation_f1-measure-overall": 0.8478260869564717,
  "best_validation_loss": 39.798034686668245
}