{
  "best_epoch": 12,
  "peak_worker_0_memory_MB": 3127.015625,
  "peak_gpu_0_memory_MB": 49.201171875,
  "training_duration": "0:27:54.346216",
  "training_start_epoch": 0,
  "training_epochs": 13,
  "epoch": 13,
  "training_accuracy": 0.9848493033626198,
  "training_accuracy3": 0.9870691136965244,
  "training_precision-overall": 0.9312457162440028,
  "training_recall-overall": 0.9251031958806758,
  "training_f1-measure-overall": 0.9281642934909733,
  "training_loss": 14.962657652574682,
  "training_worker_0_memory_MB": 3127.015625,
  "training_gpu_0_memory_MB": 49.201171875,
  "validation_accuracy": 0.979654219072466,
  "validation_accuracy3": 0.9827888322105837,
  "validation_precision-overall": 0.8912098930481284,
  "validation_recall-overall": 0.8975092561427129,
  "validation_f1-measure-overall": 0.8943484823075133,
  "validation_loss": 28.17789094588336,
  "best_validation_accuracy": 0.9811144425840115,
  "best_validation_accuracy3": 0.9839375413729995,
  "best_validation_precision-overall": 0.900218377288762,
  "best_validation_recall-overall": 0.9018848872433524,
  "best_validation_f1-measure-overall": 0.9010508617065496,
  "best_validation_loss": 24.306022157856063
}