{
  "best_epoch": 19,
  "peak_worker_0_memory_MB": 3127.26171875,
  "peak_gpu_0_memory_MB": 51.37109375,
  "training_duration": "3:18:01.518839",
  "training_start_epoch": 0,
  "training_epochs": 94,
  "epoch": 94,
  "training_accuracy": 0.9971908594889525,
  "training_accuracy3": 0.9975149910863811,
  "training_precision-overall": 0.9870522594659057,
  "training_recall-overall": 0.9862121792416698,
  "training_f1-measure-overall": 0.9866320405295597,
  "training_loss": 2.437986811635706,
  "training_worker_0_memory_MB": 3127.26171875,
  "training_gpu_0_memory_MB": 51.37109375,
  "validation_accuracy": 0.9829056500915073,
  "validation_accuracy3": 0.9851057201822359,
  "validation_precision-overall": 0.9073333333333333,
  "validation_recall-overall": 0.9161898350723662,
  "validation_f1-measure-overall": 0.911740077038972,
  "validation_loss": 38.46001611036413,
  "best_validation_accuracy": 0.9820100463377595,
  "best_validation_accuracy3": 0.9845411004244383,
  "best_validation_precision-overall": 0.9071212630164596,
  "best_validation_recall-overall": 0.9089532144059239,
  "best_validation_f1-measure-overall": 0.9080363147275897,
  "best_validation_loss": 24.29690839730057
}