{
  "best_epoch": 19,
  "peak_worker_0_memory_MB": 3127.25,
  "peak_gpu_0_memory_MB": 49.201171875,
  "training_duration": "1:26:05.023041",
  "training_start_epoch": 0,
  "training_epochs": 38,
  "epoch": 38,
  "training_accuracy": 0.9931195701818575,
  "training_accuracy3": 0.9939249880906194,
  "training_precision-overall": 0.9688553265924315,
  "training_recall-overall": 0.9663815481509852,
  "training_f1-measure-overall": 0.9676168562784452,
  "training_loss": 6.245374021334637,
  "training_worker_0_memory_MB": 3127.25,
  "training_gpu_0_memory_MB": 49.201171875,
  "validation_accuracy": 0.9824967875082746,
  "validation_accuracy3": 0.9851446594758771,
  "validation_precision-overall": 0.9044203502919099,
  "validation_recall-overall": 0.9124873779872097,
  "validation_f1-measure-overall": 0.9084359554326383,
  "validation_loss": 30.105438026727416,
  "best_validation_accuracy": 0.9820100463377595,
  "best_validation_accuracy3": 0.9845411004244383,
  "best_validation_precision-overall": 0.9071212630164596,
  "best_validation_recall-overall": 0.9089532144059239,
  "best_validation_f1-measure-overall": 0.9080363147275897,
  "best_validation_loss": 24.29690839730057
}