{
  "best_epoch": 19,
  "peak_worker_0_memory_MB": 3127.26171875,
  "peak_gpu_0_memory_MB": 49.201171875,
  "training_duration": "2:30:06.525802",
  "training_start_epoch": 0,
  "training_epochs": 70,
  "epoch": 70,
  "training_accuracy": 0.995732267300524,
  "training_accuracy3": 0.9962823087991907,
  "training_precision-overall": 0.9807413719642096,
  "training_recall-overall": 0.9795310438742074,
  "training_f1-measure-overall": 0.9801358342736198,
  "training_loss": 3.484644897434869,
  "training_worker_0_memory_MB": 3127.26171875,
  "training_gpu_0_memory_MB": 49.201171875,
  "validation_accuracy": 0.9823994392741716,
  "validation_accuracy3": 0.984755266539465,
  "validation_precision-overall": 0.9041278295605859,
  "validation_recall-overall": 0.9141703130259172,
  "validation_f1-measure-overall": 0.909121338912084,
  "validation_loss": 35.61541540482465,
  "best_validation_accuracy": 0.9820100463377595,
  "best_validation_accuracy3": 0.9845411004244383,
  "best_validation_precision-overall": 0.9071212630164596,
  "best_validation_recall-overall": 0.9089532144059239,
  "best_validation_f1-measure-overall": 0.9080363147275897,
  "best_validation_loss": 24.29690839730057
}