{
  "best_epoch": 19,
  "peak_worker_0_memory_MB": 3127.26171875,
  "peak_gpu_0_memory_MB": 51.37109375,
  "training_duration": "2:52:17.122107",
  "training_start_epoch": 0,
  "training_epochs": 81,
  "epoch": 81,
  "training_accuracy": 0.9967439507712859,
  "training_accuracy3": 0.9971663040649049,
  "training_precision-overall": 0.9847529812606474,
  "training_recall-overall": 0.983956764117622,
  "training_f1-measure-overall": 0.9843547116796367,
  "training_loss": 2.7795649286283175,
  "training_worker_0_memory_MB": 3127.26171875,
  "training_gpu_0_memory_MB": 51.37109375,
  "validation_accuracy": 0.9826720143296601,
  "validation_accuracy3": 0.9849694326544917,
  "validation_precision-overall": 0.9067711807871914,
  "validation_recall-overall": 0.915011780545271,
  "validation_f1-measure-overall": 0.9108728430222319,
  "validation_loss": 35.58045352673998,
  "best_validation_accuracy": 0.9820100463377595,
  "best_validation_accuracy3": 0.9845411004244383,
  "best_validation_precision-overall": 0.9071212630164596,
  "best_validation_recall-overall": 0.9089532144059239,
  "best_validation_f1-measure-overall": 0.9080363147275897,
  "best_validation_loss": 24.29690839730057
}