{
  "best_epoch": 19,
  "peak_worker_0_memory_MB": 3127.2578125,
  "peak_gpu_0_memory_MB": 49.201171875,
  "training_duration": "1:39:48.421648",
  "training_start_epoch": 0,
  "training_epochs": 45,
  "epoch": 45,
  "training_accuracy": 0.9939102548361908,
  "training_accuracy3": 0.9947156727449527,
  "training_precision-overall": 0.9717829589531563,
  "training_recall-overall": 0.9702114983616325,
  "training_f1-measure-overall": 0.9709965928449245,
  "training_loss": 5.29732421318871,
  "training_worker_0_memory_MB": 3127.2578125,
  "training_gpu_0_memory_MB": 49.201171875,
  "validation_accuracy": 0.9823410303337098,
  "validation_accuracy3": 0.984755266539465,
  "validation_precision-overall": 0.9035321559480173,
  "validation_recall-overall": 0.9126556714910804,
  "validation_f1-measure-overall": 0.908070997990573,
  "validation_loss": 32.35522036926419,
  "best_validation_accuracy": 0.9820100463377595,
  "best_validation_accuracy3": 0.9845411004244383,
  "best_validation_precision-overall": 0.9071212630164596,
  "best_validation_recall-overall": 0.9089532144059239,
  "best_validation_f1-measure-overall": 0.9080363147275897,
  "best_validation_loss": 24.29690839730057
}