{
  "best_epoch": 19,
  "peak_worker_0_memory_MB": 3127.26171875,
  "peak_gpu_0_memory_MB": 49.201171875,
  "training_duration": "2:32:05.425255",
  "training_start_epoch": 0,
  "training_epochs": 71,
  "epoch": 71,
  "training_accuracy": 0.9962430201207144,
  "training_accuracy3": 0.9967439507712859,
  "training_precision-overall": 0.982541304718106,
  "training_recall-overall": 0.9819141240052768,
  "training_f1-measure-overall": 0.9822276142433999,
  "training_loss": 3.0693292682969218,
  "training_worker_0_memory_MB": 3127.26171875,
  "training_gpu_0_memory_MB": 49.201171875,
  "validation_accuracy": 0.9837428449047935,
  "validation_accuracy3": 0.9856898095868541,
  "validation_precision-overall": 0.9138651948486369,
  "validation_recall-overall": 0.9195557051497812,
  "validation_f1-measure-overall": 0.9167016189916454,
  "validation_loss": 30.70082015617221,
  "best_validation_accuracy": 0.9820100463377595,
  "best_validation_accuracy3": 0.9845411004244383,
  "best_validation_precision-overall": 0.9071212630164596,
  "best_validation_recall-overall": 0.9089532144059239,
  "best_validation_f1-measure-overall": 0.9080363147275897,
  "best_validation_loss": 24.29690839730057
}