{
  "best_epoch": 19,
  "peak_worker_0_memory_MB": 3127.140625,
  "peak_gpu_0_memory_MB": 49.201171875,
  "training_duration": "0:52:09.713604",
  "training_start_epoch": 0,
  "training_epochs": 21,
  "epoch": 21,
  "training_accuracy": 0.9883803733406672,
  "training_accuracy3": 0.9899715648189529,
  "training_precision-overall": 0.9473212379935966,
  "training_recall-overall": 0.9443380569385932,
  "training_f1-measure-overall": 0.9458272952007002,
  "training_loss": 10.613978527129918,
  "training_worker_0_memory_MB": 3127.140625,
  "training_gpu_0_memory_MB": 49.201171875,
  "validation_accuracy": 0.982185273159145,
  "validation_accuracy3": 0.984657918305362,
  "validation_precision-overall": 0.9075067024128687,
  "validation_recall-overall": 0.9114776169639852,
  "validation_f1-measure-overall": 0.9094878253567931,
  "validation_loss": 24.785493149476892,
  "best_validation_accuracy": 0.9820100463377595,
  "best_validation_accuracy3": 0.9845411004244383,
  "best_validation_precision-overall": 0.9071212630164596,
  "best_validation_recall-overall": 0.9089532144059239,
  "best_validation_f1-measure-overall": 0.9080363147275897,
  "best_validation_loss": 24.29690839730057
}