{
  "best_epoch": 6,
  "peak_worker_0_memory_MB": 3126.84375,
  "peak_gpu_0_memory_MB": 48.61669921875,
  "training_duration": "0:13:57.429054",
  "training_start_epoch": 0,
  "training_epochs": 6,
  "epoch": 6,
  "training_accuracy": 0.977806807745763,
  "training_accuracy3": 0.9811905451795248,
  "training_precision-overall": 0.8983669961323593,
  "training_recall-overall": 0.8896123239286778,
  "training_f1-measure-overall": 0.8939682268168587,
  "training_loss": 22.968453506130835,
  "training_worker_0_memory_MB": 3126.84375,
  "training_gpu_0_memory_MB": 48.61669921875,
  "validation_accuracy": 0.9786028581441533,
  "validation_accuracy3": 0.9813091390522176,
  "validation_precision-overall": 0.8934522807608147,
  "validation_recall-overall": 0.8933019185459441,
  "validation_f1-measure-overall": 0.893377093326551,
  "validation_loss": 25.201739180321788,
  "best_validation_accuracy": 0.9786028581441533,
  "best_validation_accuracy3": 0.9813091390522176,
  "best_validation_precision-overall": 0.8934522807608147,
  "best_validation_recall-overall": 0.8933019185459441,
  "best_validation_f1-measure-overall": 0.893377093326551,
  "best_validation_loss": 25.201739180321788
}