{
  "best_epoch": 19,
  "peak_worker_0_memory_MB": 3127.21484375,
  "peak_gpu_0_memory_MB": 49.201171875,
  "training_duration": "1:12:00.430287",
  "training_start_epoch": 0,
  "training_epochs": 31,
  "epoch": 31,
  "training_accuracy": 0.9914890900250957,
  "training_accuracy3": 0.9924762180718099,
  "training_precision-overall": 0.9611989937321451,
  "training_recall-overall": 0.9593174177624579,
  "training_f1-measure-overall": 0.960257284034709,
  "training_loss": 7.754208418122729,
  "training_worker_0_memory_MB": 3127.21484375,
  "training_gpu_0_memory_MB": 49.201171875,
  "validation_accuracy": 0.9816206534013473,
  "validation_accuracy3": 0.9844437521903353,
  "validation_precision-overall": 0.8986013986013986,
  "validation_recall-overall": 0.908280040390441,
  "validation_f1-measure-overall": 0.9034147974555912,
  "validation_loss": 31.64405605839748,
  "best_validation_accuracy": 0.9820100463377595,
  "best_validation_accuracy3": 0.9845411004244383,
  "best_validation_precision-overall": 0.9071212630164596,
  "best_validation_recall-overall": 0.9089532144059239,
  "best_validation_f1-measure-overall": 0.9080363147275897,
  "best_validation_loss": 24.29690839730057
}