{
  "best_epoch": 12,
  "peak_worker_0_memory_MB": 3127.03515625,
  "peak_gpu_0_memory_MB": 49.201171875,
  "training_duration": "0:31:54.126927",
  "training_start_epoch": 0,
  "training_epochs": 15,
  "epoch": 15,
  "training_accuracy": 0.9857676762220007,
  "training_accuracy3": 0.9878843537749054,
  "training_precision-overall": 0.9346802499785978,
  "training_recall-overall": 0.9292310311077067,
  "training_f1-measure-overall": 0.9319476750388951,
  "training_loss": 13.70080238485662,
  "training_worker_0_memory_MB": 3127.03515625,
  "training_gpu_0_memory_MB": 49.201171875,
  "validation_accuracy": 0.9811339122308321,
  "validation_accuracy3": 0.9840932985475643,
  "validation_precision-overall": 0.8994823843713474,
  "validation_recall-overall": 0.9065971053517334,
  "validation_f1-measure-overall": 0.9030257312881909,
  "validation_loss": 25.838583712484322,
  "best_validation_accuracy": 0.9811144425840115,
  "best_validation_accuracy3": 0.9839375413729995,
  "best_validation_precision-overall": 0.900218377288762,
  "best_validation_recall-overall": 0.9018848872433524,
  "best_validation_f1-measure-overall": 0.9010508617065496,
  "best_validation_loss": 24.306022157856063
}