{
  "best_epoch": 19,
  "peak_worker_0_memory_MB": 3127.26171875,
  "peak_gpu_0_memory_MB": 51.37109375,
  "training_duration": "3:21:56.731282",
  "training_start_epoch": 0,
  "training_epochs": 96,
  "epoch": 96,
  "training_accuracy": 0.9975199021711906,
  "training_accuracy3": 0.997794922920524,
  "training_precision-overall": 0.9883344686648501,
  "training_recall-overall": 0.9878718243329503,
  "training_f1-measure-overall": 0.9881030923446411,
  "training_loss": 2.222840081043287,
  "training_worker_0_memory_MB": 3127.26171875,
  "training_gpu_0_memory_MB": 51.37109375,
  "validation_accuracy": 0.9829056500915073,
  "validation_accuracy3": 0.9852809470036213,
  "validation_precision-overall": 0.9068022674224742,
  "validation_recall-overall": 0.9153483675530124,
  "validation_f1-measure-overall": 0.9110552763818596,
  "validation_loss": 39.987366638931576,
  "best_validation_accuracy": 0.9820100463377595,
  "best_validation_accuracy3": 0.9845411004244383,
  "best_validation_precision-overall": 0.9071212630164596,
  "best_validation_recall-overall": 0.9089532144059239,
  "best_validation_f1-measure-overall": 0.9080363147275897,
  "best_validation_loss": 24.29690839730057
}