{
  "best_epoch": 19,
  "peak_worker_0_memory_MB": 3127.26171875,
  "peak_gpu_0_memory_MB": 51.37109375,
  "training_duration": "2:43:57.332633",
  "training_start_epoch": 0,
  "training_epochs": 77,
  "epoch": 77,
  "training_accuracy": 0.9967390396864764,
  "training_accuracy3": 0.9971368375560478,
  "training_precision-overall": 0.9842958675575605,
  "training_recall-overall": 0.9842120941316652,
  "training_f1-measure-overall": 0.9842539790619979,
  "training_loss": 2.8646275133641272,
  "training_worker_0_memory_MB": 3127.26171875,
  "training_gpu_0_memory_MB": 51.37109375,
  "validation_accuracy": 0.9823215606868891,
  "validation_accuracy3": 0.9847357968926443,
  "validation_precision-overall": 0.9046348782927642,
  "validation_recall-overall": 0.9131605520026927,
  "validation_f1-measure-overall": 0.9088777219429987,
  "validation_loss": 36.160202101165176,
  "best_validation_accuracy": 0.9820100463377595,
  "best_validation_accuracy3": 0.9845411004244383,
  "best_validation_precision-overall": 0.9071212630164596,
  "best_validation_recall-overall": 0.9089532144059239,
  "best_validation_f1-measure-overall": 0.9080363147275897,
  "best_validation_loss": 24.29690839730057
}