{
  "best_epoch": 19,
  "peak_worker_0_memory_MB": 3127.2578125,
  "peak_gpu_0_memory_MB": 49.201171875,
  "training_duration": "2:11:56.034213",
  "training_start_epoch": 0,
  "training_epochs": 61,
  "epoch": 61,
  "training_accuracy": 0.9959336217777145,
  "training_accuracy3": 0.9964345524282859,
  "training_precision-overall": 0.9812646370023419,
  "training_recall-overall": 0.9806800289374016,
  "training_f1-measure-overall": 0.9809722458708848,
  "training_loss": 3.5227125668580004,
  "training_worker_0_memory_MB": 3127.2578125,
  "training_gpu_0_memory_MB": 49.201171875,
  "validation_accuracy": 0.9828083018574043,
  "validation_accuracy3": 0.985397764884545,
  "validation_precision-overall": 0.9094560669456067,
  "validation_recall-overall": 0.9145069000336588,
  "validation_f1-measure-overall": 0.9119744902239998,
  "validation_loss": 31.669631705564612,
  "best_validation_accuracy": 0.9820100463377595,
  "best_validation_accuracy3": 0.9845411004244383,
  "best_validation_precision-overall": 0.9071212630164596,
  "best_validation_recall-overall": 0.9089532144059239,
  "best_validation_f1-measure-overall": 0.9080363147275897,
  "best_validation_loss": 24.29690839730057
}