{
  "best_epoch": 19,
  "peak_worker_0_memory_MB": 3127.25,
  "peak_gpu_0_memory_MB": 49.201171875,
  "training_duration": "1:24:09.915791",
  "training_start_epoch": 0,
  "training_epochs": 37,
  "epoch": 37,
  "training_accuracy": 0.9926431949553337,
  "training_accuracy3": 0.9934977237121908,
  "training_precision-overall": 0.9669181907319777,
  "training_recall-overall": 0.9651900080854504,
  "training_f1-measure-overall": 0.9660533265183928,
  "training_loss": 6.353760073016607,
  "training_worker_0_memory_MB": 3127.25,
  "training_gpu_0_memory_MB": 49.201171875,
  "validation_accuracy": 0.9823604999805303,
  "validation_accuracy3": 0.9849304933608505,
  "validation_precision-overall": 0.9048572859288934,
  "validation_recall-overall": 0.912319084483339,
  "validation_f1-measure-overall": 0.9085728651637814,
  "validation_loss": 28.940423516666186,
  "best_validation_accuracy": 0.9820100463377595,
  "best_validation_accuracy3": 0.9845411004244383,
  "best_validation_precision-overall": 0.9071212630164596,
  "best_validation_recall-overall": 0.9089532144059239,
  "best_validation_f1-measure-overall": 0.9080363147275897,
  "best_validation_loss": 24.29690839730057
}