{
  "best_epoch": 19,
  "peak_worker_0_memory_MB": 3127.26171875,
  "peak_gpu_0_memory_MB": 51.37109375,
  "training_duration": "2:56:13.730092",
  "training_start_epoch": 0,
  "training_epochs": 83,
  "epoch": 83,
  "training_accuracy": 0.996886372230762,
  "training_accuracy3": 0.9973038144395716,
  "training_precision-overall": 0.9845898429185646,
  "training_recall-overall": 0.9842546491340057,
  "training_f1-measure-overall": 0.9844222174930337,
  "training_loss": 2.8333809272574944,
  "training_worker_0_memory_MB": 3127.26171875,
  "training_gpu_0_memory_MB": 51.37109375,
  "validation_accuracy": 0.9838791324325377,
  "validation_accuracy3": 0.985845566761419,
  "validation_precision-overall": 0.9138333333333334,
  "validation_recall-overall": 0.9227532817233255,
  "validation_f1-measure-overall": 0.9182716462903536,
  "validation_loss": 33.1646606688406,
  "best_validation_accuracy": 0.9820100463377595,
  "best_validation_accuracy3": 0.9845411004244383,
  "best_validation_precision-overall": 0.9071212630164596,
  "best_validation_recall-overall": 0.9089532144059239,
  "best_validation_f1-measure-overall": 0.9080363147275897,
  "best_validation_loss": 24.29690839730057
}