{
  "best_epoch": 19,
  "peak_worker_0_memory_MB": 3127.2578125,
  "peak_gpu_0_memory_MB": 49.201171875,
  "training_duration": "1:59:52.243246",
  "training_start_epoch": 0,
  "training_epochs": 55,
  "epoch": 55,
  "training_accuracy": 0.9948138944411431,
  "training_accuracy3": 0.9954425132967621,
  "training_precision-overall": 0.9753833049403748,
  "training_recall-overall": 0.9745946636027065,
  "training_f1-measure-overall": 0.974988824794007,
  "training_loss": 4.414736037916909,
  "training_worker_0_memory_MB": 3127.2578125,
  "training_gpu_0_memory_MB": 49.201171875,
  "validation_accuracy": 0.9826525446828395,
  "validation_accuracy3": 0.9850083719481328,
  "validation_precision-overall": 0.9071631324094173,
  "validation_recall-overall": 0.9143386065297879,
  "validation_f1-measure-overall": 0.9107367362332917,
  "validation_loss": 31.46607347563201,
  "best_validation_accuracy": 0.9820100463377595,
  "best_validation_accuracy3": 0.9845411004244383,
  "best_validation_precision-overall": 0.9071212630164596,
  "best_validation_recall-overall": 0.9089532144059239,
  "best_validation_f1-measure-overall": 0.9080363147275897,
  "best_validation_loss": 24.29690839730057
}