{
  "best_epoch": 19,
  "peak_worker_0_memory_MB": 3127.26171875,
  "peak_gpu_0_memory_MB": 51.37109375,
  "training_duration": "3:04:10.230799",
  "training_start_epoch": 0,
  "training_epochs": 87,
  "epoch": 87,
  "training_accuracy": 0.9971613929800953,
  "training_accuracy3": 0.9975542797648572,
  "training_precision-overall": 0.9866240681576145,
  "training_recall-overall": 0.9856164092089025,
  "training_f1-measure-overall": 0.9861199812661825,
  "training_loss": 2.421399244143371,
  "training_worker_0_memory_MB": 3127.26171875,
  "training_gpu_0_memory_MB": 51.37109375,
  "validation_accuracy": 0.9826914839764807,
  "validation_accuracy3": 0.9847357968926443,
  "validation_precision-overall": 0.9063072058578798,
  "validation_recall-overall": 0.9165264220801077,
  "validation_f1-measure-overall": 0.9113881683540627,
  "validation_loss": 36.39662027359009,
  "best_validation_accuracy": 0.9820100463377595,
  "best_validation_accuracy3": 0.9845411004244383,
  "best_validation_precision-overall": 0.9071212630164596,
  "best_validation_recall-overall": 0.9089532144059239,
  "best_validation_f1-measure-overall": 0.9080363147275897,
  "best_validation_loss": 24.29690839730057
}