{
  "best_epoch": 19,
  "peak_worker_0_memory_MB": 3127.265625,
  "peak_gpu_0_memory_MB": 51.37109375,
  "training_duration": "3:27:59.715237",
  "training_start_epoch": 0,
  "training_epochs": 99,
  "epoch": 99,
  "training_accuracy": 0.9971024599623811,
  "training_accuracy3": 0.997392213966143,
  "training_precision-overall": 0.9866331786641692,
  "training_recall-overall": 0.986297289246351,
  "training_f1-measure-overall": 0.9864652053627933,
  "training_loss": 2.448648674341432,
  "training_worker_0_memory_MB": 3127.265625,
  "training_gpu_0_memory_MB": 51.37109375,
  "validation_accuracy": 0.9825551964487365,
  "validation_accuracy3": 0.9851251898290565,
  "validation_precision-overall": 0.9061299482211458,
  "validation_recall-overall": 0.9129922584988219,
  "validation_f1-measure-overall": 0.9095481599462993,
  "validation_loss": 38.1710898735944,
  "best_validation_accuracy": 0.9820100463377595,
  "best_validation_accuracy3": 0.9845411004244383,
  "best_validation_precision-overall": 0.9071212630164596,
  "best_validation_recall-overall": 0.9089532144059239,
  "best_validation_f1-measure-overall": 0.9080363147275897,
  "best_validation_loss": 24.29690839730057
}