{
  "best_epoch": 19,
  "peak_worker_0_memory_MB": 3127.2578125,
  "peak_gpu_0_memory_MB": 49.201171875,
  "training_duration": "2:22:01.429896",
  "training_start_epoch": 0,
  "training_epochs": 66,
  "epoch": 66,
  "training_accuracy": 0.9958059335726669,
  "training_accuracy3": 0.9963215974776668,
  "training_precision-overall": 0.9806168526880804,
  "training_recall-overall": 0.9795735988765479,
  "training_f1-measure-overall": 0.98009494816166,
  "training_loss": 3.505911068927183,
  "training_worker_0_memory_MB": 3127.2578125,
  "training_gpu_0_memory_MB": 49.201171875,
  "validation_accuracy": 0.9820100463377595,
  "validation_accuracy3": 0.9844632218371558,
  "validation_precision-overall": 0.9008140887190563,
  "validation_recall-overall": 0.9124873779872097,
  "validation_f1-measure-overall": 0.9066131594347798,
  "validation_loss": 34.941183333303414,
  "best_validation_accuracy": 0.9820100463377595,
  "best_validation_accuracy3": 0.9845411004244383,
  "best_validation_precision-overall": 0.9071212630164596,
  "best_validation_recall-overall": 0.9089532144059239,
  "best_validation_f1-measure-overall": 0.9080363147275897,
  "best_validation_loss": 24.29690839730057
}