{
  "best_epoch": 19,
  "peak_worker_0_memory_MB": 3127.1484375,
  "peak_gpu_0_memory_MB": 49.201171875,
  "training_duration": "1:00:02.530439",
  "training_start_epoch": 0,
  "training_epochs": 25,
  "epoch": 25,
  "training_accuracy": 0.9899420983100957,
  "training_accuracy3": 0.9913024688023337,
  "training_precision-overall": 0.9539597200887523,
  "training_recall-overall": 0.9514021873271203,
  "training_f1-measure-overall": 0.9526792372429456,
  "training_loss": 9.402689863174542,
  "training_worker_0_memory_MB": 3127.1484375,
  "training_gpu_0_memory_MB": 49.201171875,
  "validation_accuracy": 0.980647171060317,
  "validation_accuracy3": 0.9835286787897668,
  "validation_precision-overall": 0.8957044960722046,
  "validation_recall-overall": 0.9018848872433524,
  "validation_f1-measure-overall": 0.898784067085904,
  "validation_loss": 29.13025333367142,
  "best_validation_accuracy": 0.9820100463377595,
  "best_validation_accuracy3": 0.9845411004244383,
  "best_validation_precision-overall": 0.9071212630164596,
  "best_validation_recall-overall": 0.9089532144059239,
  "best_validation_f1-measure-overall": 0.9080363147275897,
  "best_validation_loss": 24.29690839730057
}