{
  "best_epoch": 6,
  "peak_worker_0_memory_MB": 3126.96484375,
  "peak_gpu_0_memory_MB": 49.201171875,
  "training_duration": "0:18:04.822995",
  "training_start_epoch": 0,
  "training_epochs": 8,
  "epoch": 8,
  "training_accuracy": 0.9796091758708582,
  "training_accuracy3": 0.982516538078096,
  "training_precision-overall": 0.9084942084942085,
  "training_recall-overall": 0.9011872845653006,
  "training_f1-measure-overall": 0.9048259950009113,
  "training_loss": 20.40000395785703,
  "training_worker_0_memory_MB": 3126.96484375,
  "training_gpu_0_memory_MB": 49.201171875,
  "validation_accuracy": 0.9788754331996418,
  "validation_accuracy3": 0.9816206534013473,
  "validation_precision-overall": 0.8931989924433249,
  "validation_recall-overall": 0.8951531470885223,
  "validation_f1-measure-overall": 0.8941750021013202,
  "validation_loss": 25.416074612561395,
  "best_validation_accuracy": 0.9786028581441533,
  "best_validation_accuracy3": 0.9813091390522176,
  "best_validation_precision-overall": 0.8934522807608147,
  "best_validation_recall-overall": 0.8933019185459441,
  "best_validation_f1-measure-overall": 0.893377093326551,
  "best_validation_loss": 25.201739180321788
}