{
  "best_epoch": 19,
  "peak_worker_0_memory_MB": 3127.26171875,
  "peak_gpu_0_memory_MB": 49.201171875,
  "training_duration": "2:36:06.817469",
  "training_start_epoch": 0,
  "training_epochs": 73,
  "epoch": 73,
  "training_accuracy": 0.9965180408700478,
  "training_accuracy3": 0.9969109276548097,
  "training_precision-overall": 0.9840695148443157,
  "training_recall-overall": 0.9831482190731521,
  "training_f1-measure-overall": 0.983608651226108,
  "training_loss": 2.9905523167655788,
  "training_worker_0_memory_MB": 3127.26171875,
  "training_gpu_0_memory_MB": 49.201171875,
  "validation_accuracy": 0.9829640590319692,
  "validation_accuracy3": 0.9850667808885947,
  "validation_precision-overall": 0.9088485252457924,
  "validation_recall-overall": 0.9178727701110737,
  "validation_f1-measure-overall": 0.9133383571966343,
  "validation_loss": 33.27306514627793,
  "best_validation_accuracy": 0.9820100463377595,
  "best_validation_accuracy3": 0.9845411004244383,
  "best_validation_precision-overall": 0.9071212630164596,
  "best_validation_recall-overall": 0.9089532144059239,
  "best_validation_f1-measure-overall": 0.9080363147275897,
  "best_validation_loss": 24.29690839730057
}