{
  "best_epoch": 19,
  "peak_worker_0_memory_MB": 3127.2578125,
  "peak_gpu_0_memory_MB": 49.201171875,
  "training_duration": "2:18:04.335397",
  "training_start_epoch": 0,
  "training_epochs": 64,
  "epoch": 64,
  "training_accuracy": 0.995845222251143,
  "training_accuracy3": 0.996360886156143,
  "training_precision-overall": 0.9804105272123329,
  "training_recall-overall": 0.9797012638835695,
  "training_f1-measure-overall": 0.9800557672249984,
  "training_loss": 3.6772055386953855,
  "training_worker_0_memory_MB": 3127.2578125,
  "training_gpu_0_memory_MB": 49.201171875,
  "validation_accuracy": 0.9830614072660722,
  "validation_accuracy3": 0.985203068416339,
  "validation_precision-overall": 0.9088937093275488,
  "validation_recall-overall": 0.9166947155839784,
  "validation_f1-measure-overall": 0.9127775450355596,
  "validation_loss": 31.924263439926445,
  "best_validation_accuracy": 0.9820100463377595,
  "best_validation_accuracy3": 0.9845411004244383,
  "best_validation_precision-overall": 0.9071212630164596,
  "best_validation_recall-overall": 0.9089532144059239,
  "best_validation_f1-measure-overall": 0.9080363147275897,
  "best_validation_loss": 24.29690839730057
}