{
  "best_epoch": 3,
  "peak_worker_0_memory_MB": 3126.609375,
  "peak_gpu_0_memory_MB": 48.61669921875,
  "training_duration": "0:07:56.228617",
  "training_start_epoch": 0,
  "training_epochs": 3,
  "epoch": 3,
  "training_accuracy": 0.9707594010440966,
  "training_accuracy3": 0.9752677768992393,
  "training_precision-overall": 0.8671848013816926,
  "training_recall-overall": 0.8546746670071067,
  "training_f1-measure-overall": 0.8608842881330004,
  "training_loss": 31.491557786024785,
  "training_worker_0_memory_MB": 3126.609375,
  "training_gpu_0_memory_MB": 48.61669921875,
  "validation_accuracy": 0.9736965071453604,
  "validation_accuracy3": 0.9775514972158406,
  "validation_precision-overall": 0.8618103017169528,
  "validation_recall-overall": 0.8700774150117806,
  "validation_f1-measure-overall": 0.8659241269574912,
  "validation_loss": 35.32587479610069,
  "best_validation_accuracy": 0.9736965071453604,
  "best_validation_accuracy3": 0.9775514972158406,
  "best_validation_precision-overall": 0.8618103017169528,
  "best_validation_recall-overall": 0.8700774150117806,
  "best_validation_f1-measure-overall": 0.8659241269574912,
  "best_validation_loss": 35.32587479610069
}