{
  "best_epoch": 19,
  "peak_worker_0_memory_MB": 3127.25,
  "peak_gpu_0_memory_MB": 49.201171875,
  "training_duration": "1:22:11.031461",
  "training_start_epoch": 0,
  "training_epochs": 36,
  "epoch": 36,
  "training_accuracy": 0.9922945079338575,
  "training_accuracy3": 0.993320924659048,
  "training_precision-overall": 0.9648172629962898,
  "training_recall-overall": 0.9627643729520405,
  "training_f1-measure-overall": 0.9637897248018585,
  "training_loss": 6.957534724867697,
  "training_worker_0_memory_MB": 3127.25,
  "training_gpu_0_memory_MB": 49.201171875,
  "validation_accuracy": 0.982477317861454,
  "validation_accuracy3": 0.9847747361862855,
  "validation_precision-overall": 0.9065529923102641,
  "validation_recall-overall": 0.9126556714910804,
  "validation_f1-measure-overall": 0.9095940959409095,
  "validation_loss": 27.33774912591074,
  "best_validation_accuracy": 0.9820100463377595,
  "best_validation_accuracy3": 0.9845411004244383,
  "best_validation_precision-overall": 0.9071212630164596,
  "best_validation_recall-overall": 0.9089532144059239,
  "best_validation_f1-measure-overall": 0.9080363147275897,
  "best_validation_loss": 24.29690839730057
}