{
  "best_epoch": 19,
  "peak_worker_0_memory_MB": 3127.2578125,
  "peak_gpu_0_memory_MB": 49.201171875,
  "training_duration": "2:07:55.522409",
  "training_start_epoch": 0,
  "training_epochs": 59,
  "epoch": 59,
  "training_accuracy": 0.9953835802790478,
  "training_accuracy3": 0.9959041552688573,
  "training_precision-overall": 0.9789872986105191,
  "training_recall-overall": 0.9774458487595217,
  "training_f1-measure-overall": 0.9782159664401877,
  "training_loss": 4.1298608573531235,
  "training_worker_0_memory_MB": 3127.2578125,
  "training_gpu_0_memory_MB": 49.201171875,
  "validation_accuracy": 0.9830614072660722,
  "validation_accuracy3": 0.9851641291226977,
  "validation_precision-overall": 0.9087579087579087,
  "validation_recall-overall": 0.9185459441265568,
  "validation_f1-measure-overall": 0.9136257114160866,
  "validation_loss": 31.67849483676985,
  "best_validation_accuracy": 0.9820100463377595,
  "best_validation_accuracy3": 0.9845411004244383,
  "best_validation_precision-overall": 0.9071212630164596,
  "best_validation_recall-overall": 0.9089532144059239,
  "best_validation_f1-measure-overall": 0.9080363147275897,
  "best_validation_loss": 24.29690839730057
}