{
  "best_epoch": 19,
  "peak_worker_0_memory_MB": 3127.171875,
  "peak_gpu_0_memory_MB": 49.201171875,
  "training_duration": "1:02:02.429569",
  "training_start_epoch": 0,
  "training_epochs": 26,
  "epoch": 26,
  "training_accuracy": 0.9906149169290005,
  "training_accuracy3": 0.9918721546402385,
  "training_precision-overall": 0.9586483831005169,
  "training_recall-overall": 0.9549768075237244,
  "training_f1-measure-overall": 0.956809073079169,
  "training_loss": 8.950032031074471,
  "training_worker_0_memory_MB": 3127.171875,
  "training_gpu_0_memory_MB": 49.201171875,
  "validation_accuracy": 0.981192321171294,
  "validation_accuracy3": 0.9839570110198201,
  "validation_precision-overall": 0.8971152242788061,
  "validation_recall-overall": 0.9054190508246381,
  "validation_f1-measure-overall": 0.901248010721116,
  "validation_loss": 29.266347361545936,
  "best_validation_accuracy": 0.9820100463377595,
  "best_validation_accuracy3": 0.9845411004244383,
  "best_validation_precision-overall": 0.9071212630164596,
  "best_validation_recall-overall": 0.9089532144059239,
  "best_validation_f1-measure-overall": 0.9080363147275897,
  "best_validation_loss": 24.29690839730057
}