{
  "best_epoch": 19,
  "peak_worker_0_memory_MB": 3127.234375,
  "peak_gpu_0_memory_MB": 49.201171875,
  "training_duration": "1:18:06.235961",
  "training_start_epoch": 0,
  "training_epochs": 34,
  "epoch": 34,
  "training_accuracy": 0.9918525103010004,
  "training_accuracy3": 0.9928740159413812,
  "training_precision-overall": 0.9632440730001706,
  "training_recall-overall": 0.9613175028724626,
  "training_f1-measure-overall": 0.9622798236458787,
  "training_loss": 7.370523957836872,
  "training_worker_0_memory_MB": 3127.234375,
  "training_gpu_0_memory_MB": 49.201171875,
  "validation_accuracy": 0.9819516373972976,
  "validation_accuracy3": 0.9847747361862855,
  "validation_precision-overall": 0.9022066198595787,
  "validation_recall-overall": 0.908280040390441,
  "validation_f1-measure-overall": 0.9052331432404734,
  "validation_loss": 28.46598056718415,
  "best_validation_accuracy": 0.9820100463377595,
  "best_validation_accuracy3": 0.9845411004244383,
  "best_validation_precision-overall": 0.9071212630164596,
  "best_validation_recall-overall": 0.9089532144059239,
  "best_validation_f1-measure-overall": 0.9080363147275897,
  "best_validation_loss": 24.29690839730057
}