{
  "best_epoch": 12,
  "peak_worker_0_memory_MB": 3127.05078125,
  "peak_gpu_0_memory_MB": 49.201171875,
  "training_duration": "0:40:00.505041",
  "training_start_epoch": 0,
  "training_epochs": 17,
  "epoch": 17,
  "training_accuracy": 0.9867253377598578,
  "training_accuracy3": 0.9885178837153339,
  "training_precision-overall": 0.9416520511613979,
  "training_recall-overall": 0.9367632665219796,
  "training_f1-measure-overall": 0.9392012970389465,
  "training_loss": 12.443859717297391,
  "training_worker_0_memory_MB": 3127.05078125,
  "training_gpu_0_memory_MB": 49.201171875,
  "validation_accuracy": 0.9817180016354503,
  "validation_accuracy3": 0.984015419960282,
  "validation_precision-overall": 0.9012861199265074,
  "validation_recall-overall": 0.9081117468865701,
  "validation_f1-measure-overall": 0.9046860591834525,
  "validation_loss": 25.469936698090795,
  "best_validation_accuracy": 0.9811144425840115,
  "best_validation_accuracy3": 0.9839375413729995,
  "best_validation_precision-overall": 0.900218377288762,
  "best_validation_recall-overall": 0.9018848872433524,
  "best_validation_f1-measure-overall": 0.9010508617065496,
  "best_validation_loss": 24.306022157856063
}