{
  "best_epoch": 19,
  "peak_worker_0_memory_MB": 3127.2578125,
  "peak_gpu_0_memory_MB": 49.201171875,
  "training_duration": "1:41:47.717235",
  "training_start_epoch": 0,
  "training_epochs": 46,
  "epoch": 46,
  "training_accuracy": 0.9940575873804764,
  "training_accuracy3": 0.9948138944411431,
  "training_precision-overall": 0.9729395721469359,
  "training_recall-overall": 0.9715732584365292,
  "training_f1-measure-overall": 0.9722559352708965,
  "training_loss": 5.243781586171282,
  "training_worker_0_memory_MB": 3127.2578125,
  "training_gpu_0_memory_MB": 49.201171875,
  "validation_accuracy": 0.9826330750360188,
  "validation_accuracy3": 0.9850667808885947,
  "validation_precision-overall": 0.9063801432617025,
  "validation_recall-overall": 0.9156849545607539,
  "validation_f1-measure-overall": 0.9110087902887738,
  "validation_loss": 30.71108929316203,
  "best_validation_accuracy": 0.9820100463377595,
  "best_validation_accuracy3": 0.9845411004244383,
  "best_validation_precision-overall": 0.9071212630164596,
  "best_validation_recall-overall": 0.9089532144059239,
  "best_validation_f1-measure-overall": 0.9080363147275897,
  "best_validation_loss": 24.29690839730057
}