{
  "best_epoch": 19,
  "peak_worker_0_memory_MB": 3127.2421875,
  "peak_gpu_0_memory_MB": 49.201171875,
  "training_duration": "1:20:04.920344",
  "training_start_epoch": 0,
  "training_epochs": 35,
  "epoch": 35,
  "training_accuracy": 0.9922011973224766,
  "training_accuracy3": 0.9931834142843813,
  "training_precision-overall": 0.964597995308168,
  "training_recall-overall": 0.9623813779309758,
  "training_f1-measure-overall": 0.9634884117245581,
  "training_loss": 7.048002515675538,
  "training_worker_0_memory_MB": 3127.2421875,
  "training_gpu_0_memory_MB": 49.201171875,
  "validation_accuracy": 0.9823994392741716,
  "validation_accuracy3": 0.9849694326544917,
  "validation_precision-overall": 0.9050326032436048,
  "validation_recall-overall": 0.910972736452373,
  "validation_f1-measure-overall": 0.9079929547932069,
  "validation_loss": 27.74294833575978,
  "best_validation_accuracy": 0.9820100463377595,
  "best_validation_accuracy3": 0.9845411004244383,
  "best_validation_precision-overall": 0.9071212630164596,
  "best_validation_recall-overall": 0.9089532144059239,
  "best_validation_f1-measure-overall": 0.9080363147275897,
  "best_validation_loss": 24.29690839730057
}