{
  "best_epoch": 19,
  "peak_worker_0_memory_MB": 3127.2578125,
  "peak_gpu_0_memory_MB": 49.201171875,
  "training_duration": "1:45:48.837616",
  "training_start_epoch": 0,
  "training_epochs": 48,
  "epoch": 48,
  "training_accuracy": 0.9943866300627145,
  "training_accuracy3": 0.9950987373600955,
  "training_precision-overall": 0.9743338307397144,
  "training_recall-overall": 0.9725094684880208,
  "training_f1-measure-overall": 0.9734207948204127,
  "training_loss": 4.865283895462141,
  "training_worker_0_memory_MB": 3127.2578125,
  "training_gpu_0_memory_MB": 49.201171875,
  "validation_accuracy": 0.9829056500915073,
  "validation_accuracy3": 0.9850278415949535,
  "validation_precision-overall": 0.9079560585885486,
  "validation_recall-overall": 0.9180410636149444,
  "validation_f1-measure-overall": 0.9129707112970211,
  "validation_loss": 28.758326745500753,
  "best_validation_accuracy": 0.9820100463377595,
  "best_validation_accuracy3": 0.9845411004244383,
  "best_validation_precision-overall": 0.9071212630164596,
  "best_validation_recall-overall": 0.9089532144059239,
  "best_validation_f1-measure-overall": 0.9080363147275897,
  "best_validation_loss": 24.29690839730057
}