{
  "best_epoch": 19,
  "peak_worker_0_memory_MB": 3127.140625,
  "peak_gpu_0_memory_MB": 49.201171875,
  "training_duration": "0:56:10.529994",
  "training_start_epoch": 0,
  "training_epochs": 23,
  "epoch": 23,
  "training_accuracy": 0.9889942589418577,
  "training_accuracy3": 0.9904332067910481,
  "training_precision-overall": 0.9505212784139463,
  "training_recall-overall": 0.946678582067322,
  "training_f1-measure-overall": 0.9485960386328732,
  "training_loss": 10.07866551284095,
  "training_worker_0_memory_MB": 3127.140625,
  "training_gpu_0_memory_MB": 49.201171875,
  "validation_accuracy": 0.9807055800007788,
  "validation_accuracy3": 0.9836065573770492,
  "validation_precision-overall": 0.8948247078464107,
  "validation_recall-overall": 0.9020531807472232,
  "validation_f1-measure-overall": 0.8984244049613982,
  "validation_loss": 30.68229693992465,
  "best_validation_accuracy": 0.9820100463377595,
  "best_validation_accuracy3": 0.9845411004244383,
  "best_validation_precision-overall": 0.9071212630164596,
  "best_validation_recall-overall": 0.9089532144059239,
  "best_validation_f1-measure-overall": 0.9080363147275897,
  "best_validation_loss": 24.29690839730057
}