{
  "best_epoch": 19,
  "peak_worker_0_memory_MB": 3127.25390625,
  "peak_gpu_0_memory_MB": 49.201171875,
  "training_duration": "1:31:58.386840",
  "training_start_epoch": 0,
  "training_epochs": 41,
  "epoch": 41,
  "training_accuracy": 0.9938414996488575,
  "training_accuracy3": 0.994681295151286,
  "training_precision-overall": 0.9712214879556598,
  "training_recall-overall": 0.9694029533171624,
  "training_f1-measure-overall": 0.9703113685734476,
  "training_loss": 5.698182146207075,
  "training_worker_0_memory_MB": 3127.25390625,
  "training_gpu_0_memory_MB": 49.201171875,
  "validation_accuracy": 0.9818932284568358,
  "validation_accuracy3": 0.9844242825435147,
  "validation_precision-overall": 0.8996839128264847,
  "validation_recall-overall": 0.9101312689330192,
  "validation_f1-measure-overall": 0.9048774366267384,
  "validation_loss": 31.439348188101075,
  "best_validation_accuracy": 0.9820100463377595,
  "best_validation_accuracy3": 0.9845411004244383,
  "best_validation_precision-overall": 0.9071212630164596,
  "best_validation_recall-overall": 0.9089532144059239,
  "best_validation_f1-measure-overall": 0.9080363147275897,
  "best_validation_loss": 24.29690839730057
}