{
  "best_epoch": 19,
  "peak_worker_0_memory_MB": 3127.26171875,
  "peak_gpu_0_memory_MB": 51.37109375,
  "training_duration": "3:10:07.029128",
  "training_start_epoch": 0,
  "training_epochs": 90,
  "epoch": 90,
  "training_accuracy": 0.9971024599623811,
  "training_accuracy3": 0.9974757024079048,
  "training_precision-overall": 0.9868415449474087,
  "training_recall-overall": 0.9861696242393293,
  "training_f1-measure-overall": 0.9865054701800189,
  "training_loss": 2.5437501519579007,
  "training_worker_0_memory_MB": 3127.26171875,
  "training_gpu_0_memory_MB": 51.37109375,
  "validation_accuracy": 0.9828667107978661,
  "validation_accuracy3": 0.9851835987695183,
  "validation_precision-overall": 0.9067556296914095,
  "validation_recall-overall": 0.9148434870414002,
  "validation_f1-measure-overall": 0.9107816034178943,
  "validation_loss": 37.75134783165127,
  "best_validation_accuracy": 0.9820100463377595,
  "best_validation_accuracy3": 0.9845411004244383,
  "best_validation_precision-overall": 0.9071212630164596,
  "best_validation_recall-overall": 0.9089532144059239,
  "best_validation_f1-measure-overall": 0.9080363147275897,
  "best_validation_loss": 24.29690839730057
}