{
  "best_epoch": 6,
  "peak_worker_0_memory_MB": 3127.0,
  "peak_gpu_0_memory_MB": 49.201171875,
  "training_duration": "0:24:01.323483",
  "training_start_epoch": 0,
  "training_epochs": 11,
  "epoch": 11,
  "training_accuracy": 0.982919247032477,
  "training_accuracy3": 0.9852716566562388,
  "training_precision-overall": 0.923281444315794,
  "training_recall-overall": 0.916209200391506,
  "training_f1-measure-overall": 0.9197317271134534,
  "training_loss": 17.019976097793407,
  "training_worker_0_memory_MB": 3127.0,
  "training_gpu_0_memory_MB": 49.201171875,
  "validation_accuracy": 0.9807639889412406,
  "validation_accuracy3": 0.9835870877302286,
  "validation_precision-overall": 0.8943685438187271,
  "validation_recall-overall": 0.9033995287781892,
  "validation_f1-measure-overall": 0.898861352980526,
  "validation_loss": 26.24268824446435,
  "best_validation_accuracy": 0.9786028581441533,
  "best_validation_accuracy3": 0.9813091390522176,
  "best_validation_precision-overall": 0.8934522807608147,
  "best_validation_recall-overall": 0.8933019185459441,
  "best_validation_f1-measure-overall": 0.893377093326551,
  "best_validation_loss": 25.201739180321788
}