{
  "best_epoch": 12,
  "peak_worker_0_memory_MB": 3127.0234375,
  "peak_gpu_0_memory_MB": 49.201171875,
  "training_duration": "0:29:51.639983",
  "training_start_epoch": 0,
  "training_epochs": 14,
  "epoch": 14,
  "training_accuracy": 0.9850899465182864,
  "training_accuracy3": 0.9872704681737149,
  "training_precision-overall": 0.932691484809585,
  "training_recall-overall": 0.9275713860164262,
  "training_f1-measure-overall": 0.930124389255108,
  "training_loss": 14.463486009415298,
  "training_worker_0_memory_MB": 3127.0234375,
  "training_gpu_0_memory_MB": 49.201171875,
  "validation_accuracy": 0.9808223978817024,
  "validation_accuracy3": 0.983567618083408,
  "validation_precision-overall": 0.8989966555183947,
  "validation_recall-overall": 0.9047458768091552,
  "validation_f1-measure-overall": 0.9018621036738304,
  "validation_loss": 26.661575308033065,
  "best_validation_accuracy": 0.9811144425840115,
  "best_validation_accuracy3": 0.9839375413729995,
  "best_validation_precision-overall": 0.900218377288762,
  "best_validation_recall-overall": 0.9018848872433524,
  "best_validation_f1-measure-overall": 0.9010508617065496,
  "best_validation_loss": 24.306022157856063
}