{
  "best_epoch": 12,
  "peak_worker_0_memory_MB": 3127.0625,
  "peak_gpu_0_memory_MB": 49.201171875,
  "training_duration": "0:46:03.833252",
  "training_start_epoch": 0,
  "training_epochs": 18,
  "epoch": 18,
  "training_accuracy": 0.9870691136965244,
  "training_accuracy3": 0.9888862150760481,
  "training_precision-overall": 0.9414356605065024,
  "training_recall-overall": 0.9365079365079365,
  "training_f1-measure-overall": 0.9389653333332835,
  "training_loss": 12.158582444071499,
  "training_worker_0_memory_MB": 3127.0625,
  "training_gpu_0_memory_MB": 49.201171875,
  "validation_accuracy": 0.9810365639967291,
  "validation_accuracy3": 0.9838791324325377,
  "validation_precision-overall": 0.8982115995320074,
  "validation_recall-overall": 0.9044092898014137,
  "validation_f1-measure-overall": 0.9012997903563442,
  "validation_loss": 27.36836400686526,
  "best_validation_accuracy": 0.9811144425840115,
  "best_validation_accuracy3": 0.9839375413729995,
  "best_validation_precision-overall": 0.900218377288762,
  "best_validation_recall-overall": 0.9018848872433524,
  "best_validation_f1-measure-overall": 0.9010508617065496,
  "best_validation_loss": 24.306022157856063
}