{
  "best_epoch": 19,
  "peak_worker_0_memory_MB": 3127.2578125,
  "peak_gpu_0_memory_MB": 49.201171875,
  "training_duration": "1:37:50.731545",
  "training_start_epoch": 0,
  "training_epochs": 44,
  "epoch": 44,
  "training_accuracy": 0.9933896798463813,
  "training_accuracy3": 0.9942392975184289,
  "training_precision-overall": 0.9697731923601637,
  "training_recall-overall": 0.9679986382399252,
  "training_f1-measure-overall": 0.9688851027579097,
  "training_loss": 5.697391294401164,
  "training_worker_0_memory_MB": 3127.2578125,
  "training_gpu_0_memory_MB": 49.201171875,
  "validation_accuracy": 0.9822242124527861,
  "validation_accuracy3": 0.984657918305362,
  "validation_precision-overall": 0.9026873643799032,
  "validation_recall-overall": 0.9101312689330192,
  "validation_f1-measure-overall": 0.906394033352837,
  "validation_loss": 31.371450947780236,
  "best_validation_accuracy": 0.9820100463377595,
  "best_validation_accuracy3": 0.9845411004244383,
  "best_validation_precision-overall": 0.9071212630164596,
  "best_validation_recall-overall": 0.9089532144059239,
  "best_validation_f1-measure-overall": 0.9080363147275897,
  "best_validation_loss": 24.29690839730057
}