{
  "best_epoch": 19,
  "peak_worker_0_memory_MB": 3127.26171875,
  "peak_gpu_0_memory_MB": 51.37109375,
  "training_duration": "3:12:02.129694",
  "training_start_epoch": 0,
  "training_epochs": 91,
  "epoch": 91,
  "training_accuracy": 0.9970484380294763,
  "training_accuracy3": 0.9974020361357621,
  "training_precision-overall": 0.9860750330025976,
  "training_recall-overall": 0.9854036341971999,
  "training_f1-measure-overall": 0.9857392192754172,
  "training_loss": 2.630192088646335,
  "training_worker_0_memory_MB": 3127.26171875,
  "training_gpu_0_memory_MB": 51.37109375,
  "validation_accuracy": 0.9839180717261788,
  "validation_accuracy3": 0.986040263229625,
  "validation_precision-overall": 0.9131886477462438,
  "validation_recall-overall": 0.9205654661730057,
  "validation_f1-measure-overall": 0.9168622192423235,
  "validation_loss": 33.73891976300408,
  "best_validation_accuracy": 0.9820100463377595,
  "best_validation_accuracy3": 0.9845411004244383,
  "best_validation_precision-overall": 0.9071212630164596,
  "best_validation_recall-overall": 0.9089532144059239,
  "best_validation_f1-measure-overall": 0.9080363147275897,
  "best_validation_loss": 24.29690839730057
}