{
  "best_epoch": 19,
  "peak_worker_0_memory_MB": 3127.2578125,
  "peak_gpu_0_memory_MB": 49.201171875,
  "training_duration": "1:49:38.831780",
  "training_start_epoch": 0,
  "training_epochs": 50,
  "epoch": 50,
  "training_accuracy": 0.9944406519956193,
  "training_accuracy3": 0.9951282038689526,
  "training_precision-overall": 0.9747612551159618,
  "training_recall-overall": 0.9729775735137666,
  "training_f1-measure-overall": 0.9738685975933906,
  "training_loss": 4.7670103564077735,
  "training_worker_0_memory_MB": 3127.2578125,
  "training_gpu_0_memory_MB": 49.201171875,
  "validation_accuracy": 0.9822242124527861,
  "validation_accuracy3": 0.9846384486585413,
  "validation_precision-overall": 0.9039134054954204,
  "validation_recall-overall": 0.9134971390104342,
  "validation_f1-measure-overall": 0.9086800033480709,
  "validation_loss": 31.953156452552946,
  "best_validation_accuracy": 0.9820100463377595,
  "best_validation_accuracy3": 0.9845411004244383,
  "best_validation_precision-overall": 0.9071212630164596,
  "best_validation_recall-overall": 0.9089532144059239,
  "best_validation_f1-measure-overall": 0.9080363147275897,
  "best_validation_loss": 24.29690839730057
}