{
  "best_epoch": 19,
  "peak_worker_0_memory_MB": 3127.2578125,
  "peak_gpu_0_memory_MB": 49.201171875,
  "training_duration": "1:53:52.423896",
  "training_start_epoch": 0,
  "training_epochs": 52,
  "epoch": 52,
  "training_accuracy": 0.9944897628437146,
  "training_accuracy3": 0.9952116923107145,
  "training_precision-overall": 0.9753539143783047,
  "training_recall-overall": 0.9734031235371718,
  "training_f1-measure-overall": 0.9743775425443049,
  "training_loss": 4.559999368185334,
  "training_worker_0_memory_MB": 3127.2578125,
  "training_gpu_0_memory_MB": 49.201171875,
  "validation_accuracy": 0.9827498929169425,
  "validation_accuracy3": 0.985047311241774,
  "validation_precision-overall": 0.9068333333333334,
  "validation_recall-overall": 0.9156849545607539,
  "validation_f1-measure-overall": 0.9112376486350195,
  "validation_loss": 31.48976718678194,
  "best_validation_accuracy": 0.9820100463377595,
  "best_validation_accuracy3": 0.9845411004244383,
  "best_validation_precision-overall": 0.9071212630164596,
  "best_validation_recall-overall": 0.9089532144059239,
  "best_validation_f1-measure-overall": 0.9080363147275897,
  "best_validation_loss": 24.29690839730057
}