{
  "best_epoch": 0,
  "peak_worker_0_memory_MB": 3108.0546875,
  "peak_gpu_0_memory_MB": 14.35791015625,
  "training_duration": "0:01:57.320244",
  "training_start_epoch": 0,
  "training_epochs": 0,
  "epoch": 0,
  "training_accuracy": 0.8976431703999096,
  "training_accuracy3": 0.9083051355213854,
  "training_precision-overall": 0.6202911830584402,
  "training_recall-overall": 0.5185327035192987,
  "training_f1-measure-overall": 0.5648656792526682,
  "training_loss": 206.72293019566285,
  "training_worker_0_memory_MB": 3108.0546875,
  "training_gpu_0_memory_MB": 14.35791015625,
  "validation_accuracy": 0.9450955959658892,
  "validation_accuracy3": 0.9497683112028348,
  "validation_precision-overall": 0.7603172034309759,
  "validation_recall-overall": 0.7906428811847863,
  "validation_f1-measure-overall": 0.7751835657123499,
  "validation_loss": 75.68967665877997,
  "best_validation_accuracy": 0.9450955959658892,
  "best_validation_accuracy3": 0.9497683112028348,
  "best_validation_precision-overall": 0.7603172034309759,
  "best_validation_recall-overall": 0.7906428811847863,
  "best_validation_f1-measure-overall": 0.7751835657123499,
  "best_validation_loss": 75.68967665877997
}