{
  "best_epoch": 19,
  "peak_worker_0_memory_MB": 3127.0703125,
  "peak_gpu_0_memory_MB": 49.201171875,
  "training_duration": "0:48:08.920237",
  "training_start_epoch": 0,
  "training_epochs": 19,
  "epoch": 19,
  "training_accuracy": 0.9877026436369529,
  "training_accuracy3": 0.9894902785076195,
  "training_precision-overall": 0.94330997949419,
  "training_recall-overall": 0.9396570066811354,
  "training_f1-measure-overall": 0.9414799496876299,
  "training_loss": 11.691742865534199,
  "training_worker_0_memory_MB": 3127.0703125,
  "training_gpu_0_memory_MB": 49.201171875,
  "validation_accuracy": 0.9820100463377595,
  "validation_accuracy3": 0.9845411004244383,
  "validation_precision-overall": 0.9071212630164596,
  "validation_recall-overall": 0.9089532144059239,
  "validation_f1-measure-overall": 0.9080363147275897,
  "validation_loss": 24.29690839730057,
  "best_validation_accuracy": 0.9820100463377595,
  "best_validation_accuracy3": 0.9845411004244383,
  "best_validation_precision-overall": 0.9071212630164596,
  "best_validation_recall-overall": 0.9089532144059239,
  "best_validation_f1-measure-overall": 0.9080363147275897,
  "best_validation_loss": 24.29690839730057
}