{
  "best_epoch": 19,
  "peak_worker_0_memory_MB": 3127.140625,
  "peak_gpu_0_memory_MB": 49.201171875,
  "training_duration": "0:54:10.708834",
  "training_start_epoch": 0,
  "training_epochs": 22,
  "epoch": 22,
  "training_accuracy": 0.9883951065950958,
  "training_accuracy3": 0.9899813869885719,
  "training_precision-overall": 0.9470201502732241,
  "training_recall-overall": 0.9439976169198689,
  "training_f1-measure-overall": 0.9455064680433403,
  "training_loss": 10.601915136828238,
  "training_worker_0_memory_MB": 3127.140625,
  "training_gpu_0_memory_MB": 49.201171875,
  "validation_accuracy": 0.9820489856314006,
  "validation_accuracy3": 0.9847942058331062,
  "validation_precision-overall": 0.9068791946308725,
  "validation_recall-overall": 0.909626388421407,
  "validation_f1-measure-overall": 0.9082507141656365,
  "validation_loss": 24.931215304954378,
  "best_validation_accuracy": 0.9820100463377595,
  "best_validation_accuracy3": 0.9845411004244383,
  "best_validation_precision-overall": 0.9071212630164596,
  "best_validation_recall-overall": 0.9089532144059239,
  "best_validation_f1-measure-overall": 0.9080363147275897,
  "best_validation_loss": 24.29690839730057
}