{
  "best_epoch": 19,
  "peak_worker_0_memory_MB": 3127.2578125,
  "peak_gpu_0_memory_MB": 49.201171875,
  "training_duration": "2:01:54.135383",
  "training_start_epoch": 0,
  "training_epochs": 56,
  "epoch": 56,
  "training_accuracy": 0.9955358239081431,
  "training_accuracy3": 0.9961104208308573,
  "training_precision-overall": 0.9798840777361064,
  "training_recall-overall": 0.9784246138133538,
  "training_f1-measure-overall": 0.9791538019291284,
  "training_loss": 3.8937213605520125,
  "training_worker_0_memory_MB": 3127.2578125,
  "training_gpu_0_memory_MB": 49.201171875,
  "validation_accuracy": 0.9815817141077061,
  "validation_accuracy3": 0.9843269343094116,
  "validation_precision-overall": 0.8982035928143712,
  "validation_recall-overall": 0.9087849209020532,
  "validation_f1-measure-overall": 0.9034632758908652,
  "validation_loss": 36.42111160240921,
  "best_validation_accuracy": 0.9820100463377595,
  "best_validation_accuracy3": 0.9845411004244383,
  "best_validation_precision-overall": 0.9071212630164596,
  "best_validation_recall-overall": 0.9089532144059239,
  "best_validation_f1-measure-overall": 0.9080363147275897,
  "best_validation_loss": 24.29690839730057
}