{
  "best_epoch": 19,
  "peak_worker_0_memory_MB": 3127.2578125,
  "peak_gpu_0_memory_MB": 49.201171875,
  "training_duration": "1:35:54.241294",
  "training_start_epoch": 0,
  "training_epochs": 43,
  "epoch": 43,
  "training_accuracy": 0.9934535239489051,
  "training_accuracy3": 0.9943031416209527,
  "training_precision-overall": 0.9706484641638226,
  "training_recall-overall": 0.9682114132516277,
  "training_f1-measure-overall": 0.9694284070814814,
  "training_loss": 5.678161225720799,
  "training_worker_0_memory_MB": 3127.2578125,
  "training_gpu_0_memory_MB": 49.201171875,
  "validation_accuracy": 0.9819516373972976,
  "validation_accuracy3": 0.9844826914839765,
  "validation_precision-overall": 0.9007163085124105,
  "validation_recall-overall": 0.9099629754291484,
  "validation_f1-measure-overall": 0.9053160318124239,
  "validation_loss": 33.29733580234004,
  "best_validation_accuracy": 0.9820100463377595,
  "best_validation_accuracy3": 0.9845411004244383,
  "best_validation_precision-overall": 0.9071212630164596,
  "best_validation_recall-overall": 0.9089532144059239,
  "best_validation_f1-measure-overall": 0.9080363147275897,
  "best_validation_loss": 24.29690839730057
}