{
  "best_epoch": 19,
  "peak_worker_0_memory_MB": 3127.2578125,
  "peak_gpu_0_memory_MB": 49.201171875,
  "training_duration": "1:57:53.234284",
  "training_start_epoch": 0,
  "training_epochs": 54,
  "epoch": 54,
  "training_accuracy": 0.9946714729816669,
  "training_accuracy3": 0.9953983135334764,
  "training_precision-overall": 0.9757136770345122,
  "training_recall-overall": 0.9745095535980255,
  "training_f1-measure-overall": 0.9751112435861452,
  "training_loss": 4.624794366962546,
  "training_worker_0_memory_MB": 3127.2578125,
  "training_gpu_0_memory_MB": 49.201171875,
  "validation_accuracy": 0.9830029983256103,
  "validation_accuracy3": 0.9854756434718274,
  "validation_precision-overall": 0.9088480801335559,
  "validation_recall-overall": 0.9161898350723662,
  "validation_f1-measure-overall": 0.9125041904122866,
  "validation_loss": 30.29188962543712,
  "best_validation_accuracy": 0.9820100463377595,
  "best_validation_accuracy3": 0.9845411004244383,
  "best_validation_precision-overall": 0.9071212630164596,
  "best_validation_recall-overall": 0.9089532144059239,
  "best_validation_f1-measure-overall": 0.9080363147275897,
  "best_validation_loss": 24.29690839730057
}