{
  "best_epoch": 19,
  "peak_worker_0_memory_MB": 3127.26171875,
  "peak_gpu_0_memory_MB": 51.37109375,
  "training_duration": "3:13:59.419739",
  "training_start_epoch": 0,
  "training_epochs": 92,
  "epoch": 92,
  "training_accuracy": 0.997185948404143,
  "training_accuracy3": 0.9975346354256192,
  "training_precision-overall": 0.9868818944588782,
  "training_recall-overall": 0.9860419592323078,
  "training_f1-measure-overall": 0.9864617480522299,
  "training_loss": 2.4601239452057926,
  "training_worker_0_memory_MB": 3127.26171875,
  "training_gpu_0_memory_MB": 51.37109375,
  "validation_accuracy": 0.9831976947938165,
  "validation_accuracy3": 0.985397764884545,
  "validation_precision-overall": 0.9092577147623019,
  "validation_recall-overall": 0.9173678895994615,
  "validation_f1-measure-overall": 0.9132947976878113,
  "validation_loss": 35.490617817523436,
  "best_validation_accuracy": 0.9820100463377595,
  "best_validation_accuracy3": 0.9845411004244383,
  "best_validation_precision-overall": 0.9071212630164596,
  "best_validation_recall-overall": 0.9089532144059239,
  "best_validation_f1-measure-overall": 0.9080363147275897,
  "best_validation_loss": 24.29690839730057
}