{
  "best_epoch": 19,
  "peak_worker_0_memory_MB": 3127.234375,
  "peak_gpu_0_memory_MB": 49.201171875,
  "training_duration": "1:14:00.329481",
  "training_start_epoch": 0,
  "training_epochs": 32,
  "epoch": 32,
  "training_accuracy": 0.9910225369681909,
  "training_accuracy3": 0.9921668197288099,
  "training_precision-overall": 0.9596364722447412,
  "training_recall-overall": 0.9571045576407506,
  "training_f1-measure-overall": 0.9583688426793432,
  "training_loss": 7.852938218648993,
  "training_worker_0_memory_MB": 3127.234375,
  "training_gpu_0_memory_MB": 49.201171875,
  "validation_accuracy": 0.9823410303337098,
  "validation_accuracy3": 0.9851835987695183,
  "validation_precision-overall": 0.9026666666666666,
  "validation_recall-overall": 0.9114776169639852,
  "validation_f1-measure-overall": 0.9070507452687493,
  "validation_loss": 30.18462106293323,
  "best_validation_accuracy": 0.9820100463377595,
  "best_validation_accuracy3": 0.9845411004244383,
  "best_validation_precision-overall": 0.9071212630164596,
  "best_validation_recall-overall": 0.9089532144059239,
  "best_validation_f1-measure-overall": 0.9080363147275897,
  "best_validation_loss": 24.29690839730057
}