{
  "best_epoch": 19,
  "peak_worker_0_memory_MB": 3127.2578125,
  "peak_gpu_0_memory_MB": 49.201171875,
  "training_duration": "2:05:50.944227",
  "training_start_epoch": 0,
  "training_epochs": 58,
  "epoch": 58,
  "training_accuracy": 0.9950889151904764,
  "training_accuracy3": 0.9957126229612859,
  "training_precision-overall": 0.9778383907262189,
  "training_recall-overall": 0.9763819737010085,
  "training_f1-measure-overall": 0.9771096395033889,
  "training_loss": 4.160724891888525,
  "training_worker_0_memory_MB": 3127.2578125,
  "training_gpu_0_memory_MB": 49.201171875,
  "validation_accuracy": 0.9828667107978661,
  "validation_accuracy3": 0.9849889023013123,
  "validation_precision-overall": 0.9073211314475873,
  "validation_recall-overall": 0.917704476607203,
  "validation_f1-measure-overall": 0.9124832663988791,
  "validation_loss": 32.241133530934654,
  "best_validation_accuracy": 0.9820100463377595,
  "best_validation_accuracy3": 0.9845411004244383,
  "best_validation_precision-overall": 0.9071212630164596,
  "best_validation_recall-overall": 0.9089532144059239,
  "best_validation_f1-measure-overall": 0.9080363147275897,
  "best_validation_loss": 24.29690839730057
}