{
  "best_epoch": 19,
  "peak_worker_0_memory_MB": 3127.26171875,
  "peak_gpu_0_memory_MB": 51.37109375,
  "training_duration": "2:50:05.352259",
  "training_start_epoch": 0,
  "training_epochs": 80,
  "epoch": 80,
  "training_accuracy": 0.9963559750713336,
  "training_accuracy3": 0.9967292175168573,
  "training_precision-overall": 0.9832716128208403,
  "training_recall-overall": 0.9830205540661304,
  "training_f1-measure-overall": 0.9831460674156804,
  "training_loss": 2.962692238475304,
  "training_worker_0_memory_MB": 3127.26171875,
  "training_gpu_0_memory_MB": 51.37109375,
  "validation_accuracy": 0.9831003465597135,
  "validation_accuracy3": 0.985495113118648,
  "validation_precision-overall": 0.9085895721925134,
  "validation_recall-overall": 0.915011780545271,
  "validation_f1-measure-overall": 0.9117893677678521,
  "validation_loss": 36.233845346114215,
  "best_validation_accuracy": 0.9820100463377595,
  "best_validation_accuracy3": 0.9845411004244383,
  "best_validation_precision-overall": 0.9071212630164596,
  "best_validation_recall-overall": 0.9089532144059239,
  "best_validation_f1-measure-overall": 0.9080363147275897,
  "best_validation_loss": 24.29690839730057
}