{
  "best_epoch": 19,
  "peak_worker_0_memory_MB": 3127.109375,
  "peak_gpu_0_memory_MB": 49.201171875,
  "training_duration": "0:50:10.127089",
  "training_start_epoch": 0,
  "training_epochs": 20,
  "epoch": 20,
  "training_accuracy": 0.9875111113293815,
  "training_accuracy3": 0.9892938351152386,
  "training_precision-overall": 0.9437588077038049,
  "training_recall-overall": 0.9404655517256053,
  "training_f1-measure-overall": 0.9421093017307027,
  "training_loss": 11.46614441458891,
  "training_worker_0_memory_MB": 3127.109375,
  "training_gpu_0_memory_MB": 49.201171875,
  "validation_accuracy": 0.9810560336435497,
  "validation_accuracy3": 0.9837039056111522,
  "validation_precision-overall": 0.900418410041841,
  "validation_recall-overall": 0.9054190508246381,
  "validation_f1-measure-overall": 0.9029118066627008,
  "validation_loss": 27.73908093396355,
  "best_validation_accuracy": 0.9820100463377595,
  "best_validation_accuracy3": 0.9845411004244383,
  "best_validation_precision-overall": 0.9071212630164596,
  "best_validation_recall-overall": 0.9089532144059239,
  "best_validation_f1-measure-overall": 0.9080363147275897,
  "best_validation_loss": 24.29690839730057
}