{
  "best_epoch": 19,
  "peak_worker_0_memory_MB": 3127.2578125,
  "peak_gpu_0_memory_MB": 49.201171875,
  "training_duration": "1:43:44.840384",
  "training_start_epoch": 0,
  "training_epochs": 47,
  "epoch": 47,
  "training_accuracy": 0.9943178748753813,
  "training_accuracy3": 0.9950299821727622,
  "training_precision-overall": 0.9743906596216124,
  "training_recall-overall": 0.9731052385207881,
  "training_f1-measure-overall": 0.9737475248578291,
  "training_loss": 5.227050069795926,
  "training_worker_0_memory_MB": 3127.2578125,
  "training_gpu_0_memory_MB": 49.201171875,
  "validation_accuracy": 0.9827304232701218,
  "validation_accuracy3": 0.9852614773568007,
  "validation_precision-overall": 0.9066199766549942,
  "validation_recall-overall": 0.915011780545271,
  "validation_f1-measure-overall": 0.9107965491246673,
  "validation_loss": 30.434712311800787,
  "best_validation_accuracy": 0.9820100463377595,
  "best_validation_accuracy3": 0.9845411004244383,
  "best_validation_precision-overall": 0.9071212630164596,
  "best_validation_recall-overall": 0.9089532144059239,
  "best_validation_f1-measure-overall": 0.9080363147275897,
  "best_validation_loss": 24.29690839730057
}