{
  "best_epoch": 19,
  "peak_worker_0_memory_MB": 3127.2578125,
  "peak_gpu_0_memory_MB": 49.201171875,
  "training_duration": "1:55:50.035482",
  "training_start_epoch": 0,
  "training_epochs": 53,
  "epoch": 53,
  "training_accuracy": 0.9949563159006193,
  "training_accuracy3": 0.9955849347562383,
  "training_precision-overall": 0.9767303102625299,
  "training_recall-overall": 0.9752755436401549,
  "training_f1-measure-overall": 0.9760023848561133,
  "training_loss": 4.582237380512211,
  "training_worker_0_memory_MB": 3127.2578125,
  "training_gpu_0_memory_MB": 49.201171875,
  "validation_accuracy": 0.9824578482146333,
  "validation_accuracy3": 0.984949963007671,
  "validation_precision-overall": 0.9053175529254875,
  "validation_recall-overall": 0.9140020195220464,
  "validation_f1-measure-overall": 0.9096390587052511,
  "validation_loss": 33.010318541059306,
  "best_validation_accuracy": 0.9820100463377595,
  "best_validation_accuracy3": 0.9845411004244383,
  "best_validation_precision-overall": 0.9071212630164596,
  "best_validation_recall-overall": 0.9089532144059239,
  "best_validation_f1-measure-overall": 0.9080363147275897,
  "best_validation_loss": 24.29690839730057
}