{
  "best_epoch": 19,
  "peak_worker_0_memory_MB": 3127.1875,
  "peak_gpu_0_memory_MB": 49.201171875,
  "training_duration": "1:06:04.724282",
  "training_start_epoch": 0,
  "training_epochs": 28,
  "epoch": 28,
  "training_accuracy": 0.9909586928656671,
  "training_accuracy3": 0.9920784202022385,
  "training_precision-overall": 0.9589912093539302,
  "training_recall-overall": 0.9563385675986212,
  "training_f1-measure-overall": 0.9576630515841233,
  "training_loss": 8.429749395418275,
  "training_worker_0_memory_MB": 3127.1875,
  "training_gpu_0_memory_MB": 49.201171875,
  "validation_accuracy": 0.9830029983256103,
  "validation_accuracy3": 0.9853782952377244,
  "validation_precision-overall": 0.9106903485254692,
  "validation_recall-overall": 0.9146751935375295,
  "validation_f1-measure-overall": 0.9126784214944924,
  "validation_loss": 26.103094914380243,
  "best_validation_accuracy": 0.9820100463377595,
  "best_validation_accuracy3": 0.9845411004244383,
  "best_validation_precision-overall": 0.9071212630164596,
  "best_validation_recall-overall": 0.9089532144059239,
  "best_validation_f1-measure-overall": 0.9080363147275897,
  "best_validation_loss": 24.29690839730057
}