{
  "best_epoch": 19,
  "peak_worker_0_memory_MB": 3127.203125,
  "peak_gpu_0_memory_MB": 49.201171875,
  "training_duration": "1:10:00.923800",
  "training_start_epoch": 0,
  "training_epochs": 30,
  "epoch": 30,
  "training_accuracy": 0.9911207586643814,
  "training_accuracy3": 0.9923288855275242,
  "training_precision-overall": 0.960419687793227,
  "training_recall-overall": 0.9582535427039448,
  "training_f1-measure-overall": 0.9593353924805124,
  "training_loss": 7.8308664856304615,
  "training_worker_0_memory_MB": 3127.203125,
  "training_gpu_0_memory_MB": 49.201171875,
  "validation_accuracy": 0.9831003465597135,
  "validation_accuracy3": 0.985300416650442,
  "validation_precision-overall": 0.9101067378252168,
  "validation_recall-overall": 0.918377650622686,
  "validation_f1-measure-overall": 0.9142234880213941,
  "validation_loss": 26.71715156704772,
  "best_validation_accuracy": 0.9820100463377595,
  "best_validation_accuracy3": 0.9845411004244383,
  "best_validation_precision-overall": 0.9071212630164596,
  "best_validation_recall-overall": 0.9089532144059239,
  "best_validation_f1-measure-overall": 0.9080363147275897,
  "best_validation_loss": 24.29690839730057
}