{
  "best_epoch": 6,
  "peak_worker_0_memory_MB": 3126.9140625,
  "peak_gpu_0_memory_MB": 48.61669921875,
  "training_duration": "0:15:58.768424",
  "training_start_epoch": 0,
  "training_epochs": 7,
  "epoch": 7,
  "training_accuracy": 0.9795011320050486,
  "training_accuracy3": 0.9824379607211436,
  "training_precision-overall": 0.9056830366716706,
  "training_recall-overall": 0.8985914294225286,
  "training_f1-measure-overall": 0.90212329644973,
  "training_loss": 21.416988757313792,
  "training_worker_0_memory_MB": 3126.9140625,
  "training_gpu_0_memory_MB": 48.61669921875,
  "validation_accuracy": 0.9781161169736381,
  "validation_accuracy3": 0.9812117908181146,
  "validation_precision-overall": 0.8869667450453477,
  "validation_recall-overall": 0.8887579939414338,
  "validation_f1-measure-overall": 0.8878614660389548,
  "validation_loss": 28.048033069161807,
  "best_validation_accuracy": 0.9786028581441533,
  "best_validation_accuracy3": 0.9813091390522176,
  "best_validation_precision-overall": 0.8934522807608147,
  "best_validation_recall-overall": 0.8933019185459441,
  "best_validation_f1-measure-overall": 0.893377093326551,
  "best_validation_loss": 25.201739180321788
}