{
  "best_epoch": 19,
  "peak_worker_0_memory_MB": 3127.25390625,
  "peak_gpu_0_memory_MB": 49.201171875,
  "training_duration": "1:33:56.632269",
  "training_start_epoch": 0,
  "training_epochs": 42,
  "epoch": 42,
  "training_accuracy": 0.9934535239489051,
  "training_accuracy3": 0.9943571635538574,
  "training_precision-overall": 0.9696000682186408,
  "training_recall-overall": 0.967743308225882,
  "training_f1-measure-overall": 0.9686707984579825,
  "training_loss": 5.751113944824844,
  "training_worker_0_memory_MB": 3127.25390625,
  "training_gpu_0_memory_MB": 49.201171875,
  "validation_accuracy": 0.9823994392741716,
  "validation_accuracy3": 0.984949963007671,
  "validation_precision-overall": 0.901859847226835,
  "validation_recall-overall": 0.9140020195220464,
  "validation_f1-measure-overall": 0.9078903376796558,
  "validation_loss": 31.99266404731601,
  "best_validation_accuracy": 0.9820100463377595,
  "best_validation_accuracy3": 0.9845411004244383,
  "best_validation_precision-overall": 0.9071212630164596,
  "best_validation_recall-overall": 0.9089532144059239,
  "best_validation_f1-measure-overall": 0.9080363147275897,
  "best_validation_loss": 24.29690839730057
}