{
  "best_epoch": 6,
  "peak_worker_0_memory_MB": 3126.9765625,
  "peak_gpu_0_memory_MB": 49.201171875,
  "training_duration": "0:19:59.813627",
  "training_start_epoch": 0,
  "training_epochs": 9,
  "epoch": 9,
  "training_accuracy": 0.9815736097946676,
  "training_accuracy3": 0.9842501510158579,
  "training_precision-overall": 0.9166630887467262,
  "training_recall-overall": 0.9085492999702115,
  "training_f1-measure-overall": 0.9125881598631687,
  "training_loss": 18.742481681371874,
  "training_worker_0_memory_MB": 3126.9765625,
  "training_gpu_0_memory_MB": 49.201171875,
  "validation_accuracy": 0.9788754331996418,
  "validation_accuracy3": 0.982185273159145,
  "validation_precision-overall": 0.8893531673073709,
  "validation_recall-overall": 0.8954897340962639,
  "validation_f1-measure-overall": 0.8924109014674554,
  "validation_loss": 26.52478942684099,
  "best_validation_accuracy": 0.9786028581441533,
  "best_validation_accuracy3": 0.9813091390522176,
  "best_validation_precision-overall": 0.8934522807608147,
  "best_validation_recall-overall": 0.8933019185459441,
  "best_validation_f1-measure-overall": 0.893377093326551,
  "best_validation_loss": 25.201739180321788
}