{
  "best_epoch": 19,
  "peak_worker_0_memory_MB": 3127.26171875,
  "peak_gpu_0_memory_MB": 49.201171875,
  "training_duration": "2:27:59.245441",
  "training_start_epoch": 0,
  "training_epochs": 69,
  "epoch": 69,
  "training_accuracy": 0.996257753375143,
  "training_accuracy3": 0.9967292175168573,
  "training_precision-overall": 0.9827453987730062,
  "training_recall-overall": 0.9816162389888932,
  "training_f1-measure-overall": 0.9821804943475263,
  "training_loss": 3.3701808115887477,
  "training_worker_0_memory_MB": 3127.26171875,
  "training_gpu_0_memory_MB": 49.201171875,
  "validation_accuracy": 0.9828667107978661,
  "validation_accuracy3": 0.9850083719481328,
  "validation_precision-overall": 0.9072439633638635,
  "validation_recall-overall": 0.9168630090878492,
  "validation_f1-measure-overall": 0.9120281242152343,
  "validation_loss": 35.65020396662693,
  "best_validation_accuracy": 0.9820100463377595,
  "best_validation_accuracy3": 0.9845411004244383,
  "best_validation_precision-overall": 0.9071212630164596,
  "best_validation_recall-overall": 0.9089532144059239,
  "best_validation_f1-measure-overall": 0.9080363147275897,
  "best_validation_loss": 24.29690839730057
}