{
  "best_epoch": 12,
  "peak_worker_0_memory_MB": 3127.0078125,
  "peak_gpu_0_memory_MB": 49.201171875,
  "training_duration": "0:25:57.825486",
  "training_start_epoch": 0,
  "training_epochs": 12,
  "epoch": 12,
  "training_accuracy": 0.9839996856905722,
  "training_accuracy3": 0.9863029844662388,
  "training_precision-overall": 0.9273903358464702,
  "training_recall-overall": 0.9212732456700286,
  "training_f1-measure-overall": 0.9243216702601812,
  "training_loss": 15.8598483754725,
  "training_worker_0_memory_MB": 3127.0078125,
  "training_gpu_0_memory_MB": 49.201171875,
  "validation_accuracy": 0.9811144425840115,
  "validation_accuracy3": 0.9839375413729995,
  "validation_precision-overall": 0.900218377288762,
  "validation_recall-overall": 0.9018848872433524,
  "validation_f1-measure-overall": 0.9010508617065496,
  "validation_loss": 24.306022157856063,
  "best_validation_accuracy": 0.9811144425840115,
  "best_validation_accuracy3": 0.9839375413729995,
  "best_validation_precision-overall": 0.900218377288762,
  "best_validation_recall-overall": 0.9018848872433524,
  "best_validation_f1-measure-overall": 0.9010508617065496,
  "best_validation_loss": 24.306022157856063
}