{
  "best_epoch": 6,
  "peak_worker_0_memory_MB": 3127.0,
  "peak_gpu_0_memory_MB": 49.201171875,
  "training_duration": "0:22:04.735235",
  "training_start_epoch": 0,
  "training_epochs": 10,
  "epoch": 10,
  "training_accuracy": 0.9823986720426675,
  "training_accuracy3": 0.9849327918043816,
  "training_precision-overall": 0.9214383679067375,
  "training_recall-overall": 0.9148899953189498,
  "training_f1-measure-overall": 0.9181525058187453,
  "training_loss": 17.858257464232913,
  "training_worker_0_memory_MB": 3127.0,
  "training_gpu_0_memory_MB": 49.201171875,
  "validation_accuracy": 0.9794789922510806,
  "validation_accuracy3": 0.9822047428059655,
  "validation_precision-overall": 0.8960995292535306,
  "validation_recall-overall": 0.8970043756311007,
  "validation_f1-measure-overall": 0.8965517241378812,
  "validation_loss": 26.07022984822591,
  "best_validation_accuracy": 0.9786028581441533,
  "best_validation_accuracy3": 0.9813091390522176,
  "best_validation_precision-overall": 0.8934522807608147,
  "best_validation_recall-overall": 0.8933019185459441,
  "best_validation_f1-measure-overall": 0.893377093326551,
  "best_validation_loss": 25.201739180321788
}