{
  "best_epoch": 5,
  "peak_worker_0_memory_MB": 3126.765625,
  "peak_gpu_0_memory_MB": 48.61669921875,
  "training_duration": "0:12:04.019810",
  "training_start_epoch": 0,
  "training_epochs": 5,
  "epoch": 5,
  "training_accuracy": 0.9752383103903821,
  "training_accuracy3": 0.9790002013544772,
  "training_precision-overall": 0.8870080769891734,
  "training_recall-overall": 0.8785905783224818,
  "training_f1-measure-overall": 0.88277926242646,
  "training_loss": 25.472223898815948,
  "training_worker_0_memory_MB": 3126.765625,
  "training_gpu_0_memory_MB": 48.61669921875,
  "validation_accuracy": 0.9774152096880963,
  "validation_accuracy3": 0.9803745960048285,
  "validation_precision-overall": 0.8840749414519906,
  "validation_recall-overall": 0.8894311679569169,
  "validation_f1-measure-overall": 0.8867449664429031,
  "validation_loss": 28.959392173617495,
  "best_validation_accuracy": 0.9774152096880963,
  "best_validation_accuracy3": 0.9803745960048285,
  "best_validation_precision-overall": 0.8840749414519906,
  "best_validation_recall-overall": 0.8894311679569169,
  "best_validation_f1-measure-overall": 0.8867449664429031,
  "best_validation_loss": 28.959392173617495
}