{
  "best_epoch": 19,
  "peak_worker_0_memory_MB": 3127.26171875,
  "peak_gpu_0_memory_MB": 51.37109375,
  "training_duration": "3:06:11.459829",
  "training_start_epoch": 0,
  "training_epochs": 88,
  "epoch": 88,
  "training_accuracy": 0.9966506401599049,
  "training_accuracy3": 0.9969747717573335,
  "training_precision-overall": 0.9847149486950227,
  "training_recall-overall": 0.9842120941316652,
  "training_f1-measure-overall": 0.9844634571999671,
  "training_loss": 2.671108045990755,
  "training_worker_0_memory_MB": 3127.26171875,
  "training_gpu_0_memory_MB": 51.37109375,
  "validation_accuracy": 0.9833729216152018,
  "validation_accuracy3": 0.985592461352751,
  "validation_precision-overall": 0.9104402935290193,
  "validation_recall-overall": 0.9187142376304275,
  "validation_f1-measure-overall": 0.9145585525213105,
  "validation_loss": 35.86335491666607,
  "best_validation_accuracy": 0.9820100463377595,
  "best_validation_accuracy3": 0.9845411004244383,
  "best_validation_precision-overall": 0.9071212630164596,
  "best_validation_recall-overall": 0.9089532144059239,
  "best_validation_f1-measure-overall": 0.9080363147275897,
  "best_validation_loss": 24.29690839730057
}