{
  "best_epoch": 19,
  "peak_worker_0_memory_MB": 3127.140625,
  "peak_gpu_0_memory_MB": 49.201171875,
  "training_duration": "0:58:06.233814",
  "training_start_epoch": 0,
  "training_epochs": 24,
  "epoch": 24,
  "training_accuracy": 0.9892938351152386,
  "training_accuracy3": 0.9908015381517623,
  "training_precision-overall": 0.9512309595938047,
  "training_recall-overall": 0.9487212221796673,
  "training_f1-measure-overall": 0.949974433270787,
  "training_loss": 9.657841871431042,
  "training_worker_0_memory_MB": 3127.140625,
  "training_gpu_0_memory_MB": 49.201171875,
  "validation_accuracy": 0.9802188388302636,
  "validation_accuracy3": 0.9830808769128928,
  "validation_precision-overall": 0.8928631121510948,
  "validation_recall-overall": 0.8990238976775496,
  "validation_f1-measure-overall": 0.8959329140460716,
  "validation_loss": 31.354485539829028,
  "best_validation_accuracy": 0.9820100463377595,
  "best_validation_accuracy3": 0.9845411004244383,
  "best_validation_precision-overall": 0.9071212630164596,
  "best_validation_recall-overall": 0.9089532144059239,
  "best_validation_f1-measure-overall": 0.9080363147275897,
  "best_validation_loss": 24.29690839730057
}