{
  "best_epoch": 19,
  "peak_worker_0_memory_MB": 3127.17578125,
  "peak_gpu_0_memory_MB": 49.201171875,
  "training_duration": "1:04:01.232557",
  "training_start_epoch": 0,
  "training_epochs": 27,
  "epoch": 27,
  "training_accuracy": 0.9905559839112862,
  "training_accuracy3": 0.9917886661984766,
  "training_precision-overall": 0.9565235941633246,
  "training_recall-overall": 0.9540405974722329,
  "training_f1-measure-overall": 0.9552804823486302,
  "training_loss": 8.840347904822277,
  "training_worker_0_memory_MB": 3127.17578125,
  "training_gpu_0_memory_MB": 49.201171875,
  "validation_accuracy": 0.9823020910400685,
  "validation_accuracy3": 0.9847942058331062,
  "validation_precision-overall": 0.9068676716917923,
  "validation_recall-overall": 0.9111410299562437,
  "validation_f1-measure-overall": 0.9089993284082777,
  "validation_loss": 26.588137121761548,
  "best_validation_accuracy": 0.9820100463377595,
  "best_validation_accuracy3": 0.9845411004244383,
  "best_validation_precision-overall": 0.9071212630164596,
  "best_validation_recall-overall": 0.9089532144059239,
  "best_validation_f1-measure-overall": 0.9080363147275897,
  "best_validation_loss": 24.29690839730057
}