{
  "best_epoch": 19,
  "peak_worker_0_memory_MB": 3127.26171875,
  "peak_gpu_0_memory_MB": 51.37109375,
  "training_duration": "2:54:16.303267",
  "training_start_epoch": 0,
  "training_epochs": 82,
  "epoch": 82,
  "training_accuracy": 0.9969403941636669,
  "training_accuracy3": 0.9973087255243811,
  "training_precision-overall": 0.9856461368089275,
  "training_recall-overall": 0.984765309162092,
  "training_f1-measure-overall": 0.9852055261084713,
  "training_loss": 2.8133381825101673,
  "training_worker_0_memory_MB": 3127.26171875,
  "training_gpu_0_memory_MB": 51.37109375,
  "validation_accuracy": 0.982477317861454,
  "validation_accuracy3": 0.9848720844203886,
  "validation_precision-overall": 0.9065,
  "validation_recall-overall": 0.9153483675530124,
  "validation_f1-measure-overall": 0.9109026963657179,
  "validation_loss": 36.79211361735475,
  "best_validation_accuracy": 0.9820100463377595,
  "best_validation_accuracy3": 0.9845411004244383,
  "best_validation_precision-overall": 0.9071212630164596,
  "best_validation_recall-overall": 0.9089532144059239,
  "best_validation_f1-measure-overall": 0.9080363147275897,
  "best_validation_loss": 24.29690839730057
}