{
  "best_epoch": 19,
  "peak_worker_0_memory_MB": 3127.25390625,
  "peak_gpu_0_memory_MB": 49.201171875,
  "training_duration": "1:28:04.135709",
  "training_start_epoch": 0,
  "training_epochs": 39,
  "epoch": 39,
  "training_accuracy": 0.9929820598071908,
  "training_accuracy3": 0.9939200770058099,
  "training_precision-overall": 0.9681971266572879,
  "training_recall-overall": 0.9664666581556662,
  "training_f1-measure-overall": 0.9673311184938592,
  "training_loss": 6.3345913707802675,
  "training_worker_0_memory_MB": 3127.25390625,
  "training_gpu_0_memory_MB": 49.201171875,
  "validation_accuracy": 0.9821268642186831,
  "validation_accuracy3": 0.9845800397180795,
  "validation_precision-overall": 0.9050802139037433,
  "validation_recall-overall": 0.9114776169639852,
  "validation_f1-measure-overall": 0.9082676505114375,
  "validation_loss": 29.80208366057452,
  "best_validation_accuracy": 0.9820100463377595,
  "best_validation_accuracy3": 0.9845411004244383,
  "best_validation_precision-overall": 0.9071212630164596,
  "best_validation_recall-overall": 0.9089532144059239,
  "best_validation_f1-measure-overall": 0.9080363147275897,
  "best_validation_loss": 24.29690839730057
}