{
  "best_epoch": 19,
  "peak_worker_0_memory_MB": 3127.2578125,
  "peak_gpu_0_memory_MB": 49.201171875,
  "training_duration": "2:20:04.531109",
  "training_start_epoch": 0,
  "training_epochs": 65,
  "epoch": 65,
  "training_accuracy": 0.9958648665903812,
  "training_accuracy3": 0.9964198191738574,
  "training_precision-overall": 0.9812462705651692,
  "training_recall-overall": 0.9797012638835695,
  "training_f1-measure-overall": 0.9804731585783449,
  "training_loss": 3.66846291133646,
  "training_worker_0_memory_MB": 3127.2578125,
  "training_gpu_0_memory_MB": 49.201171875,
  "validation_accuracy": 0.9826136053891983,
  "validation_accuracy3": 0.9848915540672092,
  "validation_precision-overall": 0.9057452123230642,
  "validation_recall-overall": 0.9153483675530124,
  "validation_f1-measure-overall": 0.9105214698250107,
  "validation_loss": 32.90422819174972,
  "best_validation_accuracy": 0.9820100463377595,
  "best_validation_accuracy3": 0.9845411004244383,
  "best_validation_precision-overall": 0.9071212630164596,
  "best_validation_recall-overall": 0.9089532144059239,
  "best_validation_f1-measure-overall": 0.9080363147275897,
  "best_validation_loss": 24.29690839730057
}