{
  "best_epoch": 19,
  "peak_worker_0_memory_MB": 3127.2578125,
  "peak_gpu_0_memory_MB": 49.201171875,
  "training_duration": "2:24:02.519534",
  "training_start_epoch": 0,
  "training_epochs": 67,
  "epoch": 67,
  "training_accuracy": 0.9958943330992382,
  "training_accuracy3": 0.9963756194105716,
  "training_precision-overall": 0.9810870676435509,
  "training_recall-overall": 0.9801268139069748,
  "training_f1-measure-overall": 0.9806067056944684,
  "training_loss": 3.7903576223073623,
  "training_worker_0_memory_MB": 3127.2578125,
  "training_gpu_0_memory_MB": 49.201171875,
  "validation_accuracy": 0.9829056500915073,
  "validation_accuracy3": 0.9851251898290565,
  "validation_precision-overall": 0.9053784860557769,
  "validation_recall-overall": 0.9178727701110737,
  "validation_f1-measure-overall": 0.9115828179842389,
  "validation_loss": 34.26126524046356,
  "best_validation_accuracy": 0.9820100463377595,
  "best_validation_accuracy3": 0.9845411004244383,
  "best_validation_precision-overall": 0.9071212630164596,
  "best_validation_recall-overall": 0.9089532144059239,
  "best_validation_f1-measure-overall": 0.9080363147275897,
  "best_validation_loss": 24.29690839730057
}