{
  "best_epoch": 19,
  "peak_worker_0_memory_MB": 3127.26171875,
  "peak_gpu_0_memory_MB": 51.37109375,
  "training_duration": "3:19:59.438734",
  "training_start_epoch": 0,
  "training_epochs": 95,
  "epoch": 95,
  "training_accuracy": 0.9972203259978096,
  "training_accuracy3": 0.997608301697762,
  "training_precision-overall": 0.986671208959673,
  "training_recall-overall": 0.9859994042299672,
  "training_f1-measure-overall": 0.9863351922012186,
  "training_loss": 2.4015586870406374,
  "training_worker_0_memory_MB": 3127.26171875,
  "training_gpu_0_memory_MB": 51.37109375,
  "validation_accuracy": 0.9825941357423776,
  "validation_accuracy3": 0.9851251898290565,
  "validation_precision-overall": 0.9046189761547441,
  "validation_recall-overall": 0.9129922584988219,
  "validation_f1-measure-overall": 0.9087863305133934,
  "validation_loss": 40.557336882048965,
  "best_validation_accuracy": 0.9820100463377595,
  "best_validation_accuracy3": 0.9845411004244383,
  "best_validation_precision-overall": 0.9071212630164596,
  "best_validation_recall-overall": 0.9089532144059239,
  "best_validation_f1-measure-overall": 0.9080363147275897,
  "best_validation_loss": 24.29690839730057
}