{
  "best_epoch": 19,
  "peak_worker_0_memory_MB": 3127.234375,
  "peak_gpu_0_memory_MB": 49.201171875,
  "training_duration": "1:16:10.014889",
  "training_start_epoch": 0,
  "training_epochs": 33,
  "epoch": 33,
  "training_accuracy": 0.9927463277363336,
  "training_accuracy3": 0.9936745227653336,
  "training_precision-overall": 0.967235494880546,
  "training_recall-overall": 0.9648070130643858,
  "training_f1-measure-overall": 0.966019727731687,
  "training_loss": 6.7878929417334275,
  "training_worker_0_memory_MB": 3127.234375,
  "training_gpu_0_memory_MB": 49.201171875,
  "validation_accuracy": 0.9826525446828395,
  "validation_accuracy3": 0.985047311241774,
  "validation_precision-overall": 0.9062552126772311,
  "validation_recall-overall": 0.9143386065297879,
  "validation_f1-measure-overall": 0.9102789645639108,
  "validation_loss": 28.188441790786445,
  "best_validation_accuracy": 0.9820100463377595,
  "best_validation_accuracy3": 0.9845411004244383,
  "best_validation_precision-overall": 0.9071212630164596,
  "best_validation_recall-overall": 0.9089532144059239,
  "best_validation_f1-measure-overall": 0.9080363147275897,
  "best_validation_loss": 24.29690839730057
}