{
  "best_epoch": 19,
  "peak_worker_0_memory_MB": 3127.26171875,
  "peak_gpu_0_memory_MB": 49.201171875,
  "training_duration": "2:41:56.691599",
  "training_start_epoch": 0,
  "training_epochs": 76,
  "epoch": 76,
  "training_accuracy": 0.9966309958206668,
  "training_accuracy3": 0.9971319264712383,
  "training_precision-overall": 0.9843670131197819,
  "training_recall-overall": 0.9834035490871952,
  "training_f1-measure-overall": 0.9838850452367781,
  "training_loss": 2.848854567304016,
  "training_worker_0_memory_MB": 3127.26171875,
  "training_gpu_0_memory_MB": 49.201171875,
  "validation_accuracy": 0.9833339823215607,
  "validation_accuracy3": 0.9852809470036213,
  "validation_precision-overall": 0.9107113110111611,
  "validation_recall-overall": 0.9200605856613935,
  "validation_f1-measure-overall": 0.9153620761824531,
  "validation_loss": 34.4284647025314,
  "best_validation_accuracy": 0.9820100463377595,
  "best_validation_accuracy3": 0.9845411004244383,
  "best_validation_precision-overall": 0.9071212630164596,
  "best_validation_recall-overall": 0.9089532144059239,
  "best_validation_f1-measure-overall": 0.9080363147275897,
  "best_validation_loss": 24.29690839730057
}