{
  "best_epoch": 19,
  "peak_worker_0_memory_MB": 3127.26171875,
  "peak_gpu_0_memory_MB": 51.37109375,
  "training_duration": "2:45:55.821213",
  "training_start_epoch": 0,
  "training_epochs": 78,
  "epoch": 78,
  "training_accuracy": 0.9966948399231906,
  "training_accuracy3": 0.997092637792762,
  "training_precision-overall": 0.985299757126422,
  "training_recall-overall": 0.984041874122303,
  "training_f1-measure-overall": 0.9846704138987747,
  "training_loss": 2.7629795563248134,
  "training_worker_0_memory_MB": 3127.26171875,
  "training_gpu_0_memory_MB": 51.37109375,
  "validation_accuracy": 0.9833339823215607,
  "validation_accuracy3": 0.9855535220591098,
  "validation_precision-overall": 0.9107142857142857,
  "validation_recall-overall": 0.918377650622686,
  "validation_f1-measure-overall": 0.9145299145298645,
  "validation_loss": 33.45096728380989,
  "best_validation_accuracy": 0.9820100463377595,
  "best_validation_accuracy3": 0.9845411004244383,
  "best_validation_precision-overall": 0.9071212630164596,
  "best_validation_recall-overall": 0.9089532144059239,
  "best_validation_f1-measure-overall": 0.9080363147275897,
  "best_validation_loss": 24.29690839730057
}