{
  "best_epoch": 19,
  "peak_worker_0_memory_MB": 3127.26171875,
  "peak_gpu_0_memory_MB": 51.37109375,
  "training_duration": "3:08:08.937309",
  "training_start_epoch": 0,
  "training_epochs": 89,
  "epoch": 89,
  "training_accuracy": 0.9973332809484287,
  "training_accuracy3": 0.9976426792914287,
  "training_precision-overall": 0.9879841493033363,
  "training_recall-overall": 0.9867228392697561,
  "training_f1-measure-overall": 0.9873530914664803,
  "training_loss": 2.420352817396368,
  "training_worker_0_memory_MB": 3127.26171875,
  "training_gpu_0_memory_MB": 51.37109375,
  "validation_accuracy": 0.9830029983256103,
  "validation_accuracy3": 0.9852809470036213,
  "validation_precision-overall": 0.906562291805463,
  "validation_recall-overall": 0.9160215415684955,
  "validation_f1-measure-overall": 0.9112673698308558,
  "validation_loss": 36.43578417160932,
  "best_validation_accuracy": 0.9820100463377595,
  "best_validation_accuracy3": 0.9845411004244383,
  "best_validation_precision-overall": 0.9071212630164596,
  "best_validation_recall-overall": 0.9089532144059239,
  "best_validation_f1-measure-overall": 0.9080363147275897,
  "best_validation_loss": 24.29690839730057
}