{
  "best_epoch": 27,
  "peak_worker_0_memory_MB": 0,
  "peak_gpu_0_memory_MB": 44.57275390625,
  "training_duration": "0:56:00.000169",
  "training_start_epoch": 0,
  "training_epochs": 53,
  "epoch": 53,
  "training_accuracy": 0.9923043301034765,
  "training_accuracy3": 0.9932963692350003,
  "training_precision-overall": 0.964809759426719,
  "training_recall-overall": 0.9625515979403378,
  "training_f1-measure-overall": 0.9636793558144485,
  "training_loss": 3.9660890802554363,
  "training_worker_0_memory_MB": 0.0,
  "training_gpu_0_memory_MB": 44.57275390625,
  "validation_accuracy": 0.9813286086990382,
  "validation_accuracy3": 0.9841906467816673,
  "validation_precision-overall": 0.8966149741537436,
  "validation_recall-overall": 0.9049141703130259,
  "validation_f1-measure-overall": 0.9007454560682974,
  "validation_loss": 23.69843552349245,
  "best_validation_accuracy": 0.9810755032903703,
  "best_validation_accuracy3": 0.9839180717261788,
  "best_validation_precision-overall": 0.8976023976023976,
  "best_validation_recall-overall": 0.9072702793672164,
  "best_validation_f1-measure-overall": 0.9024104452627555,
  "best_validation_loss": 19.231099461807926
}