{
  "best_epoch": 27,
  "peak_worker_0_memory_MB": 0,
  "peak_gpu_0_memory_MB": 44.57275390625,
  "training_duration": "1:02:11.732695",
  "training_start_epoch": 0,
  "training_epochs": 59,
  "epoch": 59,
  "training_accuracy": 0.9927070390578575,
  "training_accuracy3": 0.9936990781893813,
  "training_precision-overall": 0.9657700669252739,
  "training_recall-overall": 0.9641261330269373,
  "training_f1-measure-overall": 0.9649473998040303,
  "training_loss": 3.767100688714984,
  "training_worker_0_memory_MB": 0.0,
  "training_gpu_0_memory_MB": 44.57275390625,
  "validation_accuracy": 0.9812701997585764,
  "validation_accuracy3": 0.9841906467816673,
  "validation_precision-overall": 0.8948419301164725,
  "validation_recall-overall": 0.9050824638168967,
  "validation_f1-measure-overall": 0.8999330655956661,
  "validation_loss": 25.373564233966903,
  "best_validation_accuracy": 0.9810755032903703,
  "best_validation_accuracy3": 0.9839180717261788,
  "best_validation_precision-overall": 0.8976023976023976,
  "best_validation_recall-overall": 0.9072702793672164,
  "best_validation_f1-measure-overall": 0.9024104452627555,
  "best_validation_loss": 19.231099461807926
}