{
  "best_epoch": 27,
  "peak_worker_0_memory_MB": 0,
  "peak_gpu_0_memory_MB": 46.54345703125,
  "training_duration": "1:27:00.167286",
  "training_start_epoch": 0,
  "training_epochs": 83,
  "epoch": 83,
  "training_accuracy": 0.9948237166107622,
  "training_accuracy3": 0.9954916241448574,
  "training_precision-overall": 0.9756211908110642,
  "training_recall-overall": 0.9741265585769607,
  "training_f1-measure-overall": 0.9748733018184417,
  "training_loss": 2.4350767721228963,
  "training_worker_0_memory_MB": 0.0,
  "training_gpu_0_memory_MB": 46.54345703125,
  "validation_accuracy": 0.9814648962267825,
  "validation_accuracy3": 0.9842685253689498,
  "validation_precision-overall": 0.8975893599334995,
  "validation_recall-overall": 0.9086166273981824,
  "validation_f1-measure-overall": 0.9030693317721337,
  "validation_loss": 24.051862310819036,
  "best_validation_accuracy": 0.9810755032903703,
  "best_validation_accuracy3": 0.9839180717261788,
  "best_validation_precision-overall": 0.8976023976023976,
  "best_validation_recall-overall": 0.9072702793672164,
  "best_validation_f1-measure-overall": 0.9024104452627555,
  "best_validation_loss": 19.231099461807926
}