{
  "best_epoch": 27,
  "peak_worker_0_memory_MB": 0,
  "peak_gpu_0_memory_MB": 44.44921875,
  "training_duration": "0:29:03.684539",
  "training_start_epoch": 0,
  "training_epochs": 27,
  "epoch": 27,
  "training_accuracy": 0.9876829992977149,
  "training_accuracy3": 0.9893036572848577,
  "training_precision-overall": 0.944223618412617,
  "training_recall-overall": 0.9401251117068812,
  "training_f1-measure-overall": 0.9421699078812192,
  "training_loss": 7.250944700949149,
  "training_worker_0_memory_MB": 0.0,
  "training_gpu_0_memory_MB": 44.44921875,
  "validation_accuracy": 0.9810755032903703,
  "validation_accuracy3": 0.9839180717261788,
  "validation_precision-overall": 0.8976023976023976,
  "validation_recall-overall": 0.9072702793672164,
  "validation_f1-measure-overall": 0.9024104452627555,
  "validation_loss": 19.231099461807926,
  "best_validation_accuracy": 0.9810755032903703,
  "best_validation_accuracy3": 0.9839180717261788,
  "best_validation_precision-overall": 0.8976023976023976,
  "best_validation_recall-overall": 0.9072702793672164,
  "best_validation_f1-measure-overall": 0.9024104452627555,
  "best_validation_loss": 19.231099461807926
}