{
  "best_epoch": 27,
  "peak_worker_0_memory_MB": 0,
  "peak_gpu_0_memory_MB": 46.54345703125,
  "training_duration": "1:38:22.587900",
  "training_start_epoch": 0,
  "training_epochs": 94,
  "epoch": 94,
  "training_accuracy": 0.9949563159006193,
  "training_accuracy3": 0.9956094901802859,
  "training_precision-overall": 0.9767233661593554,
  "training_recall-overall": 0.9749776586237712,
  "training_f1-measure-overall": 0.9758497316636351,
  "training_loss": 2.265195414372497,
  "training_worker_0_memory_MB": 0.0,
  "training_gpu_0_memory_MB": 46.54345703125,
  "validation_accuracy": 0.9819905766909388,
  "validation_accuracy3": 0.984755266539465,
  "validation_precision-overall": 0.8991526831699618,
  "validation_recall-overall": 0.9108044429485022,
  "validation_f1-measure-overall": 0.9049410584398798,
  "validation_loss": 24.4086763516945,
  "best_validation_accuracy": 0.9810755032903703,
  "best_validation_accuracy3": 0.9839180717261788,
  "best_validation_precision-overall": 0.8976023976023976,
  "best_validation_recall-overall": 0.9072702793672164,
  "best_validation_f1-measure-overall": 0.9024104452627555,
  "best_validation_loss": 19.231099461807926
}