{
  "best_epoch": 27,
  "peak_worker_0_memory_MB": 0,
  "peak_gpu_0_memory_MB": 44.57275390625,
  "training_duration": "0:38:23.344367",
  "training_start_epoch": 0,
  "training_epochs": 36,
  "epoch": 36,
  "training_accuracy": 0.9897260105784766,
  "training_accuracy3": 0.9911158475795718,
  "training_precision-overall": 0.953196395780843,
  "training_recall-overall": 0.9498702072428614,
  "training_f1-measure-overall": 0.9515303947480104,
  "training_loss": 5.60834797375023,
  "training_worker_0_memory_MB": 0.0,
  "training_gpu_0_memory_MB": 44.57275390625,
  "validation_accuracy": 0.981289669405397,
  "validation_accuracy3": 0.9839375413729995,
  "validation_precision-overall": 0.898381445019189,
  "validation_recall-overall": 0.9060922248401212,
  "validation_f1-measure-overall": 0.9022203602848264,
  "validation_loss": 21.45941682539734,
  "best_validation_accuracy": 0.9810755032903703,
  "best_validation_accuracy3": 0.9839180717261788,
  "best_validation_precision-overall": 0.8976023976023976,
  "best_validation_recall-overall": 0.9072702793672164,
  "best_validation_f1-measure-overall": 0.9024104452627555,
  "best_validation_loss": 19.231099461807926
}