{
  "best_epoch": 6,
  "peak_worker_0_memory_MB": 0,
  "peak_gpu_0_memory_MB": 44.44921875,
  "training_duration": "0:11:27.436827",
  "training_start_epoch": 0,
  "training_epochs": 10,
  "epoch": 10,
  "training_accuracy": 0.9787595581988106,
  "training_accuracy3": 0.9819222968161437,
  "training_precision-overall": 0.9038230240549828,
  "training_recall-overall": 0.8953998042469893,
  "training_f1-measure-overall": 0.8995916971290037,
  "training_loss": 15.452005580237351,
  "training_worker_0_memory_MB": 0.0,
  "training_gpu_0_memory_MB": 44.44921875,
  "validation_accuracy": 0.9782524045013824,
  "validation_accuracy3": 0.9813870176395,
  "validation_precision-overall": 0.8921651221566975,
  "validation_recall-overall": 0.8911141029956243,
  "validation_f1-measure-overall": 0.891639302854206,
  "validation_loss": 22.303720131808635,
  "best_validation_accuracy": 0.9778435419181496,
  "best_validation_accuracy3": 0.9812117908181146,
  "best_validation_precision-overall": 0.8864321608040201,
  "best_validation_recall-overall": 0.8906092224840121,
  "best_validation_f1-measure-overall": 0.8885157824042483,
  "best_validation_loss": 21.135030054578593
}