{
  "best_epoch": 6,
  "peak_worker_0_memory_MB": 0,
  "peak_gpu_0_memory_MB": 44.44921875,
  "training_duration": "0:15:35.917399",
  "training_start_epoch": 0,
  "training_epochs": 14,
  "epoch": 14,
  "training_accuracy": 0.9818191640351437,
  "training_accuracy3": 0.9844416833234293,
  "training_precision-overall": 0.9161666380936053,
  "training_recall-overall": 0.9096557300310651,
  "training_f1-measure-overall": 0.9128995750677471,
  "training_loss": 12.375077770891385,
  "training_worker_0_memory_MB": 0.0,
  "training_gpu_0_memory_MB": 44.44921875,
  "validation_accuracy": 0.9787975546123593,
  "validation_accuracy3": 0.9821268642186831,
  "validation_precision-overall": 0.8868082260491557,
  "validation_recall-overall": 0.8926287445304611,
  "validation_f1-measure-overall": 0.889708965864246,
  "validation_loss": 23.501034867968045,
  "best_validation_accuracy": 0.9778435419181496,
  "best_validation_accuracy3": 0.9812117908181146,
  "best_validation_precision-overall": 0.8864321608040201,
  "best_validation_recall-overall": 0.8906092224840121,
  "best_validation_f1-measure-overall": 0.8885157824042483,
  "best_validation_loss": 21.135030054578593
}