{
  "best_epoch": 27,
  "peak_worker_0_memory_MB": 0,
  "peak_gpu_0_memory_MB": 44.44921875,
  "training_duration": "0:33:12.036936",
  "training_start_epoch": 0,
  "training_epochs": 31,
  "epoch": 31,
  "training_accuracy": 0.9887192381925244,
  "training_accuracy3": 0.9903448072644766,
  "training_precision-overall": 0.9485536042387728,
  "training_recall-overall": 0.9446784969573173,
  "training_f1-measure-overall": 0.9466120847724545,
  "training_loss": 6.689864855760322,
  "training_worker_0_memory_MB": 0.0,
  "training_gpu_0_memory_MB": 44.44921875,
  "validation_accuracy": 0.98010202094934,
  "validation_accuracy3": 0.9832755733810988,
  "validation_precision-overall": 0.8910940627084724,
  "validation_recall-overall": 0.8991921911814204,
  "validation_f1-measure-overall": 0.8951248115261687,
  "validation_loss": 23.179847781564675,
  "best_validation_accuracy": 0.9810755032903703,
  "best_validation_accuracy3": 0.9839180717261788,
  "best_validation_precision-overall": 0.8976023976023976,
  "best_validation_recall-overall": 0.9072702793672164,
  "best_validation_f1-measure-overall": 0.9024104452627555,
  "best_validation_loss": 19.231099461807926
}