{
  "best_epoch": 27,
  "peak_worker_0_memory_MB": 0,
  "peak_gpu_0_memory_MB": 44.57275390625,
  "training_duration": "1:17:41.799126",
  "training_start_epoch": 0,
  "training_epochs": 74,
  "epoch": 74,
  "training_accuracy": 0.9944652074196669,
  "training_accuracy3": 0.9952509809891907,
  "training_precision-overall": 0.9741063049227882,
  "training_recall-overall": 0.9717434784458913,
  "training_f1-measure-overall": 0.9729234571056784,
  "training_loss": 2.686503883979468,
  "training_worker_0_memory_MB": 0.0,
  "training_gpu_0_memory_MB": 44.57275390625,
  "validation_accuracy": 0.9823215606868891,
  "validation_accuracy3": 0.9850667808885947,
  "validation_precision-overall": 0.9006149243809207,
  "validation_recall-overall": 0.9119824974755975,
  "validation_f1-measure-overall": 0.9062630654736519,
  "validation_loss": 22.89418919004646,
  "best_validation_accuracy": 0.9810755032903703,
  "best_validation_accuracy3": 0.9839180717261788,
  "best_validation_precision-overall": 0.8976023976023976,
  "best_validation_recall-overall": 0.9072702793672164,
  "best_validation_f1-measure-overall": 0.9024104452627555,
  "best_validation_loss": 19.231099461807926
}