{
  "best_epoch": 27,
  "peak_worker_0_memory_MB": 0,
  "peak_gpu_0_memory_MB": 44.57275390625,
  "training_duration": "0:46:40.345841",
  "training_start_epoch": 0,
  "training_epochs": 44,
  "epoch": 44,
  "training_accuracy": 0.9909488706960481,
  "training_accuracy3": 0.9921913751528575,
  "training_precision-overall": 0.9591723549488055,
  "training_recall-overall": 0.9567641176220265,
  "training_f1-measure-overall": 0.9579667227677977,
  "training_loss": 4.815281048128572,
  "training_worker_0_memory_MB": 0.0,
  "training_gpu_0_memory_MB": 44.57275390625,
  "validation_accuracy": 0.981289669405397,
  "validation_accuracy3": 0.9838986020793583,
  "validation_precision-overall": 0.8959720372836218,
  "validation_recall-overall": 0.9059239313362504,
  "validation_f1-measure-overall": 0.9009205020920001,
  "validation_loss": 23.447410375464198,
  "best_validation_accuracy": 0.9810755032903703,
  "best_validation_accuracy3": 0.9839180717261788,
  "best_validation_precision-overall": 0.8976023976023976,
  "best_validation_recall-overall": 0.9072702793672164,
  "best_validation_f1-measure-overall": 0.9024104452627555,
  "best_validation_loss": 19.231099461807926
}