{
  "best_epoch": 27,
  "peak_worker_0_memory_MB": 0,
  "peak_gpu_0_memory_MB": 44.57275390625,
  "training_duration": "0:47:42.639259",
  "training_start_epoch": 0,
  "training_epochs": 45,
  "epoch": 45,
  "training_accuracy": 0.9911698695124767,
  "training_accuracy3": 0.9924369293933337,
  "training_precision-overall": 0.9588807370755844,
  "training_recall-overall": 0.9566364526150049,
  "training_f1-measure-overall": 0.9577572801056101,
  "training_loss": 4.738539806700785,
  "training_worker_0_memory_MB": 0.0,
  "training_gpu_0_memory_MB": 44.57275390625,
  "validation_accuracy": 0.9813480783458588,
  "validation_accuracy3": 0.9841322378412055,
  "validation_precision-overall": 0.8964083804456269,
  "validation_recall-overall": 0.9072702793672164,
  "validation_f1-measure-overall": 0.90180662428901,
  "validation_loss": 23.01703642067664,
  "best_validation_accuracy": 0.9810755032903703,
  "best_validation_accuracy3": 0.9839180717261788,
  "best_validation_precision-overall": 0.8976023976023976,
  "best_validation_recall-overall": 0.9072702793672164,
  "best_validation_f1-measure-overall": 0.9024104452627555,
  "best_validation_loss": 19.231099461807926
}