{
  "best_epoch": 4,
  "peak_worker_0_memory_MB": 0,
  "peak_gpu_0_memory_MB": 44.44921875,
  "training_duration": "0:05:11.472370",
  "training_start_epoch": 0,
  "training_epochs": 4,
  "epoch": 4,
  "training_accuracy": 0.9705727798213347,
  "training_accuracy3": 0.9748503346904298,
  "training_precision-overall": 0.8663216903837861,
  "training_recall-overall": 0.8549299970211498,
  "training_f1-measure-overall": 0.8605881471009803,
  "training_loss": 24.065820157935246,
  "training_worker_0_memory_MB": 0.0,
  "training_gpu_0_memory_MB": 44.44921875,
  "validation_accuracy": 0.9751177913632647,
  "validation_accuracy3": 0.9785055099100503,
  "validation_precision-overall": 0.8704879679144385,
  "validation_recall-overall": 0.8766408616627398,
  "validation_f1-measure-overall": 0.873553580412494,
  "validation_loss": 25.676488724409364,
  "best_validation_accuracy": 0.9751177913632647,
  "best_validation_accuracy3": 0.9785055099100503,
  "best_validation_precision-overall": 0.8704879679144385,
  "best_validation_recall-overall": 0.8766408616627398,
  "best_validation_f1-measure-overall": 0.873553580412494,
  "best_validation_loss": 25.676488724409364
}