{
  "best_epoch": 6,
  "peak_worker_0_memory_MB": 0,
  "peak_gpu_0_memory_MB": 44.44921875,
  "training_duration": "0:12:29.509172",
  "training_start_epoch": 0,
  "training_epochs": 11,
  "epoch": 11,
  "training_accuracy": 0.979702486482239,
  "training_accuracy3": 0.9825803821806198,
  "training_precision-overall": 0.9074733096085409,
  "training_recall-overall": 0.9006766245372143,
  "training_f1-measure-overall": 0.9040621929861531,
  "training_loss": 14.66828488054471,
  "training_worker_0_memory_MB": 0.0,
  "training_gpu_0_memory_MB": 44.44921875,
  "validation_accuracy": 0.9783302830886648,
  "validation_accuracy3": 0.9814843658736031,
  "validation_precision-overall": 0.884062813230872,
  "validation_recall-overall": 0.8906092224840121,
  "validation_f1-measure-overall": 0.8873239436619218,
  "validation_loss": 23.446190607314016,
  "best_validation_accuracy": 0.9778435419181496,
  "best_validation_accuracy3": 0.9812117908181146,
  "best_validation_precision-overall": 0.8864321608040201,
  "best_validation_recall-overall": 0.8906092224840121,
  "best_validation_f1-measure-overall": 0.8885157824042483,
  "best_validation_loss": 21.135030054578593
}