{
  "best_epoch": 6,
  "peak_worker_0_memory_MB": 0,
  "peak_gpu_0_memory_MB": 44.44921875,
  "training_duration": "0:08:20.142642",
  "training_start_epoch": 0,
  "training_epochs": 7,
  "epoch": 7,
  "training_accuracy": 0.9756459304295726,
  "training_accuracy3": 0.9791131563050962,
  "training_precision-overall": 0.8882345355285217,
  "training_recall-overall": 0.8793140133622708,
  "training_f1-measure-overall": 0.8837517642529761,
  "training_loss": 18.269768072966833,
  "training_worker_0_memory_MB": 0.0,
  "training_gpu_0_memory_MB": 44.44921875,
  "validation_accuracy": 0.9768311202834781,
  "validation_accuracy3": 0.9803161870643666,
  "validation_precision-overall": 0.883897021706209,
  "validation_recall-overall": 0.8840457758330529,
  "validation_f1-measure-overall": 0.8839713925115192,
  "validation_loss": 23.309339841206867,
  "best_validation_accuracy": 0.9778435419181496,
  "best_validation_accuracy3": 0.9812117908181146,
  "best_validation_precision-overall": 0.8864321608040201,
  "best_validation_recall-overall": 0.8906092224840121,
  "best_validation_f1-measure-overall": 0.8885157824042483,
  "best_validation_loss": 21.135030054578593
}