{
  "best_epoch": 27,
  "peak_worker_0_memory_MB": 0,
  "peak_gpu_0_memory_MB": 44.57275390625,
  "training_duration": "0:45:38.201383",
  "training_start_epoch": 0,
  "training_epochs": 43,
  "epoch": 43,
  "training_accuracy": 0.9913319353111909,
  "training_accuracy3": 0.9923779963756194,
  "training_precision-overall": 0.960650420383253,
  "training_recall-overall": 0.9578705476828802,
  "training_f1-measure-overall": 0.9592584700617443,
  "training_loss": 4.7339792351550285,
  "training_worker_0_memory_MB": 0.0,
  "training_gpu_0_memory_MB": 44.57275390625,
  "validation_accuracy": 0.981192321171294,
  "validation_accuracy3": 0.9839764806666407,
  "validation_precision-overall": 0.8966838860189968,
  "validation_recall-overall": 0.905587344328509,
  "validation_f1-measure-overall": 0.9011136230427367,
  "validation_loss": 22.428675909946655,
  "best_validation_accuracy": 0.9810755032903703,
  "best_validation_accuracy3": 0.9839180717261788,
  "best_validation_precision-overall": 0.8976023976023976,
  "best_validation_recall-overall": 0.9072702793672164,
  "best_validation_f1-measure-overall": 0.9024104452627555,
  "best_validation_loss": 19.231099461807926
}