{
  "best_epoch": 27,
  "peak_worker_0_memory_MB": 0,
  "peak_gpu_0_memory_MB": 44.57275390625,
  "training_duration": "0:52:53.676887",
  "training_start_epoch": 0,
  "training_epochs": 50,
  "epoch": 50,
  "training_accuracy": 0.9922011973224766,
  "training_accuracy3": 0.9931981475388099,
  "training_precision-overall": 0.9635394456289978,
  "training_recall-overall": 0.9615302778841652,
  "training_f1-measure-overall": 0.962533813286708,
  "training_loss": 4.176152707792496,
  "training_worker_0_memory_MB": 0.0,
  "training_gpu_0_memory_MB": 44.57275390625,
  "validation_accuracy": 0.9815427748140648,
  "validation_accuracy3": 0.9846773879521825,
  "validation_precision-overall": 0.8978467701552328,
  "validation_recall-overall": 0.9052507573207674,
  "validation_f1-measure-overall": 0.901533562389961,
  "validation_loss": 22.5136203868132,
  "best_validation_accuracy": 0.9810755032903703,
  "best_validation_accuracy3": 0.9839180717261788,
  "best_validation_precision-overall": 0.8976023976023976,
  "best_validation_recall-overall": 0.9072702793672164,
  "best_validation_f1-measure-overall": 0.9024104452627555,
  "best_validation_loss": 19.231099461807926
}