{
  "best_epoch": 27,
  "peak_worker_0_memory_MB": 0,
  "peak_gpu_0_memory_MB": 44.57275390625,
  "training_duration": "0:53:55.922392",
  "training_start_epoch": 0,
  "training_epochs": 51,
  "epoch": 51,
  "training_accuracy": 0.9923043301034765,
  "training_accuracy3": 0.9932767248957622,
  "training_precision-overall": 0.9648359151623779,
  "training_recall-overall": 0.9621260479169327,
  "training_f1-measure-overall": 0.9634790761100669,
  "training_loss": 3.8089841792703627,
  "training_worker_0_memory_MB": 0.0,
  "training_gpu_0_memory_MB": 44.57275390625,
  "validation_accuracy": 0.9814454265799618,
  "validation_accuracy3": 0.9842295860753086,
  "validation_precision-overall": 0.9003677699765965,
  "validation_recall-overall": 0.9064288118478627,
  "validation_f1-measure-overall": 0.9033881247902891,
  "validation_loss": 22.556653766071094,
  "best_validation_accuracy": 0.9810755032903703,
  "best_validation_accuracy3": 0.9839180717261788,
  "best_validation_precision-overall": 0.8976023976023976,
  "best_validation_recall-overall": 0.9072702793672164,
  "best_validation_f1-measure-overall": 0.9024104452627555,
  "best_validation_loss": 19.231099461807926
}