{
  "best_epoch": 27,
  "peak_worker_0_memory_MB": 0,
  "peak_gpu_0_memory_MB": 46.54345703125,
  "training_duration": "1:29:04.066714",
  "training_start_epoch": 0,
  "training_epochs": 85,
  "epoch": 85,
  "training_accuracy": 0.9950299821727622,
  "training_accuracy3": 0.995732267300524,
  "training_precision-overall": 0.9767778771997102,
  "training_recall-overall": 0.9755308736541981,
  "training_f1-measure-overall": 0.9761539771758996,
  "training_loss": 2.3835135535517353,
  "training_worker_0_memory_MB": 0.0,
  "training_gpu_0_memory_MB": 46.54345703125,
  "validation_accuracy": 0.981834819516374,
  "validation_accuracy3": 0.9846968575990032,
  "validation_precision-overall": 0.8999168744804655,
  "validation_recall-overall": 0.910972736452373,
  "validation_f1-measure-overall": 0.9054110562849714,
  "validation_loss": 23.546539702653593,
  "best_validation_accuracy": 0.9810755032903703,
  "best_validation_accuracy3": 0.9839180717261788,
  "best_validation_precision-overall": 0.8976023976023976,
  "best_validation_recall-overall": 0.9072702793672164,
  "best_validation_f1-measure-overall": 0.9024104452627555,
  "best_validation_loss": 19.231099461807926
}