{
  "best_epoch": 27,
  "peak_worker_0_memory_MB": 0,
  "peak_gpu_0_memory_MB": 44.57275390625,
  "training_duration": "1:08:24.172039",
  "training_start_epoch": 0,
  "training_epochs": 65,
  "epoch": 65,
  "training_accuracy": 0.9935370123906669,
  "training_accuracy3": 0.9943964522323336,
  "training_precision-overall": 0.9708290685772774,
  "training_recall-overall": 0.968722073279714,
  "training_f1-measure-overall": 0.9697744264808754,
  "training_loss": 3.186976465678738,
  "training_worker_0_memory_MB": 0.0,
  "training_gpu_0_memory_MB": 44.57275390625,
  "validation_accuracy": 0.981640123048168,
  "validation_accuracy3": 0.9845800397180795,
  "validation_precision-overall": 0.8978199367615244,
  "validation_recall-overall": 0.9079434533826994,
  "validation_f1-measure-overall": 0.9028533177139489,
  "validation_loss": 23.899436467418482,
  "best_validation_accuracy": 0.9810755032903703,
  "best_validation_accuracy3": 0.9839180717261788,
  "best_validation_precision-overall": 0.8976023976023976,
  "best_validation_recall-overall": 0.9072702793672164,
  "best_validation_f1-measure-overall": 0.9024104452627555,
  "best_validation_loss": 19.231099461807926
}