{
  "best_epoch": 2,
  "peak_worker_0_memory_MB": 0,
  "peak_gpu_0_memory_MB": 44.44921875,
  "training_duration": "0:03:07.394920",
  "training_start_epoch": 0,
  "training_epochs": 2,
  "epoch": 2,
  "training_accuracy": 0.9645223233360017,
  "training_accuracy3": 0.9699343387960967,
  "training_precision-overall": 0.8375742338202783,
  "training_recall-overall": 0.8222477552236266,
  "training_f1-measure-overall": 0.8298402336367822,
  "training_loss": 32.04608991640304,
  "training_worker_0_memory_MB": 0.0,
  "training_gpu_0_memory_MB": 44.44921875,
  "validation_accuracy": 0.9705618940072427,
  "validation_accuracy3": 0.9751956699505471,
  "validation_precision-overall": 0.8515151515151516,
  "validation_recall-overall": 0.8512285425782565,
  "validation_f1-measure-overall": 0.8513718229253835,
  "validation_loss": 31.903423285951803,
  "best_validation_accuracy": 0.9705618940072427,
  "best_validation_accuracy3": 0.9751956699505471,
  "best_validation_precision-overall": 0.8515151515151516,
  "best_validation_recall-overall": 0.8512285425782565,
  "best_validation_f1-measure-overall": 0.8513718229253835,
  "best_validation_loss": 31.903423285951803
}