{
  "best_epoch": 27,
  "peak_worker_0_memory_MB": 0,
  "peak_gpu_0_memory_MB": 46.54345703125,
  "training_duration": "1:20:47.701712",
  "training_start_epoch": 0,
  "training_epochs": 77,
  "epoch": 77,
  "training_accuracy": 0.994587984539905,
  "training_accuracy3": 0.9953639359398098,
  "training_precision-overall": 0.9746662686057918,
  "training_recall-overall": 0.9725094684880208,
  "training_f1-measure-overall": 0.9735866740509874,
  "training_loss": 2.5143646614006583,
  "training_worker_0_memory_MB": 0.0,
  "training_gpu_0_memory_MB": 46.54345703125,
  "validation_accuracy": 0.9813480783458588,
  "validation_accuracy3": 0.9843853432498735,
  "validation_precision-overall": 0.8955943474646717,
  "validation_recall-overall": 0.9065971053517334,
  "validation_f1-measure-overall": 0.9010621393325586,
  "validation_loss": 24.729420601874224,
  "best_validation_accuracy": 0.9810755032903703,
  "best_validation_accuracy3": 0.9839180717261788,
  "best_validation_precision-overall": 0.8976023976023976,
  "best_validation_recall-overall": 0.9072702793672164,
  "best_validation_f1-measure-overall": 0.9024104452627555,
  "best_validation_loss": 19.231099461807926
}