{
  "best_epoch": 27,
  "peak_worker_0_memory_MB": 0,
  "peak_gpu_0_memory_MB": 44.44921875,
  "training_duration": "0:30:05.975686",
  "training_start_epoch": 0,
  "training_epochs": 28,
  "epoch": 28,
  "training_accuracy": 0.9877173768913815,
  "training_accuracy3": 0.9894264344050957,
  "training_precision-overall": 0.9451592220559949,
  "training_recall-overall": 0.9409762117536916,
  "training_f1-measure-overall": 0.9430630784321589,
  "training_loss": 7.300467379815486,
  "training_worker_0_memory_MB": 0.0,
  "training_gpu_0_memory_MB": 44.44921875,
  "validation_accuracy": 0.980549822826214,
  "validation_accuracy3": 0.9835870877302286,
  "validation_precision-overall": 0.8964882943143813,
  "validation_recall-overall": 0.9022214742510939,
  "validation_f1-measure-overall": 0.8993457473577758,
  "validation_loss": 21.84494771852213,
  "best_validation_accuracy": 0.9810755032903703,
  "best_validation_accuracy3": 0.9839180717261788,
  "best_validation_precision-overall": 0.8976023976023976,
  "best_validation_recall-overall": 0.9072702793672164,
  "best_validation_f1-measure-overall": 0.9024104452627555,
  "best_validation_loss": 19.231099461807926
}