{
  "best_epoch": 19,
  "peak_worker_0_memory_MB": 0,
  "peak_gpu_0_memory_MB": 44.44921875,
  "training_duration": "0:22:50.417841",
  "training_start_epoch": 0,
  "training_epochs": 21,
  "epoch": 21,
  "training_accuracy": 0.9851881682144769,
  "training_accuracy3": 0.9872606460040958,
  "training_precision-overall": 0.9320866141732284,
  "training_recall-overall": 0.9268905059789778,
  "training_f1-measure-overall": 0.9294812981414995,
  "training_loss": 9.265989109500394,
  "training_worker_0_memory_MB": 0.0,
  "training_gpu_0_memory_MB": 44.44921875,
  "validation_accuracy": 0.9804330049452903,
  "validation_accuracy3": 0.9836844359643316,
  "validation_precision-overall": 0.893542466210579,
  "validation_recall-overall": 0.9012117132278694,
  "validation_f1-measure-overall": 0.8973607038122667,
  "validation_loss": 21.58916485815437,
  "best_validation_accuracy": 0.9802577781239048,
  "best_validation_accuracy3": 0.9833339823215607,
  "best_validation_precision-overall": 0.8942967051346379,
  "best_validation_recall-overall": 0.8998653651969034,
  "best_validation_f1-measure-overall": 0.8970723932555494,
  "best_validation_loss": 20.587576183618285
}