{
  "best_epoch": 27,
  "peak_worker_0_memory_MB": 0,
  "peak_gpu_0_memory_MB": 44.57275390625,
  "training_duration": "0:39:25.314406",
  "training_start_epoch": 0,
  "training_epochs": 37,
  "epoch": 37,
  "training_accuracy": 0.9902514966530958,
  "training_accuracy3": 0.9915529341276195,
  "training_precision-overall": 0.9554349683814732,
  "training_recall-overall": 0.9515724073364824,
  "training_f1-measure-overall": 0.9534997761336729,
  "training_loss": 5.633288997180912,
  "training_worker_0_memory_MB": 0.0,
  "training_gpu_0_memory_MB": 44.57275390625,
  "validation_accuracy": 0.9813870176395,
  "validation_accuracy3": 0.9839180717261788,
  "validation_precision-overall": 0.8977785201269417,
  "validation_recall-overall": 0.9045775833052844,
  "validation_f1-measure-overall": 0.9011652275965634,
  "validation_loss": 22.102758485312556,
  "best_validation_accuracy": 0.9810755032903703,
  "best_validation_accuracy3": 0.9839180717261788,
  "best_validation_precision-overall": 0.8976023976023976,
  "best_validation_recall-overall": 0.9072702793672164,
  "best_validation_f1-measure-overall": 0.9024104452627555,
  "best_validation_loss": 19.231099461807926
}