{
  "best_epoch": 27,
  "peak_worker_0_memory_MB": 0,
  "peak_gpu_0_memory_MB": 44.57275390625,
  "training_duration": "0:50:49.435640",
  "training_start_epoch": 0,
  "training_epochs": 48,
  "epoch": 48,
  "training_accuracy": 0.9919556430820003,
  "training_accuracy3": 0.993031170655286,
  "training_precision-overall": 0.9624877445756426,
  "training_recall-overall": 0.9608493978467169,
  "training_f1-measure-overall": 0.9616678734187498,
  "training_loss": 4.5124417942416155,
  "training_worker_0_memory_MB": 0.0,
  "training_gpu_0_memory_MB": 44.57275390625,
  "validation_accuracy": 0.9812117908181146,
  "validation_accuracy3": 0.9841517074880262,
  "validation_precision-overall": 0.8974101921470342,
  "validation_recall-overall": 0.9039044092898014,
  "validation_f1-measure-overall": 0.9006455940303014,
  "validation_loss": 22.348584190887564,
  "best_validation_accuracy": 0.9810755032903703,
  "best_validation_accuracy3": 0.9839180717261788,
  "best_validation_precision-overall": 0.8976023976023976,
  "best_validation_recall-overall": 0.9072702793672164,
  "best_validation_f1-measure-overall": 0.9024104452627555,
  "best_validation_loss": 19.231099461807926
}