{
  "best_epoch": 27,
  "peak_worker_0_memory_MB": 0,
  "peak_gpu_0_memory_MB": 46.54345703125,
  "training_duration": "1:28:02.351182",
  "training_start_epoch": 0,
  "training_epochs": 84,
  "epoch": 84,
  "training_accuracy": 0.994774605762667,
  "training_accuracy3": 0.9955014463144765,
  "training_precision-overall": 0.9760838981967004,
  "training_recall-overall": 0.9743393335886633,
  "training_f1-measure-overall": 0.975210835675902,
  "training_loss": 2.4522116403021172,
  "training_worker_0_memory_MB": 0.0,
  "training_gpu_0_memory_MB": 46.54345703125,
  "validation_accuracy": 0.9821658035123243,
  "validation_accuracy3": 0.9848331451267474,
  "validation_precision-overall": 0.9012982689747004,
  "validation_recall-overall": 0.9113093234601144,
  "validation_f1-measure-overall": 0.9062761506275652,
  "validation_loss": 22.881178816597835,
  "best_validation_accuracy": 0.9810755032903703,
  "best_validation_accuracy3": 0.9839180717261788,
  "best_validation_precision-overall": 0.8976023976023976,
  "best_validation_recall-overall": 0.9072702793672164,
  "best_validation_f1-measure-overall": 0.9024104452627555,
  "best_validation_loss": 19.231099461807926
}