{
  "best_epoch": 27,
  "peak_worker_0_memory_MB": 0,
  "peak_gpu_0_memory_MB": 46.54345703125,
  "training_duration": "1:41:28.329036",
  "training_start_epoch": 0,
  "training_epochs": 97,
  "epoch": 97,
  "training_accuracy": 0.9951674925474288,
  "training_accuracy3": 0.9957666448941906,
  "training_precision-overall": 0.9776603001364257,
  "training_recall-overall": 0.9758713136729222,
  "training_f1-measure-overall": 0.9767649877541829,
  "training_loss": 2.2588637047563944,
  "training_worker_0_memory_MB": 0.0,
  "training_gpu_0_memory_MB": 46.54345703125,
  "validation_accuracy": 0.9821268642186831,
  "validation_accuracy3": 0.9850862505354153,
  "validation_precision-overall": 0.8988875975427528,
  "validation_recall-overall": 0.9111410299562437,
  "validation_f1-measure-overall": 0.9049728374424908,
  "validation_loss": 24.046527731652354,
  "best_validation_accuracy": 0.9810755032903703,
  "best_validation_accuracy3": 0.9839180717261788,
  "best_validation_precision-overall": 0.8976023976023976,
  "best_validation_recall-overall": 0.9072702793672164,
  "best_validation_f1-measure-overall": 0.9024104452627555,
  "best_validation_loss": 19.231099461807926
}