{
  "best_epoch": 15,
  "peak_worker_0_memory_MB": 0,
  "peak_gpu_0_memory_MB": 44.44921875,
  "training_duration": "0:19:44.345067",
  "training_start_epoch": 0,
  "training_epochs": 18,
  "epoch": 18,
  "training_accuracy": 0.9846086602069531,
  "training_accuracy3": 0.9867351599294768,
  "training_precision-overall": 0.9289626840123245,
  "training_recall-overall": 0.9237839908081195,
  "training_f1-measure-overall": 0.9263660998143183,
  "training_loss": 10.145099639756804,
  "training_worker_0_memory_MB": 0.0,
  "training_gpu_0_memory_MB": 44.44921875,
  "validation_accuracy": 0.9791674779019509,
  "validation_accuracy3": 0.982282621393248,
  "validation_precision-overall": 0.8890562248995983,
  "validation_recall-overall": 0.8941433860652979,
  "validation_f1-measure-overall": 0.891592549085367,
  "validation_loss": 22.54781634316725,
  "best_validation_accuracy": 0.9794011136637981,
  "best_validation_accuracy3": 0.9821658035123243,
  "best_validation_precision-overall": 0.8935705892227631,
  "best_validation_recall-overall": 0.8958263211040054,
  "best_validation_f1-measure-overall": 0.8946970333640982,
  "best_validation_loss": 20.613191391907485
}