{
  "best_epoch": 2,
  "peak_worker_0_memory_MB": 3149.57421875,
  "peak_gpu_0_memory_MB": 539.99755859375,
  "training_duration": "0:06:07.502709",
  "training_start_epoch": 0,
  "training_epochs": 2,
  "epoch": 2,
  "training_accuracy": 0.7172344699220611,
  "training_accuracy3": 0.735955525215965,
  "training_precision-overall": 0.03340409340329235,
  "training_recall-overall": 0.03549087195199796,
  "training_f1-measure-overall": 0.034415879172978565,
  "training_loss": 388480.76004464284,
  "training_worker_0_memory_MB": 3149.57421875,
  "training_gpu_0_memory_MB": 539.99755859375,
  "validation_accuracy": 0.8320353568786262,
  "validation_accuracy3": 0.8498306140726607,
  "validation_precision-overall": 0.0769230769230768,
  "validation_recall-overall": 0.000841467519353753,
  "validation_f1-measure-overall": 0.0016647244880950791,
  "validation_loss": 352031.0234375,
  "best_validation_accuracy": 0.8320353568786262,
  "best_validation_accuracy3": 0.8498306140726607,
  "best_validation_precision-overall": 0.0769230769230768,
  "best_validation_recall-overall": 0.000841467519353753,
  "best_validation_f1-measure-overall": 0.0016647244880950791,
  "best_validation_loss": 352031.0234375
}