{
  "best_epoch": 8,
  "peak_worker_0_memory_MB": 3177.37109375,
  "peak_gpu_0_memory_MB": 855.73388671875,
  "training_duration": "0:45:05.427563",
  "training_start_epoch": 0,
  "training_epochs": 21,
  "epoch": 21,
  "training_accuracy": 0.7157856999032516,
  "training_accuracy3": 0.7342710231262983,
  "training_precision-overall": 0.04387211367673179,
  "training_recall-overall": 0.04204434231243883,
  "training_f1-measure-overall": 0.04293878615349529,
  "training_loss": 125823.72642299107,
  "training_worker_0_memory_MB": 3177.37109375,
  "training_gpu_0_memory_MB": 855.73388671875,
  "validation_accuracy": 0.8309645263034928,
  "validation_accuracy3": 0.848331451267474,
  "validation_precision-overall": 0.16089108910891084,
  "validation_recall-overall": 0.010939077751598789,
  "validation_f1-measure-overall": 0.020485345099263214,
  "validation_loss": 78058.32421875,
  "best_validation_accuracy": 0.7930376542969511,
  "best_validation_accuracy3": 0.8102877613800086,
  "best_validation_precision-overall": 0.11076443057722309,
  "best_validation_recall-overall": 0.04779535509929317,
  "best_validation_f1-measure-overall": 0.06677639313421607,
  "best_validation_loss": 53810.797154017855
}