{
  "best_epoch": 24,
  "peak_worker_0_memory_MB": 3177.37109375,
  "peak_gpu_0_memory_MB": 855.73388671875,
  "training_duration": "0:51:06.244751",
  "training_start_epoch": 0,
  "training_epochs": 24,
  "epoch": 24,
  "training_accuracy": 0.7168514053069183,
  "training_accuracy3": 0.7354545945653935,
  "training_precision-overall": 0.04520577461753932,
  "training_recall-overall": 0.04464019745521086,
  "training_f1-measure-overall": 0.04492120589237891,
  "training_loss": 126105.72823660714,
  "training_worker_0_memory_MB": 3177.37109375,
  "training_gpu_0_memory_MB": 855.73388671875,
  "validation_accuracy": 0.6903742066118921,
  "validation_accuracy3": 0.7080331762781823,
  "validation_precision-overall": 0.056082474226804124,
  "validation_recall-overall": 0.06866374957926624,
  "validation_f1-measure-overall": 0.061738669894782924,
  "validation_loss": 42311.047154017855,
  "best_validation_accuracy": 0.6903742066118921,
  "best_validation_accuracy3": 0.7080331762781823,
  "best_validation_precision-overall": 0.056082474226804124,
  "best_validation_recall-overall": 0.06866374957926624,
  "best_validation_f1-measure-overall": 0.061738669894782924,
  "best_validation_loss": 42311.047154017855
}