{
  "best_epoch": 8,
  "peak_worker_0_memory_MB": 3150.4296875,
  "peak_gpu_0_memory_MB": 539.99755859375,
  "training_duration": "0:24:46.704079",
  "training_start_epoch": 0,
  "training_epochs": 11,
  "epoch": 11,
  "training_accuracy": 0.7073582783701092,
  "training_accuracy3": 0.7258436015931559,
  "training_precision-overall": 0.037848439325655146,
  "training_recall-overall": 0.03859738712285629,
  "training_f1-measure-overall": 0.03821924446405888,
  "training_loss": 131358.73897879463,
  "training_worker_0_memory_MB": 3150.4296875,
  "training_gpu_0_memory_MB": 539.99755859375,
  "validation_accuracy": 0.8323858105213972,
  "validation_accuracy3": 0.8499474319535844,
  "validation_precision-overall": 0.15887850467289705,
  "validation_recall-overall": 0.00286098956580276,
  "validation_f1-measure-overall": 0.005620763762601914,
  "validation_loss": 113568.05803571429,
  "best_validation_accuracy": 0.7930376542969511,
  "best_validation_accuracy3": 0.8102877613800086,
  "best_validation_precision-overall": 0.11076443057722309,
  "best_validation_recall-overall": 0.04779535509929317,
  "best_validation_f1-measure-overall": 0.06677639313421607,
  "best_validation_loss": 53810.797154017855
}