{
  "best_epoch": 8,
  "peak_worker_0_memory_MB": 3177.37109375,
  "peak_gpu_0_memory_MB": 855.73388671875,
  "training_duration": "0:42:59.734004",
  "training_start_epoch": 0,
  "training_epochs": 20,
  "epoch": 20,
  "training_accuracy": 0.7083650507560615,
  "training_accuracy3": 0.7267816187917749,
  "training_precision-overall": 0.042728515153951284,
  "training_recall-overall": 0.04523596748797821,
  "training_f1-measure-overall": 0.04394650350368115,
  "training_loss": 118146.60226004464,
  "training_worker_0_memory_MB": 3177.37109375,
  "training_gpu_0_memory_MB": 855.73388671875,
  "validation_accuracy": 0.832541567695962,
  "validation_accuracy3": 0.8502978855963553,
  "validation_precision-overall": 0.99999999999995,
  "validation_recall-overall": 0.0003365870077415012,
  "validation_f1-measure-overall": 0.0006729475100941455,
  "validation_loss": 230854.99330357142,
  "best_validation_accuracy": 0.7930376542969511,
  "best_validation_accuracy3": 0.8102877613800086,
  "best_validation_precision-overall": 0.11076443057722309,
  "best_validation_recall-overall": 0.04779535509929317,
  "best_validation_f1-measure-overall": 0.06677639313421607,
  "best_validation_loss": 53810.797154017855
}