{
  "best_epoch": 1,
  "peak_worker_0_memory_MB": 3149.49609375,
  "peak_gpu_0_memory_MB": 539.99755859375,
  "training_duration": "0:04:07.207226",
  "training_start_epoch": 0,
  "training_epochs": 1,
  "epoch": 1,
  "training_accuracy": 0.7162178753664897,
  "training_accuracy3": 0.7350617077806316,
  "training_precision-overall": 0.031706012682405076,
  "training_recall-overall": 0.03532065194263586,
  "training_f1-measure-overall": 0.033415866497524475,
  "training_loss": 793967.109375,
  "training_worker_0_memory_MB": 3149.49609375,
  "training_gpu_0_memory_MB": 539.99755859375,
  "validation_accuracy": 0.8102877613800086,
  "validation_accuracy3": 0.8275183988162454,
  "validation_precision-overall": 0.06064601186552406,
  "validation_recall-overall": 0.015483002356109055,
  "validation_f1-measure-overall": 0.024668186083893054,
  "validation_loss": 444440.46875,
  "best_validation_accuracy": 0.8102877613800086,
  "best_validation_accuracy3": 0.8275183988162454,
  "best_validation_precision-overall": 0.06064601186552406,
  "best_validation_recall-overall": 0.015483002356109055,
  "best_validation_f1-measure-overall": 0.024668186083893054,
  "best_validation_loss": 444440.46875
}