{
  "best_epoch": 0,
  "peak_worker_0_memory_MB": 3110.7421875,
  "peak_gpu_0_memory_MB": 14.35791015625,
  "training_duration": "0:02:02.931149",
  "training_start_epoch": 0,
  "training_epochs": 0,
  "epoch": 0,
  "training_accuracy": 0.6602020420290639,
  "training_accuracy3": 0.6791440961393962,
  "training_precision-overall": 0.03205783554841536,
  "training_recall-overall": 0.056044938082471595,
  "training_f1-measure-overall": 0.040785989687323054,
  "training_loss": 1737062.1901506695,
  "training_worker_0_memory_MB": 3110.7421875,
  "training_gpu_0_memory_MB": 14.35791015625,
  "validation_accuracy": 0.7981776410575913,
  "validation_accuracy3": 0.8154082784938281,
  "validation_precision-overall": 0.04790981681540629,
  "validation_recall-overall": 0.01716593739481656,
  "validation_f1-measure-overall": 0.025275678354564058,
  "validation_loss": 810909.4464285715,
  "best_validation_accuracy": 0.7981776410575913,
  "best_validation_accuracy3": 0.8154082784938281,
  "best_validation_precision-overall": 0.04790981681540629,
  "best_validation_recall-overall": 0.01716593739481656,
  "best_validation_f1-measure-overall": 0.025275678354564058,
  "best_validation_loss": 810909.4464285715
}