{
  "best_epoch": 8,
  "peak_worker_0_memory_MB": 3150.4296875,
  "peak_gpu_0_memory_MB": 539.99755859375,
  "training_duration": "0:26:51.632599",
  "training_start_epoch": 0,
  "training_epochs": 12,
  "epoch": 12,
  "training_accuracy": 0.70858604957249,
  "training_accuracy3": 0.7272236164246321,
  "training_precision-overall": 0.03810257727545167,
  "training_recall-overall": 0.03787395208306737,
  "training_f1-measure-overall": 0.03798792069483017,
  "training_loss": 131016.78264508929,
  "training_worker_0_memory_MB": 3150.4296875,
  "training_gpu_0_memory_MB": 539.99755859375,
  "validation_accuracy": 0.8251236322573109,
  "validation_accuracy3": 0.8426073751022156,
  "validation_precision-overall": 0.19349457881567975,
  "validation_recall-overall": 0.03904409289801414,
  "validation_f1-measure-overall": 0.06497689399241009,
  "validation_loss": 114991.44754464286,
  "best_validation_accuracy": 0.7930376542969511,
  "best_validation_accuracy3": 0.8102877613800086,
  "best_validation_precision-overall": 0.11076443057722309,
  "best_validation_recall-overall": 0.04779535509929317,
  "best_validation_f1-measure-overall": 0.06677639313421607,
  "best_validation_loss": 53810.797154017855
}