{
  "best_epoch": 8,
  "peak_worker_0_memory_MB": 3150.4296875,
  "peak_gpu_0_memory_MB": 621.27685546875,
  "training_duration": "0:37:03.439345",
  "training_start_epoch": 0,
  "training_epochs": 17,
  "epoch": 17,
  "training_accuracy": 0.7126622499643946,
  "training_accuracy3": 0.7310640847456795,
  "training_precision-overall": 0.04174867049118546,
  "training_recall-overall": 0.042427337333503554,
  "training_f1-measure-overall": 0.042085268045538866,
  "training_loss": 117761.45870535714,
  "training_worker_0_memory_MB": 3150.4296875,
  "training_gpu_0_memory_MB": 621.27685546875,
  "validation_accuracy": 0.8319769479381643,
  "validation_accuracy3": 0.8492075853744013,
  "validation_precision-overall": 0.2516129032258064,
  "validation_recall-overall": 0.01969033995287782,
  "validation_f1-measure-overall": 0.036522553457142774,
  "validation_loss": 75287.37611607143,
  "best_validation_accuracy": 0.7930376542969511,
  "best_validation_accuracy3": 0.8102877613800086,
  "best_validation_precision-overall": 0.11076443057722309,
  "best_validation_recall-overall": 0.04779535509929317,
  "best_validation_f1-measure-overall": 0.06677639313421607,
  "best_validation_loss": 53810.797154017855
}