{
  "best_epoch": 24,
  "peak_worker_0_memory_MB": 3177.37109375,
  "peak_gpu_0_memory_MB": 862.302734375,
  "training_duration": "0:55:00.209508",
  "training_start_epoch": 0,
  "training_epochs": 26,
  "epoch": 26,
  "training_accuracy": 0.7106045054292043,
  "training_accuracy3": 0.7293501161471557,
  "training_precision-overall": 0.04401061734737563,
  "training_recall-overall": 0.04374654240605983,
  "training_f1-measure-overall": 0.04387818255538462,
  "training_loss": 119371.1240234375,
  "training_worker_0_memory_MB": 3177.37109375,
  "training_gpu_0_memory_MB": 862.302734375,
  "validation_accuracy": 0.832346871227756,
  "validation_accuracy3": 0.8501031891281492,
  "validation_precision-overall": 0.14999999999999963,
  "validation_recall-overall": 0.0010097610232245036,
  "validation_f1-measure-overall": 0.002006018054161159,
  "validation_loss": 118464.20647321429,
  "best_validation_accuracy": 0.6903742066118921,
  "best_validation_accuracy3": 0.7080331762781823,
  "best_validation_precision-overall": 0.056082474226804124,
  "best_validation_recall-overall": 0.06866374957926624,
  "best_validation_f1-measure-overall": 0.061738669894782924,
  "best_validation_loss": 42311.047154017855
}