{
  "best_epoch": 8,
  "peak_worker_0_memory_MB": 3177.37109375,
  "peak_gpu_0_memory_MB": 855.73388671875,
  "training_duration": "0:47:07.027360",
  "training_start_epoch": 0,
  "training_epochs": 22,
  "epoch": 22,
  "training_accuracy": 0.7125836726074423,
  "training_accuracy3": 0.7310493514912509,
  "training_precision-overall": 0.04235602758854145,
  "training_recall-overall": 0.042597557342865654,
  "training_f1-measure-overall": 0.04247644912156589,
  "training_loss": 127260.10239955357,
  "training_worker_0_memory_MB": 3177.37109375,
  "training_gpu_0_memory_MB": 855.73388671875,
  "validation_accuracy": 0.8301857404306686,
  "validation_accuracy3": 0.8468128188154667,
  "validation_precision-overall": 0.1763826606875934,
  "validation_recall-overall": 0.01985863345674857,
  "validation_f1-measure-overall": 0.03569807895929205,
  "validation_loss": 67495.23744419643,
  "best_validation_accuracy": 0.7930376542969511,
  "best_validation_accuracy3": 0.8102877613800086,
  "best_validation_precision-overall": 0.11076443057722309,
  "best_validation_recall-overall": 0.04779535509929317,
  "best_validation_f1-measure-overall": 0.06677639313421607,
  "best_validation_loss": 53810.797154017855
}