{
  "best_epoch": 24,
  "peak_worker_0_memory_MB": 3177.37109375,
  "peak_gpu_0_memory_MB": 862.302734375,
  "training_duration": "1:01:00.076862",
  "training_start_epoch": 0,
  "training_epochs": 29,
  "epoch": 29,
  "training_accuracy": 0.7095191556862995,
  "training_accuracy3": 0.727935723722013,
  "training_precision-overall": 0.042951541850220265,
  "training_recall-overall": 0.04315077237329248,
  "training_f1-measure-overall": 0.04305092661382903,
  "training_loss": 114553.20675223214,
  "training_worker_0_memory_MB": 3177.37109375,
  "training_gpu_0_memory_MB": 862.302734375,
  "validation_accuracy": 0.8283555936295316,
  "validation_accuracy3": 0.845508352478486,
  "validation_precision-overall": 0.1569230769230769,
  "validation_recall-overall": 0.01716593739481656,
  "validation_f1-measure-overall": 0.030946601941729796,
  "validation_loss": 107198.05691964286,
  "best_validation_accuracy": 0.6903742066118921,
  "best_validation_accuracy3": 0.7080331762781823,
  "best_validation_precision-overall": 0.056082474226804124,
  "best_validation_recall-overall": 0.06866374957926624,
  "best_validation_f1-measure-overall": 0.061738669894782924,
  "best_validation_loss": 42311.047154017855
}