{
  "best_epoch": 8,
  "peak_worker_0_memory_MB": 3150.4296875,
  "peak_gpu_0_memory_MB": 539.99755859375,
  "training_duration": "0:28:54.950791",
  "training_start_epoch": 0,
  "training_epochs": 13,
  "epoch": 13,
  "training_accuracy": 0.7095682665343948,
  "training_accuracy3": 0.7280192121637749,
  "training_precision-overall": 0.04192288515871697,
  "training_recall-overall": 0.042937997361589854,
  "training_f1-measure-overall": 0.042424369836181,
  "training_loss": 137538.6743861607,
  "training_worker_0_memory_MB": 3150.4296875,
  "training_gpu_0_memory_MB": 539.99755859375,
  "validation_accuracy": 0.832346871227756,
  "validation_accuracy3": 0.8500253105408668,
  "validation_precision-overall": 0.18604651162790656,
  "validation_recall-overall": 0.0013463480309660047,
  "validation_f1-measure-overall": 0.0026733500417696677,
  "validation_loss": 144817.21316964287,
  "best_validation_accuracy": 0.7930376542969511,
  "best_validation_accuracy3": 0.8102877613800086,
  "best_validation_precision-overall": 0.11076443057722309,
  "best_validation_recall-overall": 0.04779535509929317,
  "best_validation_f1-measure-overall": 0.06677639313421607,
  "best_validation_loss": 53810.797154017855
}