{
  "best_epoch": 8,
  "peak_worker_0_memory_MB": 3150.44140625,
  "peak_gpu_0_memory_MB": 621.27685546875,
  "training_duration": "0:39:02.500321",
  "training_start_epoch": 0,
  "training_epochs": 18,
  "epoch": 18,
  "training_accuracy": 0.7108205931608232,
  "training_accuracy3": 0.7296644255749652,
  "training_precision-overall": 0.04148649227212399,
  "training_recall-overall": 0.04123579726796885,
  "training_f1-measure-overall": 0.04136076489665481,
  "training_loss": 130583.8896484375,
  "training_worker_0_memory_MB": 3150.44140625,
  "training_gpu_0_memory_MB": 621.27685546875,
  "validation_accuracy": 0.8254156769596199,
  "validation_accuracy3": 0.8431135859195514,
  "validation_precision-overall": 0.08885017421602785,
  "validation_recall-overall": 0.00858296869740828,
  "validation_f1-measure-overall": 0.015653775322267544,
  "validation_loss": 97606.4296875,
  "best_validation_accuracy": 0.7930376542969511,
  "best_validation_accuracy3": 0.8102877613800086,
  "best_validation_precision-overall": 0.11076443057722309,
  "best_validation_recall-overall": 0.04779535509929317,
  "best_validation_f1-measure-overall": 0.06677639313421607,
  "best_validation_loss": 53810.797154017855
}