{
  "best_epoch": 8,
  "peak_worker_0_memory_MB": 3177.37109375,
  "peak_gpu_0_memory_MB": 855.73388671875,
  "training_duration": "0:49:01.226677",
  "training_start_epoch": 0,
  "training_epochs": 23,
  "epoch": 23,
  "training_accuracy": 0.7086744490990615,
  "training_accuracy3": 0.7271794166613463,
  "training_precision-overall": 0.04225530834954742,
  "training_recall-overall": 0.0425124473381846,
  "training_f1-measure-overall": 0.042383487834319236,
  "training_loss": 129250.85184151786,
  "training_worker_0_memory_MB": 3177.37109375,
  "training_gpu_0_memory_MB": 855.73388671875,
  "validation_accuracy": 0.829426424204665,
  "validation_accuracy3": 0.8472216813986995,
  "validation_precision-overall": 0.10282776349614393,
  "validation_recall-overall": 0.006731740154830024,
  "validation_f1-measure-overall": 0.012636234402136626,
  "validation_loss": 125740.26395089286,
  "best_validation_accuracy": 0.7930376542969511,
  "best_validation_accuracy3": 0.8102877613800086,
  "best_validation_precision-overall": 0.11076443057722309,
  "best_validation_recall-overall": 0.04779535509929317,
  "best_validation_f1-measure-overall": 0.06677639313421607,
  "best_validation_loss": 53810.797154017855
}