{
  "best_epoch": 24,
  "peak_worker_0_memory_MB": 3177.37109375,
  "peak_gpu_0_memory_MB": 862.302734375,
  "training_duration": "0:59:00.500613",
  "training_start_epoch": 0,
  "training_epochs": 28,
  "epoch": 28,
  "training_accuracy": 0.7152602138286326,
  "training_accuracy3": 0.7338142922390126,
  "training_precision-overall": 0.04561886727491823,
  "training_recall-overall": 0.04510830248095664,
  "training_f1-measure-overall": 0.045362148282821514,
  "training_loss": 128534.33440290179,
  "training_worker_0_memory_MB": 3177.37109375,
  "training_gpu_0_memory_MB": 862.302734375,
  "validation_accuracy": 0.8211128850122659,
  "validation_accuracy3": 0.8389081422063004,
  "validation_precision-overall": 0.09090909090909091,
  "validation_recall-overall": 0.023897677549646584,
  "validation_f1-measure-overall": 0.03784648187629966,
  "validation_loss": 58698.890625,
  "best_validation_accuracy": 0.6903742066118921,
  "best_validation_accuracy3": 0.7080331762781823,
  "best_validation_precision-overall": 0.056082474226804124,
  "best_validation_recall-overall": 0.06866374957926624,
  "best_validation_f1-measure-overall": 0.061738669894782924,
  "best_validation_loss": 42311.047154017855
}