{
  "best_epoch": 5,
  "peak_worker_0_memory_MB": 3150.4296875,
  "peak_gpu_0_memory_MB": 539.99755859375,
  "training_duration": "0:14:24.301585",
  "training_start_epoch": 0,
  "training_epochs": 6,
  "epoch": 6,
  "training_accuracy": 0.7098531094533471,
  "training_accuracy3": 0.728348254846013,
  "training_precision-overall": 0.03896103896103896,
  "training_recall-overall": 0.03804417209242947,
  "training_f1-measure-overall": 0.03849714716326145,
  "training_loss": 164661.400390625,
  "training_worker_0_memory_MB": 3150.4296875,
  "training_gpu_0_memory_MB": 539.99755859375,
  "validation_accuracy": 0.8331451267474008,
  "validation_accuracy3": 0.8508235660605117,
  "validation_precision-overall": 0.4677419354838706,
  "validation_recall-overall": 0.009761023224503534,
  "validation_f1-measure-overall": 0.01912298054730889,
  "validation_loss": 121112.20256696429,
  "best_validation_accuracy": 0.7993458198668276,
  "best_validation_accuracy3": 0.8170826681204003,
  "best_validation_precision-overall": 0.1142347166443552,
  "best_validation_recall-overall": 0.04308313699091215,
  "best_validation_f1-measure-overall": 0.06256874007083889,
  "best_validation_loss": 98115.29352678571
}