{
  "best_epoch": 8,
  "peak_worker_0_memory_MB": 3150.4296875,
  "peak_gpu_0_memory_MB": 539.99755859375,
  "training_duration": "0:30:54.708654",
  "training_start_epoch": 0,
  "training_epochs": 14,
  "epoch": 14,
  "training_accuracy": 0.7127653827453946,
  "training_accuracy3": 0.7315060823785366,
  "training_precision-overall": 0.04031634144244821,
  "training_recall-overall": 0.03991659219541257,
  "training_f1-measure-overall": 0.040115470971830686,
  "training_loss": 134993.2779017857,
  "training_worker_0_memory_MB": 3150.4296875,
  "training_gpu_0_memory_MB": 539.99755859375,
  "validation_accuracy": 0.8302830886647716,
  "validation_accuracy3": 0.8478836493906,
  "validation_precision-overall": 0.08291457286432158,
  "validation_recall-overall": 0.00555368562773477,
  "validation_f1-measure-overall": 0.010410094637212207,
  "validation_loss": 83986.46958705357,
  "best_validation_accuracy": 0.7930376542969511,
  "best_validation_accuracy3": 0.8102877613800086,
  "best_validation_precision-overall": 0.11076443057722309,
  "best_validation_recall-overall": 0.04779535509929317,
  "best_validation_f1-measure-overall": 0.06677639313421607,
  "best_validation_loss": 53810.797154017855
}