{
  "best_epoch": 8,
  "peak_worker_0_memory_MB": 3150.4296875,
  "peak_gpu_0_memory_MB": 621.27685546875,
  "training_duration": "0:35:04.041808",
  "training_start_epoch": 0,
  "training_epochs": 16,
  "epoch": 16,
  "training_accuracy": 0.7108255042456328,
  "training_accuracy3": 0.7295760260483938,
  "training_precision-overall": 0.03919229786146375,
  "training_recall-overall": 0.039150602153283115,
  "training_f1-measure-overall": 0.03917143891166524,
  "training_loss": 126109.86439732143,
  "training_worker_0_memory_MB": 3150.4296875,
  "training_gpu_0_memory_MB": 621.27685546875,
  "validation_accuracy": 0.832093765819088,
  "validation_accuracy3": 0.849519099723531,
  "validation_precision-overall": 0.2130177514792898,
  "validation_recall-overall": 0.006058566139347021,
  "validation_f1-measure-overall": 0.011782032400583724,
  "validation_loss": 91058.55691964286,
  "best_validation_accuracy": 0.7930376542969511,
  "best_validation_accuracy3": 0.8102877613800086,
  "best_validation_precision-overall": 0.11076443057722309,
  "best_validation_recall-overall": 0.04779535509929317,
  "best_validation_f1-measure-overall": 0.06677639313421607,
  "best_validation_loss": 53810.797154017855
}