{
  "best_epoch": 7,
  "peak_worker_0_memory_MB": 3150.4296875,
  "peak_gpu_0_memory_MB": 539.99755859375,
  "training_duration": "0:16:24.521747",
  "training_start_epoch": 0,
  "training_epochs": 7,
  "epoch": 7,
  "training_accuracy": 0.7126917164732518,
  "training_accuracy3": 0.7313980385127271,
  "training_precision-overall": 0.037011112083296875,
  "training_recall-overall": 0.03600153198008426,
  "training_f1-measure-overall": 0.03649934206263741,
  "training_loss": 150062.4799107143,
  "training_worker_0_memory_MB": 3150.4296875,
  "training_gpu_0_memory_MB": 539.99755859375,
  "validation_accuracy": 0.8168879716521942,
  "validation_accuracy3": 0.832736264164168,
  "validation_precision-overall": 0.16802052159042324,
  "validation_recall-overall": 0.06613934702120498,
  "validation_f1-measure-overall": 0.09491607293801042,
  "validation_loss": 57232.04743303572,
  "best_validation_accuracy": 0.8168879716521942,
  "best_validation_accuracy3": 0.832736264164168,
  "best_validation_precision-overall": 0.16802052159042324,
  "best_validation_recall-overall": 0.06613934702120498,
  "best_validation_f1-measure-overall": 0.09491607293801042,
  "best_validation_loss": 57232.04743303572
}