{
  "best_epoch": 3,
  "peak_worker_0_memory_MB": 3149.83203125,
  "peak_gpu_0_memory_MB": 539.99755859375,
  "training_duration": "0:08:09.114605",
  "training_start_epoch": 0,
  "training_epochs": 3,
  "epoch": 3,
  "training_accuracy": 0.7176617343004896,
  "training_accuracy3": 0.7361912572868221,
  "training_precision-overall": 0.03313028616503791,
  "training_recall-overall": 0.032171581769437,
  "training_f1-measure-overall": 0.03264389654125145,
  "training_loss": 276401.73577008926,
  "training_worker_0_memory_MB": 3149.83203125,
  "training_gpu_0_memory_MB": 539.99755859375,
  "validation_accuracy": 0.8319574782913438,
  "validation_accuracy3": 0.8497332658385577,
  "validation_precision-overall": 0.13253012048192755,
  "validation_recall-overall": 0.0018512285425782565,
  "validation_f1-measure-overall": 0.0036514522821549586,
  "validation_loss": 223077.6607142857,
  "best_validation_accuracy": 0.8319574782913438,
  "best_validation_accuracy3": 0.8497332658385577,
  "best_validation_precision-overall": 0.13253012048192755,
  "best_validation_recall-overall": 0.0018512285425782565,
  "best_validation_f1-measure-overall": 0.0036514522821549586,
  "best_validation_loss": 223077.6607142857
}