{
  "best_epoch": 8,
  "peak_worker_0_memory_MB": 3177.37109375,
  "peak_gpu_0_memory_MB": 855.73388671875,
  "training_duration": "0:40:59.903748",
  "training_start_epoch": 0,
  "training_epochs": 19,
  "epoch": 19,
  "training_accuracy": 0.7102165297292519,
  "training_accuracy3": 0.7288982963446796,
  "training_precision-overall": 0.0410387398893146,
  "training_recall-overall": 0.04102302225626622,
  "training_f1-measure-overall": 0.04103087956750836,
  "training_loss": 119944.00753348214,
  "training_worker_0_memory_MB": 3177.37109375,
  "training_gpu_0_memory_MB": 855.73388671875,
  "validation_accuracy": 0.8248315875550017,
  "validation_accuracy3": 0.8405630621860519,
  "validation_precision-overall": 0.16470588235294117,
  "validation_recall-overall": 0.04005385392123864,
  "validation_f1-measure-overall": 0.06443752538239712,
  "validation_loss": 88295.74051339286,
  "best_validation_accuracy": 0.7930376542969511,
  "best_validation_accuracy3": 0.8102877613800086,
  "best_validation_precision-overall": 0.11076443057722309,
  "best_validation_recall-overall": 0.04779535509929317,
  "best_validation_f1-measure-overall": 0.06677639313421607,
  "best_validation_loss": 53810.797154017855
}