{
  "best_epoch": 4,
  "peak_worker_0_memory_MB": 3150.05859375,
  "peak_gpu_0_memory_MB": 539.99755859375,
  "training_duration": "0:10:12.077882",
  "training_start_epoch": 0,
  "training_epochs": 4,
  "epoch": 4,
  "training_accuracy": 0.7148476827046326,
  "training_accuracy3": 0.7333772056909651,
  "training_precision-overall": 0.036646499567847886,
  "training_recall-overall": 0.03608664198476531,
  "training_f1-measure-overall": 0.03636441604660623,
  "training_loss": 229599.51395089287,
  "training_worker_0_memory_MB": 3150.05859375,
  "training_gpu_0_memory_MB": 539.99755859375,
  "validation_accuracy": 0.8297963474942565,
  "validation_accuracy3": 0.8474358475137261,
  "validation_precision-overall": 0.13599999999999993,
  "validation_recall-overall": 0.00572197913160552,
  "validation_f1-measure-overall": 0.010981912144695093,
  "validation_loss": 156183.12276785713,
  "best_validation_accuracy": 0.8297963474942565,
  "best_validation_accuracy3": 0.8474358475137261,
  "best_validation_precision-overall": 0.13599999999999993,
  "best_validation_recall-overall": 0.00572197913160552,
  "best_validation_f1-measure-overall": 0.010981912144695093,
  "best_validation_loss": 156183.12276785713
}