{
  "best_epoch": 8,
  "peak_worker_0_memory_MB": 3150.4296875,
  "peak_gpu_0_memory_MB": 539.99755859375,
  "training_duration": "0:18:28.320279",
  "training_start_epoch": 0,
  "training_epochs": 8,
  "epoch": 8,
  "training_accuracy": 0.7115474337126327,
  "training_accuracy3": 0.7300671345293462,
  "training_precision-overall": 0.04304607139770075,
  "training_recall-overall": 0.04238478233116303,
  "training_f1-measure-overall": 0.04271286746569609,
  "training_loss": 155721.6625279018,
  "training_worker_0_memory_MB": 3150.4296875,
  "training_gpu_0_memory_MB": 539.99755859375,
  "validation_accuracy": 0.7930376542969511,
  "validation_accuracy3": 0.8102877613800086,
  "validation_precision-overall": 0.11076443057722309,
  "validation_recall-overall": 0.04779535509929317,
  "validation_f1-measure-overall": 0.06677639313421607,
  "validation_loss": 53810.797154017855,
  "best_validation_accuracy": 0.7930376542969511,
  "best_validation_accuracy3": 0.8102877613800086,
  "best_validation_precision-overall": 0.11076443057722309,
  "best_validation_recall-overall": 0.04779535509929317,
  "best_validation_f1-measure-overall": 0.06677639313421607,
  "best_validation_loss": 53810.797154017855
}