{
  "best_epoch": 8,
  "peak_worker_0_memory_MB": 3150.4296875,
  "peak_gpu_0_memory_MB": 621.27685546875,
  "training_duration": "0:33:04.703238",
  "training_start_epoch": 0,
  "training_epochs": 15,
  "epoch": 15,
  "training_accuracy": 0.7103835066127757,
  "training_accuracy3": 0.7289375850231558,
  "training_precision-overall": 0.043388344294163876,
  "training_recall-overall": 0.04464019745521086,
  "training_f1-measure-overall": 0.04400536957793474,
  "training_loss": 129899.59291294643,
  "training_worker_0_memory_MB": 3150.4296875,
  "training_gpu_0_memory_MB": 621.27685546875,
  "validation_accuracy": 0.8291733187959971,
  "validation_accuracy3": 0.8469101670495697,
  "validation_precision-overall": 0.1260794473229706,
  "validation_recall-overall": 0.012285425782564793,
  "validation_f1-measure-overall": 0.022389204109782925,
  "validation_loss": 128475.76785714286,
  "best_validation_accuracy": 0.7930376542969511,
  "best_validation_accuracy3": 0.8102877613800086,
  "best_validation_precision-overall": 0.11076443057722309,
  "best_validation_recall-overall": 0.04779535509929317,
  "best_validation_f1-measure-overall": 0.06677639313421607,
  "best_validation_loss": 53810.797154017855
}