{
  "best_epoch": 5,
  "peak_worker_0_memory_MB": 3150.4296875,
  "peak_gpu_0_memory_MB": 539.99755859375,
  "training_duration": "0:12:19.813655",
  "training_start_epoch": 0,
  "training_epochs": 5,
  "epoch": 5,
  "training_accuracy": 0.7128979820352518,
  "training_accuracy3": 0.7315797486506794,
  "training_precision-overall": 0.03727889979673918,
  "training_recall-overall": 0.03668241201753266,
  "training_f1-measure-overall": 0.03697825061124938,
  "training_loss": 208710.98311941963,
  "training_worker_0_memory_MB": 3150.4296875,
  "training_gpu_0_memory_MB": 539.99755859375,
  "validation_accuracy": 0.7993458198668276,
  "validation_accuracy3": 0.8170826681204003,
  "validation_precision-overall": 0.1142347166443552,
  "validation_recall-overall": 0.04308313699091215,
  "validation_f1-measure-overall": 0.06256874007083889,
  "validation_loss": 98115.29352678571,
  "best_validation_accuracy": 0.7993458198668276,
  "best_validation_accuracy3": 0.8170826681204003,
  "best_validation_precision-overall": 0.1142347166443552,
  "best_validation_recall-overall": 0.04308313699091215,
  "best_validation_f1-measure-overall": 0.06256874007083889,
  "best_validation_loss": 98115.29352678571
}