{
  "best_epoch": 24,
  "peak_worker_0_memory_MB": 3177.37109375,
  "peak_gpu_0_memory_MB": 862.302734375,
  "training_duration": "0:57:04.110441",
  "training_start_epoch": 0,
  "training_epochs": 27,
  "epoch": 27,
  "training_accuracy": 0.7116554775784423,
  "training_accuracy3": 0.7300425791052986,
  "training_precision-overall": 0.04246482454653331,
  "training_recall-overall": 0.04264011234520618,
  "training_f1-measure-overall": 0.04255228792860485,
  "training_loss": 122197.38616071429,
  "training_worker_0_memory_MB": 3177.37109375,
  "training_gpu_0_memory_MB": 862.302734375,
  "validation_accuracy": 0.8324636891086795,
  "validation_accuracy3": 0.850258946302714,
  "validation_precision-overall": 0.12499999999999845,
  "validation_recall-overall": 0.0001682935038707506,
  "validation_f1-measure-overall": 0.000336134453781244,
  "validation_loss": 122381.62834821429,
  "best_validation_accuracy": 0.6903742066118921,
  "best_validation_accuracy3": 0.7080331762781823,
  "best_validation_precision-overall": 0.056082474226804124,
  "best_validation_recall-overall": 0.06866374957926624,
  "best_validation_f1-measure-overall": 0.061738669894782924,
  "best_validation_loss": 42311.047154017855
}