{
  "best_epoch": 24,
  "peak_worker_0_memory_MB": 3177.37109375,
  "peak_gpu_0_memory_MB": 855.73388671875,
  "training_duration": "0:53:03.102631",
  "training_start_epoch": 0,
  "training_epochs": 25,
  "epoch": 25,
  "training_accuracy": 0.7087382932015853,
  "training_accuracy3": 0.7271597723221083,
  "training_precision-overall": 0.042498656414072515,
  "training_recall-overall": 0.04374654240605983,
  "training_f1-measure-overall": 0.04311357154834793,
  "training_loss": 112633.65373883929,
  "training_worker_0_memory_MB": 3177.37109375,
  "training_gpu_0_memory_MB": 855.73388671875,
  "validation_accuracy": 0.8311397531248783,
  "validation_accuracy3": 0.8489350103189128,
  "validation_precision-overall": 0.09189189189189184,
  "validation_recall-overall": 0.00286098956580276,
  "validation_f1-measure-overall": 0.005549208421733984,
  "validation_loss": 91166.900390625,
  "best_validation_accuracy": 0.6903742066118921,
  "best_validation_accuracy3": 0.7080331762781823,
  "best_validation_precision-overall": 0.056082474226804124,
  "best_validation_recall-overall": 0.06866374957926624,
  "best_validation_f1-measure-overall": 0.061738669894782924,
  "best_validation_loss": 42311.047154017855
}