{
  "best_epoch": 8,
  "peak_worker_0_memory_MB": 3150.4296875,
  "peak_gpu_0_memory_MB": 539.99755859375,
  "training_duration": "0:20:35.528733",
  "training_start_epoch": 0,
  "training_epochs": 9,
  "epoch": 9,
  "training_accuracy": 0.7077757205789187,
  "training_accuracy3": 0.7261480888513464,
  "training_precision-overall": 0.03981074975491241,
  "training_recall-overall": 0.03974637218605047,
  "training_f1-measure-overall": 0.03977853492328901,
  "training_loss": 132704.55482700892,
  "training_worker_0_memory_MB": 3150.4296875,
  "training_gpu_0_memory_MB": 539.99755859375,
  "validation_accuracy": 0.8324831587555002,
  "validation_accuracy3": 0.8502784159495347,
  "validation_precision-overall": 0.04999999999999975,
  "validation_recall-overall": 0.0001682935038707506,
  "validation_f1-measure-overall": 0.0003354579000328771,
  "validation_loss": 124200.9375,
  "best_validation_accuracy": 0.7930376542969511,
  "best_validation_accuracy3": 0.8102877613800086,
  "best_validation_precision-overall": 0.11076443057722309,
  "best_validation_recall-overall": 0.04779535509929317,
  "best_validation_f1-measure-overall": 0.06677639313421607,
  "best_validation_loss": 53810.797154017855
}