{
  "best_epoch": 8,
  "peak_worker_0_memory_MB": 3150.4296875,
  "peak_gpu_0_memory_MB": 539.99755859375,
  "training_duration": "0:22:34.815099",
  "training_start_epoch": 0,
  "training_epochs": 10,
  "epoch": 10,
  "training_accuracy": 0.7135560673997279,
  "training_accuracy3": 0.7321985453366794,
  "training_precision-overall": 0.038527691778465774,
  "training_recall-overall": 0.038129282097110515,
  "training_f1-measure-overall": 0.038327451609403526,
  "training_loss": 137665.4642857143,
  "training_worker_0_memory_MB": 3150.4296875,
  "training_gpu_0_memory_MB": 539.99755859375,
  "validation_accuracy": 0.804719442389315,
  "validation_accuracy3": 0.8208987188972392,
  "validation_precision-overall": 0.11644908616187989,
  "validation_recall-overall": 0.03752945136317738,
  "validation_f1-measure-overall": 0.056764668448480375,
  "validation_loss": 67126.06026785714,
  "best_validation_accuracy": 0.7930376542969511,
  "best_validation_accuracy3": 0.8102877613800086,
  "best_validation_precision-overall": 0.11076443057722309,
  "best_validation_recall-overall": 0.04779535509929317,
  "best_validation_f1-measure-overall": 0.06677639313421607,
  "best_validation_loss": 53810.797154017855
}