{
  "best_epoch": 27,
  "peak_worker_0_memory_MB": 0,
  "peak_gpu_0_memory_MB": 979.04736328125,
  "training_duration": "0:39:47.375216",
  "training_start_epoch": 0,
  "training_epochs": 27,
  "epoch": 27,
  "training_accuracy": 0.9949317604765717,
  "training_accuracy3": 0.9956586010283811,
  "training_precision-overall": 0.9750745632722625,
  "training_recall-overall": 0.9738712285629175,
  "training_f1-measure-overall": 0.9744725244309577,
  "training_loss": 1.5277568365755454,
  "training_worker_0_memory_MB": 0.0,
  "training_gpu_0_memory_MB": 979.04736328125,
  "validation_accuracy": 0.9798294458938515,
  "validation_accuracy3": 0.9825357268019158,
  "validation_precision-overall": 0.9125995154032537,
  "validation_recall-overall": 0.8874116459104678,
  "validation_f1-measure-overall": 0.8998293515357862,
  "validation_loss": 12.01417644060575,
  "best_validation_accuracy": 0.9798294458938515,
  "best_validation_accuracy3": 0.9825357268019158,
  "best_validation_precision-overall": 0.9125995154032537,
  "best_validation_recall-overall": 0.8874116459104678,
  "best_validation_f1-measure-overall": 0.8998293515357862,
  "best_validation_loss": 12.01417644060575
}