{
  "best_epoch": 82,
  "peak_worker_0_memory_MB": 0,
  "peak_gpu_0_memory_MB": 979.04736328125,
  "training_duration": "1:59:08.221428",
  "training_start_epoch": 0,
  "training_epochs": 83,
  "epoch": 83,
  "training_accuracy": 0.9987476733735715,
  "training_accuracy3": 0.9988900948330477,
  "training_precision-overall": 0.9943380161770966,
  "training_recall-overall": 0.9939571896676455,
  "training_f1-measure-overall": 0.9941475664516728,
  "training_loss": 0.3664347363536468,
  "training_worker_0_memory_MB": 0.0,
  "training_gpu_0_memory_MB": 979.04736328125,
  "validation_accuracy": 0.9809197461158055,
  "validation_accuracy3": 0.9835286787897668,
  "validation_precision-overall": 0.9171853388658368,
  "validation_recall-overall": 0.8927970380343319,
  "validation_f1-measure-overall": 0.9048268804365865,
  "validation_loss": 16.408899726867677,
  "best_validation_accuracy": 0.9813286086990382,
  "best_validation_accuracy3": 0.984015419960282,
  "best_validation_precision-overall": 0.9193854652166408,
  "best_validation_recall-overall": 0.8963312016156176,
  "best_validation_f1-measure-overall": 0.9077119727310962,
  "best_validation_loss": 15.969168470822847
}