{
  "best_epoch": 13,
  "peak_worker_0_memory_MB": 0,
  "peak_gpu_0_memory_MB": 979.04736328125,
  "training_duration": "0:21:20.654515",
  "training_start_epoch": 0,
  "training_epochs": 14,
  "epoch": 14,
  "training_accuracy": 0.988650483005191,
  "training_accuracy3": 0.9903840959429528,
  "training_precision-overall": 0.9452323991797676,
  "training_recall-overall": 0.941571981786459,
  "training_f1-measure-overall": 0.9433986398618043,
  "training_loss": 3.5195621354724165,
  "training_worker_0_memory_MB": 0.0,
  "training_gpu_0_memory_MB": 979.04736328125,
  "validation_accuracy": 0.9778630115649702,
  "validation_accuracy3": 0.9811144425840115,
  "validation_precision-overall": 0.8887000849617672,
  "validation_recall-overall": 0.8801750252440256,
  "validation_f1-measure-overall": 0.8844170119218236,
  "validation_loss": 10.679242016718938,
  "best_validation_accuracy": 0.9778046026245084,
  "best_validation_accuracy3": 0.9810365639967291,
  "best_validation_precision-overall": 0.8913748932536294,
  "best_validation_recall-overall": 0.8783237967014473,
  "best_validation_f1-measure-overall": 0.8848012206492678,
  "best_validation_loss": 9.995155126131499
}