{
  "best_epoch": 39,
  "peak_worker_0_memory_MB": 0,
  "peak_gpu_0_memory_MB": 979.04736328125,
  "training_duration": "1:10:59.642133",
  "training_start_epoch": 0,
  "training_epochs": 49,
  "epoch": 49,
  "training_accuracy": 0.9978980557015239,
  "training_accuracy3": 0.9981828986204763,
  "training_precision-overall": 0.9901188295924017,
  "training_recall-overall": 0.9892761394101877,
  "training_f1-measure-overall": 0.9896973051214963,
  "training_loss": 0.6524283171548538,
  "training_worker_0_memory_MB": 0.0,
  "training_gpu_0_memory_MB": 979.04736328125,
  "validation_accuracy": 0.9805108835325728,
  "validation_accuracy3": 0.9832755733810988,
  "validation_precision-overall": 0.9183602570783395,
  "validation_recall-overall": 0.8897677549646583,
  "validation_f1-measure-overall": 0.903837934866178,
  "validation_loss": 14.613981939462516,
  "best_validation_accuracy": 0.9803745960048285,
  "best_validation_accuracy3": 0.9833729216152018,
  "best_validation_precision-overall": 0.9172580924355201,
  "best_validation_recall-overall": 0.8917872770111074,
  "best_validation_f1-measure-overall": 0.9043433740079712,
  "best_validation_loss": 13.777710700401894
}