{
  "best_epoch": 54,
  "peak_worker_0_memory_MB": 0,
  "peak_gpu_0_memory_MB": 979.04736328125,
  "training_duration": "1:49:13.602729",
  "training_start_epoch": 0,
  "training_epochs": 76,
  "epoch": 76,
  "training_accuracy": 0.9985856075748573,
  "training_accuracy3": 0.9987624066280001,
  "training_precision-overall": 0.9929772291977016,
  "training_recall-overall": 0.9928082046044513,
  "training_f1-measure-overall": 0.9928927097075724,
  "training_loss": 0.3767293244494238,
  "training_worker_0_memory_MB": 0.0,
  "training_gpu_0_memory_MB": 979.04736328125,
  "validation_accuracy": 0.9804135352984696,
  "validation_accuracy3": 0.9832755733810988,
  "validation_precision-overall": 0.9153420870767104,
  "validation_recall-overall": 0.8916189835072367,
  "validation_f1-measure-overall": 0.9033248081840933,
  "validation_loss": 15.990596559964693,
  "best_validation_accuracy": 0.981192321171294,
  "best_validation_accuracy3": 0.9838986020793583,
  "best_validation_precision-overall": 0.9172841633637774,
  "best_validation_recall-overall": 0.8958263211040054,
  "best_validation_f1-measure-overall": 0.9064282673477577,
  "best_validation_loss": 14.500312375288743
}