{
  "best_epoch": 103,
  "peak_worker_0_memory_MB": 0,
  "peak_gpu_0_memory_MB": 979.04736328125,
  "training_duration": "2:58:35.794786",
  "training_start_epoch": 0,
  "training_epochs": 125,
  "epoch": 125,
  "training_accuracy": 0.9993959365684286,
  "training_accuracy3": 0.999474513925381,
  "training_precision-overall": 0.9967234042553191,
  "training_recall-overall": 0.9967658198221201,
  "training_f1-measure-overall": 0.9967446115874307,
  "training_loss": 0.19260917202009425,
  "training_worker_0_memory_MB": 0.0,
  "training_gpu_0_memory_MB": 979.04736328125,
  "validation_accuracy": 0.9815622444608855,
  "validation_accuracy3": 0.9839375413729995,
  "validation_precision-overall": 0.913348145616134,
  "validation_recall-overall": 0.8993604846852912,
  "validation_f1-measure-overall": 0.9063003476638185,
  "validation_loss": 17.97016175196721,
  "best_validation_accuracy": 0.9819711070441183,
  "best_validation_accuracy3": 0.9842685253689498,
  "best_validation_precision-overall": 0.9217511203033437,
  "best_validation_recall-overall": 0.9000336587007741,
  "best_validation_f1-measure-overall": 0.9107629427792417,
  "best_validation_loss": 16.463754956172064
}