{
  "best_epoch": 103,
  "peak_worker_0_memory_MB": 0,
  "peak_gpu_0_memory_MB": 979.04736328125,
  "training_duration": "2:55:46.144875",
  "training_start_epoch": 0,
  "training_epochs": 123,
  "epoch": 123,
  "training_accuracy": 0.9991994931760476,
  "training_accuracy3": 0.9992878927026191,
  "training_precision-overall": 0.9964240102171137,
  "training_recall-overall": 0.9960423847823312,
  "training_f1-measure-overall": 0.9962331609525134,
  "training_loss": 0.23295565143598781,
  "training_worker_0_memory_MB": 0.0,
  "training_gpu_0_memory_MB": 979.04736328125,
  "validation_accuracy": 0.9813675479926794,
  "validation_accuracy3": 0.983762314551614,
  "validation_precision-overall": 0.913348145616134,
  "validation_recall-overall": 0.8993604846852912,
  "validation_f1-measure-overall": 0.9063003476638185,
  "validation_loss": 17.5922229884221,
  "best_validation_accuracy": 0.9819711070441183,
  "best_validation_accuracy3": 0.9842685253689498,
  "best_validation_precision-overall": 0.9217511203033437,
  "best_validation_recall-overall": 0.9000336587007741,
  "best_validation_f1-measure-overall": 0.9107629427792417,
  "best_validation_loss": 16.463754956172064
}