{
  "best_epoch": 17,
  "peak_worker_0_memory_MB": 0,
  "peak_gpu_0_memory_MB": 979.04736328125,
  "training_duration": "0:27:00.966605",
  "training_start_epoch": 0,
  "training_epochs": 18,
  "epoch": 18,
  "training_accuracy": 0.9916216893149528,
  "training_accuracy3": 0.9928543716021432,
  "training_precision-overall": 0.9598822073321668,
  "training_recall-overall": 0.9571045576407506,
  "training_f1-measure-overall": 0.9584913701256691,
  "training_loss": 2.5808182446557857,
  "training_worker_0_memory_MB": 0.0,
  "training_gpu_0_memory_MB": 979.04736328125,
  "validation_accuracy": 0.9771815739262489,
  "validation_accuracy3": 0.9804719442389315,
  "validation_precision-overall": 0.9053419175221855,
  "validation_recall-overall": 0.8756311006395153,
  "validation_f1-measure-overall": 0.8902386859439999,
  "validation_loss": 10.883527671373807,
  "best_validation_accuracy": 0.9782913437950236,
  "best_validation_accuracy3": 0.9811728515244733,
  "best_validation_precision-overall": 0.9022245214692188,
  "best_validation_recall-overall": 0.8805116122517671,
  "best_validation_f1-measure-overall": 0.8912358402179894,
  "best_validation_loss": 10.808335137000451
}