{
  "best_epoch": 103,
  "peak_worker_0_memory_MB": 0,
  "peak_gpu_0_memory_MB": 979.04736328125,
  "training_duration": "2:51:31.788831",
  "training_start_epoch": 0,
  "training_epochs": 120,
  "epoch": 120,
  "training_accuracy": 0.9993320924659048,
  "training_accuracy3": 0.999391025483619,
  "training_precision-overall": 0.9967224279572638,
  "training_recall-overall": 0.9964679348057364,
  "training_f1-measure-overall": 0.996595165134441,
  "training_loss": 0.24055316999713722,
  "training_worker_0_memory_MB": 0.0,
  "training_gpu_0_memory_MB": 979.04736328125,
  "validation_accuracy": 0.981932167750477,
  "validation_accuracy3": 0.984404812896694,
  "validation_precision-overall": 0.9175805346127485,
  "validation_recall-overall": 0.9012117132278694,
  "validation_f1-measure-overall": 0.9093224656138064,
  "validation_loss": 17.324894193502573,
  "best_validation_accuracy": 0.9819711070441183,
  "best_validation_accuracy3": 0.9842685253689498,
  "best_validation_precision-overall": 0.9217511203033437,
  "best_validation_recall-overall": 0.9000336587007741,
  "best_validation_f1-measure-overall": 0.9107629427792417,
  "best_validation_loss": 16.463754956172064
}