{
  "best_epoch": 15,
  "peak_worker_0_memory_MB": 0,
  "peak_gpu_0_memory_MB": 979.04736328125,
  "training_duration": "0:24:10.809294",
  "training_start_epoch": 0,
  "training_epochs": 16,
  "epoch": 16,
  "training_accuracy": 0.9904872287239528,
  "training_accuracy3": 0.9918426881313813,
  "training_precision-overall": 0.954233018827648,
  "training_recall-overall": 0.9511468573130771,
  "training_f1-measure-overall": 0.9526874387280518,
  "training_loss": 2.9358508610640555,
  "training_worker_0_memory_MB": 0.0,
  "training_gpu_0_memory_MB": 979.04736328125,
  "validation_accuracy": 0.9784665706164091,
  "validation_accuracy3": 0.9816206534013473,
  "validation_precision-overall": 0.8953825183165787,
  "validation_recall-overall": 0.8843823628407943,
  "validation_f1-measure-overall": 0.8898484463635095,
  "validation_loss": 10.67913681763869,
  "best_validation_accuracy": 0.9784665706164091,
  "best_validation_accuracy3": 0.9815233051672443,
  "best_validation_precision-overall": 0.9003093846682709,
  "best_validation_recall-overall": 0.8815213732749916,
  "best_validation_f1-measure-overall": 0.8908163265305623,
  "best_validation_loss": 10.599378879253681
}