{
  "best_epoch": 82,
  "peak_worker_0_memory_MB": 0,
  "peak_gpu_0_memory_MB": 979.04736328125,
  "training_duration": "2:17:33.400849",
  "training_start_epoch": 0,
  "training_epochs": 96,
  "epoch": 96,
  "training_accuracy": 0.9989441167659524,
  "training_accuracy3": 0.999061982801381,
  "training_precision-overall": 0.9945950546878325,
  "training_recall-overall": 0.9945104046980723,
  "training_f1-measure-overall": 0.9945527278916855,
  "training_loss": 0.30862869758198697,
  "training_worker_0_memory_MB": 0.0,
  "training_gpu_0_memory_MB": 979.04736328125,
  "validation_accuracy": 0.9812507301117558,
  "validation_accuracy3": 0.9838791324325377,
  "validation_precision-overall": 0.9156357388316151,
  "validation_recall-overall": 0.8968360821272299,
  "validation_f1-measure-overall": 0.9061384118346721,
  "validation_loss": 16.322053589454065,
  "best_validation_accuracy": 0.9813286086990382,
  "best_validation_accuracy3": 0.984015419960282,
  "best_validation_precision-overall": 0.9193854652166408,
  "best_validation_recall-overall": 0.8963312016156176,
  "best_validation_f1-measure-overall": 0.9077119727310962,
  "best_validation_loss": 15.969168470822847
}