{
  "best_epoch": 20,
  "peak_worker_0_memory_MB": 0,
  "peak_gpu_0_memory_MB": 979.04736328125,
  "training_duration": "0:32:41.713875",
  "training_start_epoch": 0,
  "training_epochs": 22,
  "epoch": 22,
  "training_accuracy": 0.9932865470653812,
  "training_accuracy3": 0.9942343864336193,
  "training_precision-overall": 0.9681341182492962,
  "training_recall-overall": 0.9657857781182178,
  "training_f1-measure-overall": 0.9669585224004102,
  "training_loss": 2.076632875225298,
  "training_worker_0_memory_MB": 0.0,
  "training_gpu_0_memory_MB": 979.04736328125,
  "validation_accuracy": 0.9784276313227678,
  "validation_accuracy3": 0.9813870176395,
  "validation_precision-overall": 0.9022582313394243,
  "validation_recall-overall": 0.8808481992595086,
  "validation_f1-measure-overall": 0.8914246785318414,
  "validation_loss": 11.819395690331092,
  "best_validation_accuracy": 0.9797126280129278,
  "best_validation_accuracy3": 0.982574666095557,
  "best_validation_precision-overall": 0.91028522039758,
  "best_validation_recall-overall": 0.8862335913833727,
  "best_validation_f1-measure-overall": 0.8980984053892228,
  "best_validation_loss": 11.348183199075551
}