{
  "best_epoch": 15,
  "peak_worker_0_memory_MB": 0,
  "peak_gpu_0_memory_MB": 979.04736328125,
  "training_duration": "0:22:45.764780",
  "training_start_epoch": 0,
  "training_epochs": 15,
  "epoch": 15,
  "training_accuracy": 0.9892250799279053,
  "training_accuracy3": 0.9907720716429051,
  "training_precision-overall": 0.9492697924673328,
  "training_recall-overall": 0.9459977020298737,
  "training_f1-measure-overall": 0.9476309226932169,
  "training_loss": 3.24110733911236,
  "training_worker_0_memory_MB": 0.0,
  "training_gpu_0_memory_MB": 979.04736328125,
  "validation_accuracy": 0.9784665706164091,
  "validation_accuracy3": 0.9815233051672443,
  "validation_precision-overall": 0.9003093846682709,
  "validation_recall-overall": 0.8815213732749916,
  "validation_f1-measure-overall": 0.8908163265305623,
  "validation_loss": 10.599378879253681,
  "best_validation_accuracy": 0.9784665706164091,
  "best_validation_accuracy3": 0.9815233051672443,
  "best_validation_precision-overall": 0.9003093846682709,
  "best_validation_recall-overall": 0.8815213732749916,
  "best_validation_f1-measure-overall": 0.8908163265305623,
  "best_validation_loss": 10.599378879253681
}