{
  "best_epoch": 38,
  "peak_worker_0_memory_MB": 0,
  "peak_gpu_0_memory_MB": 979.04736328125,
  "training_duration": "0:55:24.135602",
  "training_start_epoch": 0,
  "training_epochs": 38,
  "epoch": 38,
  "training_accuracy": 0.9966162625662383,
  "training_accuracy3": 0.9970091493510002,
  "training_precision-overall": 0.9839485672925448,
  "training_recall-overall": 0.9834461040895357,
  "training_f1-measure-overall": 0.9836972715276391,
  "training_loss": 0.9419769962487272,
  "training_worker_0_memory_MB": 0.0,
  "training_gpu_0_memory_MB": 979.04736328125,
  "validation_accuracy": 0.9799267941279545,
  "validation_accuracy3": 0.9827304232701218,
  "validation_precision-overall": 0.9185094898136862,
  "validation_recall-overall": 0.8877482329182094,
  "validation_f1-measure-overall": 0.9028669234060263,
  "validation_loss": 13.887067165374756,
  "best_validation_accuracy": 0.9799267941279545,
  "best_validation_accuracy3": 0.9827304232701218,
  "best_validation_precision-overall": 0.9185094898136862,
  "best_validation_recall-overall": 0.8877482329182094,
  "best_validation_f1-measure-overall": 0.9028669234060263,
  "best_validation_loss": 13.887067165374756
}