{
  "best_epoch": 103,
  "peak_worker_0_memory_MB": 0,
  "peak_gpu_0_memory_MB": 979.04736328125,
  "training_duration": "2:47:16.555461",
  "training_start_epoch": 0,
  "training_epochs": 117,
  "epoch": 117,
  "training_accuracy": 0.9993664700595715,
  "training_accuracy3": 0.9994499585013333,
  "training_precision-overall": 0.9968924268868928,
  "training_recall-overall": 0.9965530448104175,
  "training_f1-measure-overall": 0.9967227069588774,
  "training_loss": 0.19897049533939024,
  "training_worker_0_memory_MB": 0.0,
  "training_gpu_0_memory_MB": 979.04736328125,
  "validation_accuracy": 0.981640123048168,
  "validation_accuracy3": 0.9842490557221292,
  "validation_precision-overall": 0.9166809826490294,
  "validation_recall-overall": 0.8980141366543252,
  "validation_f1-measure-overall": 0.907251551474914,
  "validation_loss": 16.785325763408956,
  "best_validation_accuracy": 0.9819711070441183,
  "best_validation_accuracy3": 0.9842685253689498,
  "best_validation_precision-overall": 0.9217511203033437,
  "best_validation_recall-overall": 0.9000336587007741,
  "best_validation_f1-measure-overall": 0.9107629427792417,
  "best_validation_loss": 16.463754956172064
}