{
  "best_epoch": 54,
  "peak_worker_0_memory_MB": 0,
  "peak_gpu_0_memory_MB": 979.04736328125,
  "training_duration": "1:47:48.717438",
  "training_start_epoch": 0,
  "training_epochs": 75,
  "epoch": 75,
  "training_accuracy": 0.9987476733735715,
  "training_accuracy3": 0.9989097391722858,
  "training_precision-overall": 0.9941259098454859,
  "training_recall-overall": 0.9938720796629644,
  "training_f1-measure-overall": 0.9939989785494904,
  "training_loss": 0.3970801611387857,
  "training_worker_0_memory_MB": 0.0,
  "training_gpu_0_memory_MB": 979.04736328125,
  "validation_accuracy": 0.9813675479926794,
  "validation_accuracy3": 0.9839764806666407,
  "validation_precision-overall": 0.9160935350756534,
  "validation_recall-overall": 0.8966677886233592,
  "validation_f1-measure-overall": 0.9062765776492102,
  "validation_loss": 15.321290645599365,
  "best_validation_accuracy": 0.981192321171294,
  "best_validation_accuracy3": 0.9838986020793583,
  "best_validation_precision-overall": 0.9172841633637774,
  "best_validation_recall-overall": 0.8958263211040054,
  "best_validation_f1-measure-overall": 0.9064282673477577,
  "best_validation_loss": 14.500312375288743
}