{
  "best_epoch": 82,
  "peak_worker_0_memory_MB": 0,
  "peak_gpu_0_memory_MB": 979.04736328125,
  "training_duration": "2:11:52.666518",
  "training_start_epoch": 0,
  "training_epochs": 92,
  "epoch": 92,
  "training_accuracy": 0.9989637611051905,
  "training_accuracy3": 0.9990325162925239,
  "training_precision-overall": 0.9952330283038945,
  "training_recall-overall": 0.9950636197284991,
  "training_f1-measure-overall": 0.9951483168063509,
  "training_loss": 0.31157837457079907,
  "training_worker_0_memory_MB": 0.0,
  "training_gpu_0_memory_MB": 979.04736328125,
  "validation_accuracy": 0.9809976247030879,
  "validation_accuracy3": 0.983664966317511,
  "validation_precision-overall": 0.9227019498607242,
  "validation_recall-overall": 0.8919555705149781,
  "validation_f1-measure-overall": 0.9070682868389026,
  "validation_loss": 17.007884989518384,
  "best_validation_accuracy": 0.9813286086990382,
  "best_validation_accuracy3": 0.984015419960282,
  "best_validation_precision-overall": 0.9193854652166408,
  "best_validation_recall-overall": 0.8963312016156176,
  "best_validation_f1-measure-overall": 0.9077119727310962,
  "best_validation_loss": 15.969168470822847
}