{
  "best_epoch": 82,
  "peak_worker_0_memory_MB": 0,
  "peak_gpu_0_memory_MB": 979.04736328125,
  "training_duration": "2:04:48.104422",
  "training_start_epoch": 0,
  "training_epochs": 87,
  "epoch": 87,
  "training_accuracy": 0.9987378512039524,
  "training_accuracy3": 0.9988900948330477,
  "training_precision-overall": 0.9937013235732222,
  "training_recall-overall": 0.9936167496489212,
  "training_f1-measure-overall": 0.9936590348114234,
  "training_loss": 0.35670576265273995,
  "training_worker_0_memory_MB": 0.0,
  "training_gpu_0_memory_MB": 979.04736328125,
  "validation_accuracy": 0.9811144425840115,
  "validation_accuracy3": 0.9836260270238698,
  "validation_precision-overall": 0.9179478320953532,
  "validation_recall-overall": 0.8943116795691687,
  "validation_f1-measure-overall": 0.9059756201516848,
  "validation_loss": 16.16878204052265,
  "best_validation_accuracy": 0.9813286086990382,
  "best_validation_accuracy3": 0.984015419960282,
  "best_validation_precision-overall": 0.9193854652166408,
  "best_validation_recall-overall": 0.8963312016156176,
  "best_validation_f1-measure-overall": 0.9077119727310962,
  "best_validation_loss": 15.969168470822847
}