{
  "best_epoch": 103,
  "peak_worker_0_memory_MB": 0,
  "peak_gpu_0_memory_MB": 979.04736328125,
  "training_duration": "2:43:01.612629",
  "training_start_epoch": 0,
  "training_epochs": 114,
  "epoch": 114,
  "training_accuracy": 0.9993517368051429,
  "training_accuracy3": 0.9994450474165238,
  "training_precision-overall": 0.9968071519795658,
  "training_recall-overall": 0.9964253798033958,
  "training_f1-measure-overall": 0.9966162293302189,
  "training_loss": 0.2240810384105533,
  "training_worker_0_memory_MB": 0.0,
  "training_gpu_0_memory_MB": 979.04736328125,
  "validation_accuracy": 0.9809392157626261,
  "validation_accuracy3": 0.9833534519683813,
  "validation_precision-overall": 0.9137517146776406,
  "validation_recall-overall": 0.8968360821272299,
  "validation_f1-measure-overall": 0.9052148802445568,
  "validation_loss": 16.786883465693546,
  "best_validation_accuracy": 0.9819711070441183,
  "best_validation_accuracy3": 0.9842685253689498,
  "best_validation_precision-overall": 0.9217511203033437,
  "best_validation_recall-overall": 0.9000336587007741,
  "best_validation_f1-measure-overall": 0.9107629427792417,
  "best_validation_loss": 16.463754956172064
}