{
  "best_epoch": 30,
  "peak_worker_0_memory_MB": 0,
  "peak_gpu_0_memory_MB": 979.04736328125,
  "training_duration": "0:51:09.011722",
  "training_start_epoch": 0,
  "training_epochs": 35,
  "epoch": 35,
  "training_accuracy": 0.9964738411067621,
  "training_accuracy3": 0.9969207498244287,
  "training_precision-overall": 0.9830883919062833,
  "training_recall-overall": 0.982084344014639,
  "training_f1-measure-overall": 0.9825861114658673,
  "training_loss": 1.007891742869204,
  "training_worker_0_memory_MB": 0.0,
  "training_gpu_0_memory_MB": 979.04736328125,
  "validation_accuracy": 0.9801214905961606,
  "validation_accuracy3": 0.982827771504225,
  "validation_precision-overall": 0.9113292011019284,
  "validation_recall-overall": 0.8907775159878829,
  "validation_f1-measure-overall": 0.900936170212716,
  "validation_loss": 13.230573516258827,
  "best_validation_accuracy": 0.9805303531793933,
  "best_validation_accuracy3": 0.9833339823215607,
  "best_validation_precision-overall": 0.9111949254243099,
  "best_validation_recall-overall": 0.8944799730730394,
  "best_validation_f1-measure-overall": 0.9027600849256402,
  "best_validation_loss": 12.246680717468262
}