{
  "best_epoch": 27,
  "peak_worker_0_memory_MB": 0,
  "peak_gpu_0_memory_MB": 979.04736328125,
  "training_duration": "0:42:37.712908",
  "training_start_epoch": 0,
  "training_epochs": 29,
  "epoch": 29,
  "training_accuracy": 0.9952608031588097,
  "training_accuracy3": 0.9958304889967144,
  "training_precision-overall": 0.9767966621253406,
  "training_recall-overall": 0.976339418698668,
  "training_f1-measure-overall": 0.976567986889941,
  "training_loss": 1.3841601952114988,
  "training_worker_0_memory_MB": 0.0,
  "training_gpu_0_memory_MB": 979.04736328125,
  "validation_accuracy": 0.9797515673065691,
  "validation_accuracy3": 0.9827109536233013,
  "validation_precision-overall": 0.9136166522116218,
  "validation_recall-overall": 0.8864018848872434,
  "validation_f1-measure-overall": 0.8998035363457262,
  "validation_loss": 12.344063823406513,
  "best_validation_accuracy": 0.9798294458938515,
  "best_validation_accuracy3": 0.9825357268019158,
  "best_validation_precision-overall": 0.9125995154032537,
  "best_validation_recall-overall": 0.8874116459104678,
  "best_validation_f1-measure-overall": 0.8998293515357862,
  "best_validation_loss": 12.01417644060575
}