{
  "best_epoch": 103,
  "peak_worker_0_memory_MB": 0,
  "peak_gpu_0_memory_MB": 979.04736328125,
  "training_duration": "2:48:41.332340",
  "training_start_epoch": 0,
  "training_epochs": 118,
  "epoch": 118,
  "training_accuracy": 0.999184759921619,
  "training_accuracy3": 0.9992731594481905,
  "training_precision-overall": 0.9962542033797301,
  "training_recall-overall": 0.9959998297799907,
  "training_f1-measure-overall": 0.9961270003404336,
  "training_loss": 0.2411041731511995,
  "training_worker_0_memory_MB": 0.0,
  "training_gpu_0_memory_MB": 979.04736328125,
  "validation_accuracy": 0.9816011837545267,
  "validation_accuracy3": 0.9841322378412055,
  "validation_precision-overall": 0.9226097518653479,
  "validation_recall-overall": 0.8948165600807809,
  "validation_f1-measure-overall": 0.9085006407517656,
  "validation_loss": 16.88998675419734,
  "best_validation_accuracy": 0.9819711070441183,
  "best_validation_accuracy3": 0.9842685253689498,
  "best_validation_precision-overall": 0.9217511203033437,
  "best_validation_recall-overall": 0.9000336587007741,
  "best_validation_f1-measure-overall": 0.9107629427792417,
  "best_validation_loss": 16.463754956172064
}