{
  "best_epoch": 27,
  "peak_worker_0_memory_MB": 0,
  "peak_gpu_0_memory_MB": 979.04736328125,
  "training_duration": "0:41:12.640753",
  "training_start_epoch": 0,
  "training_epochs": 28,
  "epoch": 28,
  "training_accuracy": 0.9952362477347622,
  "training_accuracy3": 0.9958943330992382,
  "training_precision-overall": 0.9767035775127768,
  "training_recall-overall": 0.9759138686752628,
  "training_f1-measure-overall": 0.9763085634006184,
  "training_loss": 1.4255774764403755,
  "training_worker_0_memory_MB": 0.0,
  "training_gpu_0_memory_MB": 979.04736328125,
  "validation_accuracy": 0.979654219072466,
  "validation_accuracy3": 0.9825941357423776,
  "validation_precision-overall": 0.9098601277844932,
  "validation_recall-overall": 0.8867384718949849,
  "validation_f1-measure-overall": 0.898150515639599,
  "validation_loss": 12.646527774517352,
  "best_validation_accuracy": 0.9798294458938515,
  "best_validation_accuracy3": 0.9825357268019158,
  "best_validation_precision-overall": 0.9125995154032537,
  "best_validation_recall-overall": 0.8874116459104678,
  "best_validation_f1-measure-overall": 0.8998293515357862,
  "best_validation_loss": 12.01417644060575
}