{
  "best_epoch": 78,
  "peak_worker_0_memory_MB": 0,
  "peak_gpu_0_memory_MB": 979.04736328125,
  "training_duration": "1:52:03.783895",
  "training_start_epoch": 0,
  "training_epochs": 78,
  "epoch": 78,
  "training_accuracy": 0.9987771398824287,
  "training_accuracy3": 0.998949027850762,
  "training_precision-overall": 0.9940387481371088,
  "training_recall-overall": 0.9934465296395592,
  "training_f1-measure-overall": 0.9937425506554924,
  "training_loss": 0.3623797688195714,
  "training_worker_0_memory_MB": 0.0,
  "training_gpu_0_memory_MB": 979.04736328125,
  "validation_accuracy": 0.9815427748140648,
  "validation_accuracy3": 0.9841322378412055,
  "validation_precision-overall": 0.9186347181520428,
  "validation_recall-overall": 0.8968360821272299,
  "validation_f1-measure-overall": 0.9076045303584616,
  "validation_loss": 16.29958917764517,
  "best_validation_accuracy": 0.9815427748140648,
  "best_validation_accuracy3": 0.9841322378412055,
  "best_validation_precision-overall": 0.9186347181520428,
  "best_validation_recall-overall": 0.8968360821272299,
  "best_validation_f1-measure-overall": 0.9076045303584616,
  "best_validation_loss": 16.29958917764517
}