{
  "best_epoch": 82,
  "peak_worker_0_memory_MB": 0,
  "peak_gpu_0_memory_MB": 979.04736328125,
  "training_duration": "2:18:58.275557",
  "training_start_epoch": 0,
  "training_epochs": 97,
  "epoch": 97,
  "training_accuracy": 0.9989293835115238,
  "training_accuracy3": 0.9991012714798572,
  "training_precision-overall": 0.9948493104035416,
  "training_recall-overall": 0.9945529597004128,
  "training_f1-measure-overall": 0.9947011129790312,
  "training_loss": 0.31701230765237504,
  "training_worker_0_memory_MB": 0.0,
  "training_gpu_0_memory_MB": 979.04736328125,
  "validation_accuracy": 0.9816011837545267,
  "validation_accuracy3": 0.9843269343094116,
  "validation_precision-overall": 0.9172971114167813,
  "validation_recall-overall": 0.8978458431504543,
  "validation_f1-measure-overall": 0.9074672563360615,
  "validation_loss": 16.13711888239934,
  "best_validation_accuracy": 0.9813286086990382,
  "best_validation_accuracy3": 0.984015419960282,
  "best_validation_precision-overall": 0.9193854652166408,
  "best_validation_recall-overall": 0.8963312016156176,
  "best_validation_f1-measure-overall": 0.9077119727310962,
  "best_validation_loss": 15.969168470822847
}