{
  "best_epoch": 82,
  "peak_worker_0_memory_MB": 0,
  "peak_gpu_0_memory_MB": 979.04736328125,
  "training_duration": "2:03:23.313218",
  "training_start_epoch": 0,
  "training_epochs": 86,
  "epoch": 86,
  "training_accuracy": 0.9988164285609048,
  "training_accuracy3": 0.9989392056811429,
  "training_precision-overall": 0.994124659400545,
  "training_recall-overall": 0.9936593046512617,
  "training_f1-measure-overall": 0.9938919275543799,
  "training_loss": 0.3637199405249327,
  "training_worker_0_memory_MB": 0.0,
  "training_gpu_0_memory_MB": 979.04736328125,
  "validation_accuracy": 0.9811728515244733,
  "validation_accuracy3": 0.9837233752579728,
  "validation_precision-overall": 0.914349467902506,
  "validation_recall-overall": 0.8964994951194883,
  "validation_f1-measure-overall": 0.9053365057783321,
  "validation_loss": 15.268537066533016,
  "best_validation_accuracy": 0.9813286086990382,
  "best_validation_accuracy3": 0.984015419960282,
  "best_validation_precision-overall": 0.9193854652166408,
  "best_validation_recall-overall": 0.8963312016156176,
  "best_validation_f1-measure-overall": 0.9077119727310962,
  "best_validation_loss": 15.969168470822847
}