{
  "best_epoch": 1,
  "peak_worker_0_memory_MB": 0,
  "peak_gpu_0_memory_MB": 979.04736328125,
  "training_duration": "0:02:52.719183",
  "training_start_epoch": 0,
  "training_epochs": 1,
  "epoch": 1,
  "training_accuracy": 0.9437877232701931,
  "training_accuracy3": 0.9523526551780023,
  "training_precision-overall": 0.7335123712247953,
  "training_recall-overall": 0.7090088939954892,
  "training_f1-measure-overall": 0.7210525176897776,
  "training_loss": 19.54512168096902,
  "training_worker_0_memory_MB": 0.0,
  "training_gpu_0_memory_MB": 979.04736328125,
  "validation_accuracy": 0.9517931544721778,
  "validation_accuracy3": 0.9591526809703672,
  "validation_precision-overall": 0.7544006705783739,
  "validation_recall-overall": 0.7573207674183776,
  "validation_f1-measure-overall": 0.7558578987149918,
  "validation_loss": 18.5885648727417,
  "best_validation_accuracy": 0.9517931544721778,
  "best_validation_accuracy3": 0.9591526809703672,
  "best_validation_precision-overall": 0.7544006705783739,
  "best_validation_recall-overall": 0.7573207674183776,
  "best_validation_f1-measure-overall": 0.7558578987149918,
  "best_validation_loss": 18.5885648727417
}