{
  "best_epoch": 19,
  "peak_worker_0_memory_MB": 0,
  "peak_gpu_0_memory_MB": 979.04736328125,
  "training_duration": "0:28:26.136330",
  "training_start_epoch": 0,
  "training_epochs": 19,
  "epoch": 19,
  "training_accuracy": 0.9917002666719051,
  "training_accuracy3": 0.9928543716021432,
  "training_precision-overall": 0.9606930988860911,
  "training_recall-overall": 0.9579131026852207,
  "training_f1-measure-overall": 0.9593010867248596,
  "training_loss": 2.406947849144715,
  "training_worker_0_memory_MB": 0.0,
  "training_gpu_0_memory_MB": 979.04736328125,
  "validation_accuracy": 0.9790701296678478,
  "validation_accuracy3": 0.9819905766909388,
  "validation_precision-overall": 0.9070689655172414,
  "validation_recall-overall": 0.8853921238640189,
  "validation_f1-measure-overall": 0.8960994719808733,
  "validation_loss": 11.097849917778602,
  "best_validation_accuracy": 0.9790701296678478,
  "best_validation_accuracy3": 0.9819905766909388,
  "best_validation_precision-overall": 0.9070689655172414,
  "best_validation_recall-overall": 0.8853921238640189,
  "best_validation_f1-measure-overall": 0.8960994719808733,
  "best_validation_loss": 11.097849917778602
}