{
  "best_epoch": 82,
  "peak_worker_0_memory_MB": 0,
  "peak_gpu_0_memory_MB": 979.04736328125,
  "training_duration": "2:07:38.045868",
  "training_start_epoch": 0,
  "training_epochs": 89,
  "epoch": 89,
  "training_accuracy": 0.9987918731368572,
  "training_accuracy3": 0.998958850020381,
  "training_precision-overall": 0.9939559036349707,
  "training_recall-overall": 0.9937444146559428,
  "training_f1-measure-overall": 0.9938501478943172,
  "training_loss": 0.34956490187458295,
  "training_worker_0_memory_MB": 0.0,
  "training_gpu_0_memory_MB": 979.04736328125,
  "validation_accuracy": 0.981289669405397,
  "validation_accuracy3": 0.984015419960282,
  "validation_precision-overall": 0.9148644009612084,
  "validation_recall-overall": 0.8970043756311007,
  "validation_f1-measure-overall": 0.9058463630183049,
  "validation_loss": 16.146884764157807,
  "best_validation_accuracy": 0.9813286086990382,
  "best_validation_accuracy3": 0.984015419960282,
  "best_validation_precision-overall": 0.9193854652166408,
  "best_validation_recall-overall": 0.8963312016156176,
  "best_validation_f1-measure-overall": 0.9077119727310962,
  "best_validation_loss": 15.969168470822847
}