{
  "best_epoch": 103,
  "peak_worker_0_memory_MB": 0,
  "peak_gpu_0_memory_MB": 979.04736328125,
  "training_duration": "2:35:57.492672",
  "training_start_epoch": 0,
  "training_epochs": 109,
  "epoch": 109,
  "training_accuracy": 0.999278070533,
  "training_accuracy3": 0.9993566478899524,
  "training_precision-overall": 0.9962135715805148,
  "training_recall-overall": 0.9964679348057364,
  "training_f1-measure-overall": 0.9963407369585067,
  "training_loss": 0.22002218728387907,
  "training_worker_0_memory_MB": 0.0,
  "training_gpu_0_memory_MB": 979.04736328125,
  "validation_accuracy": 0.9805887621198551,
  "validation_accuracy3": 0.9834313305556637,
  "validation_precision-overall": 0.9203478260869565,
  "validation_recall-overall": 0.8906092224840121,
  "validation_f1-measure-overall": 0.9052343482722729,
  "validation_loss": 18.247558868114766,
  "best_validation_accuracy": 0.9819711070441183,
  "best_validation_accuracy3": 0.9842685253689498,
  "best_validation_precision-overall": 0.9217511203033437,
  "best_validation_recall-overall": 0.9000336587007741,
  "best_validation_f1-measure-overall": 0.9107629427792417,
  "best_validation_loss": 16.463754956172064
}