{
  "best_epoch": 54,
  "peak_worker_0_memory_MB": 0,
  "peak_gpu_0_memory_MB": 979.04736328125,
  "training_duration": "1:42:09.368353",
  "training_start_epoch": 0,
  "training_epochs": 71,
  "epoch": 71,
  "training_accuracy": 0.9985806964900477,
  "training_accuracy3": 0.9987918731368572,
  "training_precision-overall": 0.9931049159395616,
  "training_recall-overall": 0.9929358696114728,
  "training_f1-measure-overall": 0.9930203855810881,
  "training_loss": 0.4234825602629855,
  "training_worker_0_memory_MB": 0.0,
  "training_gpu_0_memory_MB": 979.04736328125,
  "validation_accuracy": 0.9809002764689848,
  "validation_accuracy3": 0.9837039056111522,
  "validation_precision-overall": 0.9129314786192684,
  "validation_recall-overall": 0.8946482665769101,
  "validation_f1-measure-overall": 0.9036974075647609,
  "validation_loss": 15.29679183959961,
  "best_validation_accuracy": 0.981192321171294,
  "best_validation_accuracy3": 0.9838986020793583,
  "best_validation_precision-overall": 0.9172841633637774,
  "best_validation_recall-overall": 0.8958263211040054,
  "best_validation_f1-measure-overall": 0.9064282673477577,
  "best_validation_loss": 14.500312375288743
}