{
  "best_epoch": 54,
  "peak_worker_0_memory_MB": 0,
  "peak_gpu_0_memory_MB": 979.04736328125,
  "training_duration": "1:35:04.468517",
  "training_start_epoch": 0,
  "training_epochs": 66,
  "epoch": 66,
  "training_accuracy": 0.9985561410660001,
  "training_accuracy3": 0.9987083846950953,
  "training_precision-overall": 0.99306058154881,
  "training_recall-overall": 0.9926379845950891,
  "training_f1-measure-overall": 0.9928492381032956,
  "training_loss": 0.43520734725897847,
  "training_worker_0_memory_MB": 0.0,
  "training_gpu_0_memory_MB": 979.04736328125,
  "validation_accuracy": 0.9805887621198551,
  "validation_accuracy3": 0.9832561037342783,
  "validation_precision-overall": 0.9189798750867453,
  "validation_recall-overall": 0.8914506900033659,
  "validation_f1-measure-overall": 0.9050059798393486,
  "validation_loss": 15.489396195044884,
  "best_validation_accuracy": 0.981192321171294,
  "best_validation_accuracy3": 0.9838986020793583,
  "best_validation_precision-overall": 0.9172841633637774,
  "best_validation_recall-overall": 0.8958263211040054,
  "best_validation_f1-measure-overall": 0.9064282673477577,
  "best_validation_loss": 14.500312375288743
}