{
  "best_epoch": 9,
  "peak_worker_0_memory_MB": 0,
  "peak_gpu_0_memory_MB": 979.04736328125,
  "training_duration": "0:14:13.998802",
  "training_start_epoch": 0,
  "training_epochs": 9,
  "epoch": 9,
  "training_accuracy": 0.981991052003477,
  "training_accuracy3": 0.9847216151575722,
  "training_precision-overall": 0.914462118938387,
  "training_recall-overall": 0.9076130899187199,
  "training_f1-measure-overall": 0.9110247319635568,
  "training_loss": 5.70815129432814,
  "training_worker_0_memory_MB": 0.0,
  "training_gpu_0_memory_MB": 979.04736328125,
  "validation_accuracy": 0.9754293057123944,
  "validation_accuracy3": 0.9794400529574393,
  "validation_precision-overall": 0.8830389298576573,
  "validation_recall-overall": 0.8665432514304948,
  "validation_f1-measure-overall": 0.8747133271043414,
  "validation_loss": 10.456662918971135,
  "best_validation_accuracy": 0.9754293057123944,
  "best_validation_accuracy3": 0.9794400529574393,
  "best_validation_precision-overall": 0.8830389298576573,
  "best_validation_recall-overall": 0.8665432514304948,
  "best_validation_f1-measure-overall": 0.8747133271043414,
  "best_validation_loss": 10.456662918971135
}