{
  "best_epoch": 103,
  "peak_worker_0_memory_MB": 0,
  "peak_gpu_0_memory_MB": 979.04736328125,
  "training_duration": "2:27:27.798901",
  "training_start_epoch": 0,
  "training_epochs": 103,
  "epoch": 103,
  "training_accuracy": 0.9990963603950477,
  "training_accuracy3": 0.9991994931760476,
  "training_precision-overall": 0.9957425068119891,
  "training_recall-overall": 0.9952763947402017,
  "training_f1-measure-overall": 0.9955093962159247,
  "training_loss": 0.2660665878621709,
  "training_worker_0_memory_MB": 0.0,
  "training_gpu_0_memory_MB": 979.04736328125,
  "validation_accuracy": 0.9819711070441183,
  "validation_accuracy3": 0.9842685253689498,
  "validation_precision-overall": 0.9217511203033437,
  "validation_recall-overall": 0.9000336587007741,
  "validation_f1-measure-overall": 0.9107629427792417,
  "validation_loss": 16.463754956172064,
  "best_validation_accuracy": 0.9819711070441183,
  "best_validation_accuracy3": 0.9842685253689498,
  "best_validation_precision-overall": 0.9217511203033437,
  "best_validation_recall-overall": 0.9000336587007741,
  "best_validation_f1-measure-overall": 0.9107629427792417,
  "best_validation_loss": 16.463754956172064
}