{
  "best_epoch": 39,
  "peak_worker_0_memory_MB": 0,
  "peak_gpu_0_memory_MB": 979.04736328125,
  "training_duration": "1:08:10.075319",
  "training_start_epoch": 0,
  "training_epochs": 47,
  "epoch": 47,
  "training_accuracy": 0.9976525014610478,
  "training_accuracy3": 0.9979226111255716,
  "training_precision-overall": 0.9890568447945497,
  "training_recall-overall": 0.9884675943657177,
  "training_f1-measure-overall": 0.9887621317894953,
  "training_loss": 0.741065787929657,
  "training_worker_0_memory_MB": 0.0,
  "training_gpu_0_memory_MB": 979.04736328125,
  "validation_accuracy": 0.9798489155406721,
  "validation_accuracy3": 0.9826525446828395,
  "validation_precision-overall": 0.9119018828813267,
  "validation_recall-overall": 0.8884214069336923,
  "validation_f1-measure-overall": 0.9000085244224204,
  "validation_loss": 14.44999800168551,
  "best_validation_accuracy": 0.9803745960048285,
  "best_validation_accuracy3": 0.9833729216152018,
  "best_validation_precision-overall": 0.9172580924355201,
  "best_validation_recall-overall": 0.8917872770111074,
  "best_validation_f1-measure-overall": 0.9043433740079712,
  "best_validation_loss": 13.777710700401894
}