{
  "best_epoch": 30,
  "peak_worker_0_memory_MB": 0,
  "peak_gpu_0_memory_MB": 979.04736328125,
  "training_duration": "0:48:18.481406",
  "training_start_epoch": 0,
  "training_epochs": 33,
  "epoch": 33,
  "training_accuracy": 0.9961153319156668,
  "training_accuracy3": 0.996547507378905,
  "training_precision-overall": 0.9812750021278407,
  "training_recall-overall": 0.9812332439678284,
  "training_f1-measure-overall": 0.9812541226035205,
  "training_loss": 1.116117571935959,
  "training_worker_0_memory_MB": 0.0,
  "training_gpu_0_memory_MB": 979.04736328125,
  "validation_accuracy": 0.980199369183443,
  "validation_accuracy3": 0.983119816206534,
  "validation_precision-overall": 0.9161033107990987,
  "validation_recall-overall": 0.8894311679569169,
  "validation_f1-measure-overall": 0.9025702331141163,
  "validation_loss": 13.154282770890456,
  "best_validation_accuracy": 0.9805303531793933,
  "best_validation_accuracy3": 0.9833339823215607,
  "best_validation_precision-overall": 0.9111949254243099,
  "best_validation_recall-overall": 0.8944799730730394,
  "best_validation_f1-measure-overall": 0.9027600849256402,
  "best_validation_loss": 12.246680717468262
}