{
  "best_epoch": 4,
  "peak_worker_0_memory_MB": 0,
  "peak_gpu_0_memory_MB": 979.04736328125,
  "training_duration": "0:07:08.563057",
  "training_start_epoch": 0,
  "training_epochs": 4,
  "epoch": 4,
  "training_accuracy": 0.9663983577332397,
  "training_accuracy3": 0.9713929309845252,
  "training_precision-overall": 0.8426655127650368,
  "training_recall-overall": 0.8287161155793864,
  "training_f1-measure-overall": 0.8356326031452653,
  "training_loss": 10.800254361230708,
  "training_worker_0_memory_MB": 0.0,
  "training_gpu_0_memory_MB": 979.04736328125,
  "validation_accuracy": 0.9673688719286632,
  "validation_accuracy3": 0.9720610568124294,
  "validation_precision-overall": 0.8327979712595097,
  "validation_recall-overall": 0.8290138000673174,
  "validation_f1-measure-overall": 0.8309015771273853,
  "validation_loss": 12.667073412675125,
  "best_validation_accuracy": 0.9673688719286632,
  "best_validation_accuracy3": 0.9720610568124294,
  "best_validation_precision-overall": 0.8327979712595097,
  "best_validation_recall-overall": 0.8290138000673174,
  "best_validation_f1-measure-overall": 0.8309015771273853,
  "best_validation_loss": 12.667073412675125
}