{
  "best_epoch": 52,
  "peak_worker_0_memory_MB": 0,
  "peak_gpu_0_memory_MB": 979.04736328125,
  "training_duration": "1:15:14.590637",
  "training_start_epoch": 0,
  "training_epochs": 52,
  "epoch": 52,
  "training_accuracy": 0.9980257439065715,
  "training_accuracy3": 0.9982123651293334,
  "training_precision-overall": 0.9907194550872712,
  "training_recall-overall": 0.9903400144687008,
  "training_f1-measure-overall": 0.9905296984400105,
  "training_loss": 0.5795008571122465,
  "training_worker_0_memory_MB": 0.0,
  "training_gpu_0_memory_MB": 979.04736328125,
  "validation_accuracy": 0.9810365639967291,
  "validation_accuracy3": 0.9838401931388965,
  "validation_precision-overall": 0.9187413554633471,
  "validation_recall-overall": 0.8943116795691687,
  "validation_f1-measure-overall": 0.9063619307521247,
  "validation_loss": 14.490215198810285,
  "best_validation_accuracy": 0.9810365639967291,
  "best_validation_accuracy3": 0.9838401931388965,
  "best_validation_precision-overall": 0.9187413554633471,
  "best_validation_recall-overall": 0.8943116795691687,
  "best_validation_f1-measure-overall": 0.9063619307521247,
  "best_validation_loss": 14.490215198810285
}