{
  "best_epoch": 39,
  "peak_worker_0_memory_MB": 0,
  "peak_gpu_0_memory_MB": 979.04736328125,
  "training_duration": "1:01:04.582993",
  "training_start_epoch": 0,
  "training_epochs": 42,
  "epoch": 42,
  "training_accuracy": 0.9970238826054287,
  "training_accuracy3": 0.997392213966143,
  "training_precision-overall": 0.98586933390083,
  "training_recall-overall": 0.9857015192135835,
  "training_f1-measure-overall": 0.9857854194151944,
  "training_loss": 0.8903677811402019,
  "training_worker_0_memory_MB": 0.0,
  "training_gpu_0_memory_MB": 979.04736328125,
  "validation_accuracy": 0.9796736887192866,
  "validation_accuracy3": 0.9824578482146333,
  "validation_precision-overall": 0.9196209196209196,
  "validation_recall-overall": 0.8818579602827331,
  "validation_f1-measure-overall": 0.9003436426116339,
  "validation_loss": 14.754807372459998,
  "best_validation_accuracy": 0.9803745960048285,
  "best_validation_accuracy3": 0.9833729216152018,
  "best_validation_precision-overall": 0.9172580924355201,
  "best_validation_recall-overall": 0.8917872770111074,
  "best_validation_f1-measure-overall": 0.9043433740079712,
  "best_validation_loss": 13.777710700401894
}