{
  "best_epoch": 20,
  "peak_worker_0_memory_MB": 0,
  "peak_gpu_0_memory_MB": 979.04736328125,
  "training_duration": "0:36:57.180959",
  "training_start_epoch": 0,
  "training_epochs": 25,
  "epoch": 25,
  "training_accuracy": 0.994258941857667,
  "training_accuracy3": 0.9950987373600955,
  "training_precision-overall": 0.9724864565115386,
  "training_recall-overall": 0.9701689433592919,
  "training_f1-measure-overall": 0.971326317583351,
  "training_loss": 1.6093781825910685,
  "training_worker_0_memory_MB": 0.0,
  "training_gpu_0_memory_MB": 979.04736328125,
  "validation_accuracy": 0.9794400529574393,
  "validation_accuracy3": 0.9823604999805303,
  "validation_precision-overall": 0.9079786317422023,
  "validation_recall-overall": 0.8867384718949849,
  "validation_f1-measure-overall": 0.8972328650489071,
  "validation_loss": 12.136933393478394,
  "best_validation_accuracy": 0.9797126280129278,
  "best_validation_accuracy3": 0.982574666095557,
  "best_validation_precision-overall": 0.91028522039758,
  "best_validation_recall-overall": 0.8862335913833727,
  "best_validation_f1-measure-overall": 0.8980984053892228,
  "best_validation_loss": 11.348183199075551
}