{
  "best_epoch": 20,
  "peak_worker_0_memory_MB": 0,
  "peak_gpu_0_memory_MB": 979.04736328125,
  "training_duration": "0:35:32.205595",
  "training_start_epoch": 0,
  "training_epochs": 24,
  "epoch": 24,
  "training_accuracy": 0.994052676295667,
  "training_accuracy3": 0.9948630052892383,
  "training_precision-overall": 0.9709614238269607,
  "training_recall-overall": 0.970424273373335,
  "training_f1-measure-overall": 0.970692774289617,
  "training_loss": 1.7593402348379223,
  "training_worker_0_memory_MB": 0.0,
  "training_gpu_0_memory_MB": 979.04736328125,
  "validation_accuracy": 0.9791090689614891,
  "validation_accuracy3": 0.9821658035123243,
  "validation_precision-overall": 0.9096897209221703,
  "validation_recall-overall": 0.8832043083136991,
  "validation_f1-measure-overall": 0.8962513875842726,
  "validation_loss": 12.279551040942852,
  "best_validation_accuracy": 0.9797126280129278,
  "best_validation_accuracy3": 0.982574666095557,
  "best_validation_precision-overall": 0.91028522039758,
  "best_validation_recall-overall": 0.8862335913833727,
  "best_validation_f1-measure-overall": 0.8980984053892228,
  "best_validation_loss": 11.348183199075551
}