{
  "best_epoch": 103,
  "peak_worker_0_memory_MB": 0,
  "peak_gpu_0_memory_MB": 979.04736328125,
  "training_duration": "3:02:50.773517",
  "training_start_epoch": 0,
  "training_epochs": 128,
  "epoch": 128,
  "training_accuracy": 0.9993075370418572,
  "training_accuracy3": 0.9994008476532381,
  "training_precision-overall": 0.9963825169170533,
  "training_recall-overall": 0.9962977147963743,
  "training_f1-measure-overall": 0.9963401140522098,
  "training_loss": 0.20379910418147293,
  "training_worker_0_memory_MB": 0.0,
  "training_gpu_0_memory_MB": 979.04736328125,
  "validation_accuracy": 0.9812117908181146,
  "validation_accuracy3": 0.9838207234920758,
  "validation_precision-overall": 0.9147659063625451,
  "validation_recall-overall": 0.8976775496465836,
  "validation_f1-measure-overall": 0.9061411704747654,
  "validation_loss": 17.182879937978893,
  "best_validation_accuracy": 0.9819711070441183,
  "best_validation_accuracy3": 0.9842685253689498,
  "best_validation_precision-overall": 0.9217511203033437,
  "best_validation_recall-overall": 0.9000336587007741,
  "best_validation_f1-measure-overall": 0.9107629427792417,
  "best_validation_loss": 16.463754956172064,
  "test_accuracy": 0.9664692581027242,
  "test_accuracy3": 0.9719608054269409,
  "test_precision-overall": 0.8579473206176204,
  "test_recall-overall": 0.8362252124645893,
  "test_f1-measure-overall": 0.8469470097731053,
  "test_loss": 27.933054345191557
}