{
  "best_epoch": 82,
  "peak_worker_0_memory_MB": 0,
  "peak_gpu_0_memory_MB": 979.04736328125,
  "training_duration": "1:57:43.605394",
  "training_start_epoch": 0,
  "training_epochs": 82,
  "epoch": 82,
  "training_accuracy": 0.9988753615786191,
  "training_accuracy3": 0.9989932276140476,
  "training_precision-overall": 0.9948076268300987,
  "training_recall-overall": 0.9946806247074343,
  "training_f1-measure-overall": 0.994744121715026,
  "training_loss": 0.3287801586436207,
  "training_worker_0_memory_MB": 0.0,
  "training_gpu_0_memory_MB": 979.04736328125,
  "validation_accuracy": 0.9813286086990382,
  "validation_accuracy3": 0.984015419960282,
  "validation_precision-overall": 0.9193854652166408,
  "validation_recall-overall": 0.8963312016156176,
  "validation_f1-measure-overall": 0.9077119727310962,
  "validation_loss": 15.969168470822847,
  "best_validation_accuracy": 0.9813286086990382,
  "best_validation_accuracy3": 0.984015419960282,
  "best_validation_precision-overall": 0.9193854652166408,
  "best_validation_recall-overall": 0.8963312016156176,
  "best_validation_f1-measure-overall": 0.9077119727310962,
  "best_validation_loss": 15.969168470822847
}