{
  "best_epoch": 0,
  "peak_worker_0_memory_MB": 0,
  "peak_gpu_0_memory_MB": 33.90478515625,
  "training_duration": "0:01:27.779879",
  "training_start_epoch": 0,
  "training_epochs": 0,
  "epoch": 0,
  "training_accuracy": 0.8938469018421479,
  "training_accuracy3": 0.9064340122089568,
  "training_precision-overall": 0.5943647882627543,
  "training_recall-overall": 0.45512575003191624,
  "training_f1-measure-overall": 0.5155086400115191,
  "training_loss": 45.1621375861117,
  "training_worker_0_memory_MB": 0.0,
  "training_gpu_0_memory_MB": 33.90478515625,
  "validation_accuracy": 0.9365484210116428,
  "validation_accuracy3": 0.9464974105369729,
  "validation_precision-overall": 0.6720305242203053,
  "validation_recall-overall": 0.6817569841804106,
  "validation_f1-measure-overall": 0.6768588137008691,
  "validation_loss": 24.6504334963285,
  "best_validation_accuracy": 0.9365484210116428,
  "best_validation_accuracy3": 0.9464974105369729,
  "best_validation_precision-overall": 0.6720305242203053,
  "best_validation_recall-overall": 0.6817569841804106,
  "best_validation_f1-measure-overall": 0.6768588137008691,
  "best_validation_loss": 24.6504334963285
}