{
  "best_epoch": 103,
  "peak_worker_0_memory_MB": 0,
  "peak_gpu_0_memory_MB": 979.04736328125,
  "training_duration": "2:40:12.122485",
  "training_start_epoch": 0,
  "training_epochs": 112,
  "epoch": 112,
  "training_accuracy": 0.999278070533,
  "training_accuracy3": 0.9993959365684286,
  "training_precision-overall": 0.9962977147963743,
  "training_recall-overall": 0.9962977147963743,
  "training_f1-measure-overall": 0.9962977147963243,
  "training_loss": 0.2233853520023441,
  "training_worker_0_memory_MB": 0.0,
  "training_gpu_0_memory_MB": 979.04736328125,
  "validation_accuracy": 0.981289669405397,
  "validation_accuracy3": 0.9839180717261788,
  "validation_precision-overall": 0.9209342560553633,
  "validation_recall-overall": 0.8958263211040054,
  "validation_f1-measure-overall": 0.9082067906500098,
  "validation_loss": 16.93711231671847,
  "best_validation_accuracy": 0.9819711070441183,
  "best_validation_accuracy3": 0.9842685253689498,
  "best_validation_precision-overall": 0.9217511203033437,
  "best_validation_recall-overall": 0.9000336587007741,
  "best_validation_f1-measure-overall": 0.9107629427792417,
  "best_validation_loss": 16.463754956172064
}