{
  "best_epoch": 39,
  "peak_worker_0_memory_MB": 0,
  "peak_gpu_0_memory_MB": 979.04736328125,
  "training_duration": "0:59:39.478405",
  "training_start_epoch": 0,
  "training_epochs": 41,
  "epoch": 41,
  "training_accuracy": 0.9968470835522859,
  "training_accuracy3": 0.9971712151497144,
  "training_precision-overall": 0.9851000425713069,
  "training_recall-overall": 0.9847227541597515,
  "training_f1-measure-overall": 0.9849113622336643,
  "training_loss": 0.8839120247185867,
  "training_worker_0_memory_MB": 0.0,
  "training_gpu_0_memory_MB": 979.04736328125,
  "validation_accuracy": 0.9801409602429811,
  "validation_accuracy3": 0.9831587555001752,
  "validation_precision-overall": 0.9189565217391304,
  "validation_recall-overall": 0.8892628744530461,
  "validation_f1-measure-overall": 0.9038658912076133,
  "validation_loss": 13.858972681485689,
  "best_validation_accuracy": 0.9803745960048285,
  "best_validation_accuracy3": 0.9833729216152018,
  "best_validation_precision-overall": 0.9172580924355201,
  "best_validation_recall-overall": 0.8917872770111074,
  "best_validation_f1-measure-overall": 0.9043433740079712,
  "best_validation_loss": 13.777710700401894
}