{
  "best_epoch": 103,
  "peak_worker_0_memory_MB": 0,
  "peak_gpu_0_memory_MB": 979.04736328125,
  "training_duration": "2:33:07.625463",
  "training_start_epoch": 0,
  "training_epochs": 107,
  "epoch": 107,
  "training_accuracy": 0.9990226941229048,
  "training_accuracy3": 0.9991356490735238,
  "training_precision-overall": 0.9954446762314275,
  "training_recall-overall": 0.9950210647261586,
  "training_f1-measure-overall": 0.9952328254021805,
  "training_loss": 0.2567352692003352,
  "training_worker_0_memory_MB": 0.0,
  "training_gpu_0_memory_MB": 979.04736328125,
  "validation_accuracy": 0.9807639889412406,
  "validation_accuracy3": 0.983470269849305,
  "validation_precision-overall": 0.9222861125631643,
  "validation_recall-overall": 0.8907775159878829,
  "validation_f1-measure-overall": 0.9062580258539009,
  "validation_loss": 17.213445180746227,
  "best_validation_accuracy": 0.9819711070441183,
  "best_validation_accuracy3": 0.9842685253689498,
  "best_validation_precision-overall": 0.9217511203033437,
  "best_validation_recall-overall": 0.9000336587007741,
  "best_validation_f1-measure-overall": 0.9107629427792417,
  "best_validation_loss": 16.463754956172064
}