{
  "best_epoch": 30,
  "peak_worker_0_memory_MB": 0,
  "peak_gpu_0_memory_MB": 979.04736328125,
  "training_duration": "0:45:28.094077",
  "training_start_epoch": 0,
  "training_epochs": 31,
  "epoch": 31,
  "training_accuracy": 0.9959630882865717,
  "training_accuracy3": 0.9964934854460001,
  "training_precision-overall": 0.9802878065395095,
  "training_recall-overall": 0.9798289288905911,
  "training_f1-measure-overall": 0.9800583140016953,
  "training_loss": 1.2236728413673483,
  "training_worker_0_memory_MB": 0.0,
  "training_gpu_0_memory_MB": 979.04736328125,
  "validation_accuracy": 0.9801604298898018,
  "validation_accuracy3": 0.9829640590319692,
  "validation_precision-overall": 0.9101354827645344,
  "validation_recall-overall": 0.8931336250420734,
  "validation_f1-measure-overall": 0.9015544041450277,
  "validation_loss": 12.587391653794509,
  "best_validation_accuracy": 0.9805303531793933,
  "best_validation_accuracy3": 0.9833339823215607,
  "best_validation_precision-overall": 0.9111949254243099,
  "best_validation_recall-overall": 0.8944799730730394,
  "best_validation_f1-measure-overall": 0.9027600849256402,
  "best_validation_loss": 12.246680717468262
}