{
  "best_epoch": 103,
  "peak_worker_0_memory_MB": 0,
  "peak_gpu_0_memory_MB": 979.04736328125,
  "training_duration": "2:31:42.777951",
  "training_start_epoch": 0,
  "training_epochs": 106,
  "epoch": 106,
  "training_accuracy": 0.9992977148722382,
  "training_accuracy3": 0.9993762922291906,
  "training_precision-overall": 0.9965953100395796,
  "training_recall-overall": 0.996510489808077,
  "training_f1-measure-overall": 0.996552898118939,
  "training_loss": 0.23897976552888592,
  "training_worker_0_memory_MB": 0.0,
  "training_gpu_0_memory_MB": 979.04736328125,
  "validation_accuracy": 0.980549822826214,
  "validation_accuracy3": 0.9831003465597135,
  "validation_precision-overall": 0.9122867482336723,
  "validation_recall-overall": 0.8909458094917536,
  "validation_f1-measure-overall": 0.9014899957428194,
  "validation_loss": 17.242597616635837,
  "best_validation_accuracy": 0.9819711070441183,
  "best_validation_accuracy3": 0.9842685253689498,
  "best_validation_precision-overall": 0.9217511203033437,
  "best_validation_recall-overall": 0.9000336587007741,
  "best_validation_f1-measure-overall": 0.9107629427792417,
  "best_validation_loss": 16.463754956172064
}