{
  "best_epoch": 30,
  "peak_worker_0_memory_MB": 0,
  "peak_gpu_0_memory_MB": 979.04736328125,
  "training_duration": "0:46:53.325984",
  "training_start_epoch": 0,
  "training_epochs": 32,
  "epoch": 32,
  "training_accuracy": 0.9961104208308573,
  "training_accuracy3": 0.9966408179902859,
  "training_precision-overall": 0.9812140575079872,
  "training_recall-overall": 0.9802119239116558,
  "training_f1-measure-overall": 0.9807127347042545,
  "training_loss": 1.1761933706833374,
  "training_worker_0_memory_MB": 0.0,
  "training_gpu_0_memory_MB": 979.04736328125,
  "validation_accuracy": 0.9800825513025194,
  "validation_accuracy3": 0.9826525446828395,
  "validation_precision-overall": 0.903895220275557,
  "validation_recall-overall": 0.8943116795691687,
  "validation_f1-measure-overall": 0.89907791219012,
  "validation_loss": 12.800356590564434,
  "best_validation_accuracy": 0.9805303531793933,
  "best_validation_accuracy3": 0.9833339823215607,
  "best_validation_precision-overall": 0.9111949254243099,
  "best_validation_recall-overall": 0.8944799730730394,
  "best_validation_f1-measure-overall": 0.9027600849256402,
  "best_validation_loss": 12.246680717468262
}