{
  "best_epoch": 30,
  "peak_worker_0_memory_MB": 0,
  "peak_gpu_0_memory_MB": 979.04736328125,
  "training_duration": "0:44:02.810806",
  "training_start_epoch": 0,
  "training_epochs": 30,
  "epoch": 30,
  "training_accuracy": 0.995619312349905,
  "training_accuracy3": 0.9962921309688098,
  "training_precision-overall": 0.9785683851725607,
  "training_recall-overall": 0.9773607387548406,
  "training_f1-measure-overall": 0.9779641891459825,
  "training_loss": 1.3403156020887381,
  "training_worker_0_memory_MB": 0.0,
  "training_gpu_0_memory_MB": 979.04736328125,
  "validation_accuracy": 0.9805303531793933,
  "validation_accuracy3": 0.9833339823215607,
  "validation_precision-overall": 0.9111949254243099,
  "validation_recall-overall": 0.8944799730730394,
  "validation_f1-measure-overall": 0.9027600849256402,
  "validation_loss": 12.246680717468262,
  "best_validation_accuracy": 0.9805303531793933,
  "best_validation_accuracy3": 0.9833339823215607,
  "best_validation_precision-overall": 0.9111949254243099,
  "best_validation_recall-overall": 0.8944799730730394,
  "best_validation_f1-measure-overall": 0.9027600849256402,
  "best_validation_loss": 12.246680717468262
}