{
  "best_epoch": 14,
  "peak_worker_0_memory_MB": 0,
  "peak_gpu_0_memory_MB": 3106.154296875,
  "training_duration": "1:03:58.807650",
  "training_start_epoch": 0,
  "training_epochs": 14,
  "epoch": 14,
  "training_accuracy": 0.9387391280860029,
  "training_accuracy3": 0.950540464883288,
  "training_precision-overall": 0.6043904914981812,
  "training_recall-overall": 0.6080684284437635,
  "training_f1-measure-overall": 0.606223881546799,
  "training_loss": 33.8731104226299,
  "training_worker_0_memory_MB": 0.0,
  "training_gpu_0_memory_MB": 3106.154296875,
  "validation_accuracy": 0.9418441649468479,
  "validation_accuracy3": 0.952279895642693,
  "validation_precision-overall": 0.6336235766912257,
  "validation_recall-overall": 0.6368226186469202,
  "validation_f1-measure-overall": 0.6352190700016288,
  "validation_loss": 35.01254319704496,
  "best_validation_accuracy": 0.9418441649468479,
  "best_validation_accuracy3": 0.952279895642693,
  "best_validation_precision-overall": 0.6336235766912257,
  "best_validation_recall-overall": 0.6368226186469202,
  "best_validation_f1-measure-overall": 0.6352190700016288,
  "best_validation_loss": 35.01254319704496
}