{
  "best_epoch": 15,
  "peak_worker_0_memory_MB": 0,
  "peak_gpu_0_memory_MB": 3106.154296875,
  "training_duration": "1:08:08.562786",
  "training_start_epoch": 0,
  "training_epochs": 15,
  "epoch": 15,
  "training_accuracy": 0.9451972046105264,
  "training_accuracy3": 0.9553827945054784,
  "training_precision-overall": 0.6536426364136646,
  "training_recall-overall": 0.6570917911400486,
  "training_f1-measure-overall": 0.6553626756079463,
  "training_loss": 31.058486134132032,
  "training_worker_0_memory_MB": 0.0,
  "training_gpu_0_memory_MB": 3106.154296875,
  "validation_accuracy": 0.9467115766519996,
  "validation_accuracy3": 0.9551808730189635,
  "validation_precision-overall": 0.672754691689008,
  "validation_recall-overall": 0.6756984180410636,
  "validation_f1-measure-overall": 0.674223341729589,
  "validation_loss": 32.27456371013935,
  "best_validation_accuracy": 0.9467115766519996,
  "best_validation_accuracy3": 0.9551808730189635,
  "best_validation_precision-overall": 0.672754691689008,
  "best_validation_recall-overall": 0.6756984180410636,
  "best_validation_f1-measure-overall": 0.674223341729589,
  "best_validation_loss": 32.27456371013935
}