{
  "best_epoch": 0,
  "peak_worker_0_memory_MB": 0,
  "peak_gpu_0_memory_MB": 3106.154296875,
  "training_duration": "0:13:58.794004",
  "training_start_epoch": 0,
  "training_epochs": 2,
  "epoch": 2,
  "training_accuracy": 0.8236822331684845,
  "training_accuracy3": 0.8406009203372933,
  "training_precision-overall": 0.10549245371090711,
  "training_recall-overall": 0.028852291586876036,
  "training_f1-measure-overall": 0.04531176903024094,
  "training_loss": 111.77257263346499,
  "training_worker_0_memory_MB": 0.0,
  "training_gpu_0_memory_MB": 3106.154296875,
  "validation_accuracy": 0.827245823760757,
  "validation_accuracy3": 0.8427436626299599,
  "validation_precision-overall": 0.10751206064782909,
  "validation_recall-overall": 0.026253786603837093,
  "validation_f1-measure-overall": 0.042202083051503685,
  "validation_loss": 107.45942264850324,
  "best_validation_accuracy": 0.822689926404735,
  "best_validation_accuracy3": 0.83536466648495,
  "best_validation_precision-overall": 0.18209687308399755,
  "best_validation_recall-overall": 0.049983170649612926,
  "best_validation_f1-measure-overall": 0.07843655090449546,
  "best_validation_loss": 152.94954743605393
}