{
  "best_epoch": 13,
  "peak_worker_0_memory_MB": 0,
  "peak_gpu_0_memory_MB": 3106.154296875,
  "training_duration": "0:59:49.152687",
  "training_start_epoch": 0,
  "training_epochs": 13,
  "epoch": 13,
  "training_accuracy": 0.9310434581894794,
  "training_accuracy3": 0.9439252336448598,
  "training_precision-overall": 0.5476703417395344,
  "training_recall-overall": 0.5517256053449083,
  "training_f1-measure-overall": 0.5496904943610117,
  "training_loss": 37.00331255787208,
  "training_worker_0_memory_MB": 0.0,
  "training_gpu_0_memory_MB": 3106.154296875,
  "validation_accuracy": 0.9372493282971847,
  "validation_accuracy3": 0.9487753592149838,
  "validation_precision-overall": 0.5983592834421564,
  "validation_recall-overall": 0.6014809828340626,
  "validation_f1-measure-overall": 0.5999160721778771,
  "validation_loss": 37.86201660449688,
  "best_validation_accuracy": 0.9372493282971847,
  "best_validation_accuracy3": 0.9487753592149838,
  "best_validation_precision-overall": 0.5983592834421564,
  "best_validation_recall-overall": 0.6014809828340626,
  "best_validation_f1-measure-overall": 0.5999160721778771,
  "best_validation_loss": 37.86201660449688
}