{
  "best_epoch": 33,
  "peak_worker_0_memory_MB": 0,
  "peak_gpu_0_memory_MB": 3106.154296875,
  "training_duration": "2:23:13.506923",
  "training_start_epoch": 0,
  "training_epochs": 33,
  "epoch": 33,
  "training_accuracy": 0.9907426051340481,
  "training_accuracy3": 0.9927708831603813,
  "training_precision-overall": 0.9494178359704867,
  "training_recall-overall": 0.9473169071024299,
  "training_f1-measure-overall": 0.9483662079835908,
  "training_loss": 6.789782112773203,
  "training_worker_0_memory_MB": 0.0,
  "training_gpu_0_memory_MB": 3106.154296875,
  "validation_accuracy": 0.9868190491024493,
  "validation_accuracy3": 0.9888244227249717,
  "validation_precision-overall": 0.9305951383067896,
  "validation_recall-overall": 0.9341972399865365,
  "validation_f1-measure-overall": 0.932392710170438,
  "validation_loss": 10.831168022889358,
  "best_validation_accuracy": 0.9868190491024493,
  "best_validation_accuracy3": 0.9888244227249717,
  "best_validation_precision-overall": 0.9305951383067896,
  "best_validation_recall-overall": 0.9341972399865365,
  "best_validation_f1-measure-overall": 0.932392710170438,
  "best_validation_loss": 10.831168022889358
}