{
  "best_epoch": 32,
  "peak_worker_0_memory_MB": 0,
  "peak_gpu_0_memory_MB": 3106.154296875,
  "training_duration": "2:19:03.744828",
  "training_start_epoch": 0,
  "training_epochs": 32,
  "epoch": 32,
  "training_accuracy": 0.990320251840429,
  "training_accuracy3": 0.9923976407148575,
  "training_precision-overall": 0.9462695470620819,
  "training_recall-overall": 0.9450614919783821,
  "training_f1-measure-overall": 0.9456651337080068,
  "training_loss": 7.196828140482784,
  "training_worker_0_memory_MB": 0.0,
  "training_gpu_0_memory_MB": 3106.154296875,
  "validation_accuracy": 0.9863128382851135,
  "validation_accuracy3": 0.9883571512012772,
  "validation_precision-overall": 0.9285474672928548,
  "validation_recall-overall": 0.9316728374284753,
  "validation_f1-measure-overall": 0.9301075268816705,
  "validation_loss": 11.06003330230713,
  "best_validation_accuracy": 0.9863128382851135,
  "best_validation_accuracy3": 0.9883571512012772,
  "best_validation_precision-overall": 0.9285474672928548,
  "best_validation_recall-overall": 0.9316728374284753,
  "best_validation_f1-measure-overall": 0.9301075268816705,
  "best_validation_loss": 11.06003330230713
}