{
  "best_epoch": 48,
  "peak_worker_0_memory_MB": 0,
  "peak_gpu_0_memory_MB": 3106.154296875,
  "training_duration": "3:30:02.240104",
  "training_start_epoch": 0,
  "training_epochs": 49,
  "epoch": 49,
  "training_accuracy": 0.9965524184637145,
  "training_accuracy3": 0.9971810373193335,
  "training_precision-overall": 0.9803043867502238,
  "training_recall-overall": 0.9785522788203753,
  "training_f1-measure-overall": 0.9794275491949411,
  "training_loss": 2.8022496725740806,
  "training_worker_0_memory_MB": 0.0,
  "training_gpu_0_memory_MB": 3106.154296875,
  "validation_accuracy": 0.9882792726139947,
  "validation_accuracy3": 0.9899731318873876,
  "validation_precision-overall": 0.9387994634473508,
  "validation_recall-overall": 0.9422753281723325,
  "validation_f1-measure-overall": 0.9405341844447678,
  "validation_loss": 9.457718062767615,
  "best_validation_accuracy": 0.9882598029671742,
  "best_validation_accuracy3": 0.9898368443596434,
  "best_validation_precision-overall": 0.9392821200939282,
  "best_validation_recall-overall": 0.9424436216762033,
  "best_validation_f1-measure-overall": 0.9408602150537136,
  "best_validation_loss": 9.49759961788471
}