{
  "best_epoch": 9,
  "peak_worker_0_memory_MB": 0,
  "peak_gpu_0_memory_MB": 3106.154296875,
  "training_duration": "0:43:05.853485",
  "training_start_epoch": 0,
  "training_epochs": 9,
  "epoch": 9,
  "training_accuracy": 0.9005407104375286,
  "training_accuracy3": 0.9139234165434803,
  "training_precision-overall": 0.3948233194044383,
  "training_recall-overall": 0.41414528277799056,
  "training_f1-measure-overall": 0.4042535515493394,
  "training_loss": 52.63213542178008,
  "training_worker_0_memory_MB": 0.0,
  "training_gpu_0_memory_MB": 3106.154296875,
  "validation_accuracy": 0.9126007554222967,
  "validation_accuracy3": 0.9250418597406643,
  "validation_precision-overall": 0.4489402697495183,
  "validation_recall-overall": 0.47054863682261866,
  "validation_f1-measure-overall": 0.45949055053405025,
  "validation_loss": 53.85931181394137,
  "best_validation_accuracy": 0.9126007554222967,
  "best_validation_accuracy3": 0.9250418597406643,
  "best_validation_precision-overall": 0.4489402697495183,
  "best_validation_recall-overall": 0.47054863682261866,
  "best_validation_f1-measure-overall": 0.45949055053405025,
  "best_validation_loss": 53.85931181394137
}