{
  "best_epoch": 52,
  "peak_worker_0_memory_MB": 0,
  "peak_gpu_0_memory_MB": 3106.154296875,
  "training_duration": "3:42:37.880887",
  "training_start_epoch": 0,
  "training_epochs": 52,
  "epoch": 52,
  "training_accuracy": 0.9971221043016192,
  "training_accuracy3": 0.9976525014610478,
  "training_precision-overall": 0.9836414756752151,
  "training_recall-overall": 0.9825950040427253,
  "training_f1-measure-overall": 0.9831179613820207,
  "training_loss": 2.406854935812356,
  "training_worker_0_memory_MB": 0.0,
  "training_gpu_0_memory_MB": 3106.154296875,
  "validation_accuracy": 0.9885518476694832,
  "validation_accuracy3": 0.9901288890619524,
  "validation_precision-overall": 0.9415617128463476,
  "validation_recall-overall": 0.9436216762032985,
  "validation_f1-measure-overall": 0.9425905690509714,
  "validation_loss": 9.544657206902137,
  "best_validation_accuracy": 0.9885518476694832,
  "best_validation_accuracy3": 0.9901288890619524,
  "best_validation_precision-overall": 0.9415617128463476,
  "best_validation_recall-overall": 0.9436216762032985,
  "best_validation_f1-measure-overall": 0.9425905690509714,
  "best_validation_loss": 9.544657206902137
}