{
  "best_epoch": 18,
  "peak_worker_0_memory_MB": 0,
  "peak_gpu_0_memory_MB": 3106.154296875,
  "training_duration": "1:20:39.248535",
  "training_start_epoch": 0,
  "training_epochs": 18,
  "epoch": 18,
  "training_accuracy": 0.9607751656263352,
  "training_accuracy3": 0.9674591520520968,
  "training_precision-overall": 0.7747143039211521,
  "training_recall-overall": 0.7760330226818163,
  "training_f1-measure-overall": 0.7753731025978495,
  "training_loss": 23.648610502629943,
  "training_worker_0_memory_MB": 0.0,
  "training_gpu_0_memory_MB": 3106.154296875,
  "validation_accuracy": 0.9618589618784316,
  "validation_accuracy3": 0.9677193255714341,
  "validation_precision-overall": 0.7928607340372046,
  "validation_recall-overall": 0.796196566812521,
  "validation_f1-measure-overall": 0.7945251490468893,
  "validation_loss": 25.20914624434251,
  "best_validation_accuracy": 0.9618589618784316,
  "best_validation_accuracy3": 0.9677193255714341,
  "best_validation_precision-overall": 0.7928607340372046,
  "best_validation_recall-overall": 0.796196566812521,
  "best_validation_f1-measure-overall": 0.7945251490468893,
  "best_validation_loss": 25.20914624434251
}