{
  "best_epoch": 31,
  "peak_worker_0_memory_MB": 0,
  "peak_gpu_0_memory_MB": 3106.154296875,
  "training_duration": "2:14:53.615861",
  "training_start_epoch": 0,
  "training_epochs": 31,
  "epoch": 31,
  "training_accuracy": 0.9894411676595243,
  "training_accuracy3": 0.9915922228060956,
  "training_precision-overall": 0.9421005577078633,
  "training_recall-overall": 0.9416996467934806,
  "training_f1-measure-overall": 0.9419000595896325,
  "training_loss": 7.74157384332813,
  "training_worker_0_memory_MB": 0.0,
  "training_gpu_0_memory_MB": 3106.154296875,
  "validation_accuracy": 0.9856703399400335,
  "validation_accuracy3": 0.9878314707371209,
  "validation_precision-overall": 0.9247654155495979,
  "validation_recall-overall": 0.9288118478626725,
  "validation_f1-measure-overall": 0.9267842149453741,
  "validation_loss": 11.379253591390757,
  "best_validation_accuracy": 0.9856703399400335,
  "best_validation_accuracy3": 0.9878314707371209,
  "best_validation_precision-overall": 0.9247654155495979,
  "best_validation_recall-overall": 0.9288118478626725,
  "best_validation_f1-measure-overall": 0.9267842149453741,
  "best_validation_loss": 11.379253591390757
}