{
  "best_epoch": 50,
  "peak_worker_0_memory_MB": 0,
  "peak_gpu_0_memory_MB": 3106.154296875,
  "training_duration": "3:38:25.917335",
  "training_start_epoch": 0,
  "training_epochs": 51,
  "epoch": 51,
  "training_accuracy": 0.9967390396864764,
  "training_accuracy3": 0.9973578363724763,
  "training_precision-overall": 0.9819205185058844,
  "training_recall-overall": 0.9799565938976127,
  "training_f1-measure-overall": 0.9809375732145781,
  "training_loss": 2.580916543532945,
  "training_worker_0_memory_MB": 0.0,
  "training_gpu_0_memory_MB": 3106.154296875,
  "validation_accuracy": 0.9881819243798917,
  "validation_accuracy3": 0.9898563140064639,
  "validation_precision-overall": 0.9378663540445487,
  "validation_recall-overall": 0.9424436216762033,
  "validation_f1-measure-overall": 0.9401494166036604,
  "validation_loss": 9.35872768842257,
  "best_validation_accuracy": 0.9885518476694832,
  "best_validation_accuracy3": 0.9902262372960554,
  "best_validation_precision-overall": 0.9392265193370166,
  "best_validation_recall-overall": 0.9441265567149109,
  "best_validation_f1-measure-overall": 0.9416701636592031,
  "best_validation_loss": 9.305679792257456
}