{
  "best_epoch": 63,
  "peak_worker_0_memory_MB": 0,
  "peak_gpu_0_memory_MB": 3106.154296875,
  "training_duration": "4:41:31.787515",
  "training_start_epoch": 0,
  "training_epochs": 66,
  "epoch": 66,
  "training_accuracy": 0.9982712981470477,
  "training_accuracy3": 0.9985806964900477,
  "training_precision-overall": 0.990078773685331,
  "training_recall-overall": 0.9894889144218902,
  "training_f1-measure-overall": 0.9897837561722639,
  "training_loss": 1.39098064432789,
  "training_worker_0_memory_MB": 0.0,
  "training_gpu_0_memory_MB": 3106.154296875,
  "validation_accuracy": 0.9887465441376894,
  "validation_accuracy3": 0.9903235855301585,
  "validation_precision-overall": 0.9411666107945021,
  "validation_recall-overall": 0.9449680242342645,
  "validation_f1-measure-overall": 0.943063486731559,
  "validation_loss": 9.750983995290904,
  "best_validation_accuracy": 0.9891164674272809,
  "best_validation_accuracy3": 0.9907519177602119,
  "best_validation_precision-overall": 0.9429097605893186,
  "best_validation_recall-overall": 0.9478290138000673,
  "best_validation_f1-measure-overall": 0.9453629878304158,
  "best_validation_loss": 9.510351729759803
}