{
  "best_epoch": 63,
  "peak_worker_0_memory_MB": 0,
  "peak_gpu_0_memory_MB": 3106.154296875,
  "training_duration": "4:49:54.855570",
  "training_start_epoch": 0,
  "training_epochs": 68,
  "epoch": 68,
  "training_accuracy": 0.9983351422495715,
  "training_accuracy3": 0.998639629507762,
  "training_precision-overall": 0.9905467552376086,
  "training_recall-overall": 0.9899144644452955,
  "training_f1-measure-overall": 0.9902305089074271,
  "training_loss": 1.3235598236640578,
  "training_worker_0_memory_MB": 0.0,
  "training_gpu_0_memory_MB": 3106.154296875,
  "validation_accuracy": 0.989058058486819,
  "validation_accuracy3": 0.9905961605856469,
  "validation_precision-overall": 0.9425075427422058,
  "validation_recall-overall": 0.9463143722652305,
  "validation_f1-measure-overall": 0.9444071212629666,
  "validation_loss": 9.702751516195445,
  "best_validation_accuracy": 0.9891164674272809,
  "best_validation_accuracy3": 0.9907519177602119,
  "best_validation_precision-overall": 0.9429097605893186,
  "best_validation_recall-overall": 0.9478290138000673,
  "best_validation_f1-measure-overall": 0.9453629878304158,
  "best_validation_loss": 9.510351729759803
}