{
  "best_epoch": 55,
  "peak_worker_0_memory_MB": 0,
  "peak_gpu_0_memory_MB": 3106.154296875,
  "training_duration": "3:55:12.708262",
  "training_start_epoch": 0,
  "training_epochs": 55,
  "epoch": 55,
  "training_accuracy": 0.9973185476940001,
  "training_accuracy3": 0.9977851007509049,
  "training_precision-overall": 0.9848336386486601,
  "training_recall-overall": 0.9837439891059194,
  "training_f1-measure-overall": 0.984288512305153,
  "training_loss": 2.1432698573930407,
  "training_worker_0_memory_MB": 0.0,
  "training_gpu_0_memory_MB": 3106.154296875,
  "validation_accuracy": 0.9886491959035864,
  "validation_accuracy3": 0.9903235855301585,
  "validation_precision-overall": 0.9425113464447806,
  "validation_recall-overall": 0.9436216762032985,
  "validation_f1-measure-overall": 0.9430661845092428,
  "validation_loss": 9.518603704892673,
  "best_validation_accuracy": 0.9886491959035864,
  "best_validation_accuracy3": 0.9903235855301585,
  "best_validation_precision-overall": 0.9425113464447806,
  "best_validation_recall-overall": 0.9436216762032985,
  "best_validation_f1-measure-overall": 0.9430661845092428,
  "best_validation_loss": 9.518603704892673
}