{
  "best_epoch": 46,
  "peak_worker_0_memory_MB": 0,
  "peak_gpu_0_memory_MB": 3106.154296875,
  "training_duration": "3:17:31.151524",
  "training_start_epoch": 0,
  "training_epochs": 46,
  "epoch": 46,
  "training_accuracy": 0.995732267300524,
  "training_accuracy3": 0.9965720628029525,
  "training_precision-overall": 0.9756627738470719,
  "training_recall-overall": 0.9741265585769607,
  "training_f1-measure-overall": 0.9748940610293149,
  "training_loss": 3.319606623700505,
  "training_worker_0_memory_MB": 0.0,
  "training_gpu_0_memory_MB": 3106.154296875,
  "validation_accuracy": 0.988220863673533,
  "validation_accuracy3": 0.9899341925937464,
  "validation_precision-overall": 0.9379922909334674,
  "validation_recall-overall": 0.9419387411645911,
  "validation_f1-measure-overall": 0.9399613737508947,
  "validation_loss": 9.474615045694204,
  "best_validation_accuracy": 0.988220863673533,
  "best_validation_accuracy3": 0.9899341925937464,
  "best_validation_precision-overall": 0.9379922909334674,
  "best_validation_recall-overall": 0.9419387411645911,
  "best_validation_f1-measure-overall": 0.9399613737508947,
  "best_validation_loss": 9.474615045694204
}