{
  "best_epoch": 48,
  "peak_worker_0_memory_MB": 0,
  "peak_gpu_0_memory_MB": 3106.154296875,
  "training_duration": "3:25:52.168671",
  "training_start_epoch": 0,
  "training_epochs": 48,
  "epoch": 48,
  "training_accuracy": 0.9962675755447621,
  "training_accuracy3": 0.997082815623143,
  "training_precision-overall": 0.9784387250724391,
  "training_recall-overall": 0.9771479637431381,
  "training_f1-measure-overall": 0.9777929184320406,
  "training_loss": 2.996680979032958,
  "training_worker_0_memory_MB": 0.0,
  "training_gpu_0_memory_MB": 3106.154296875,
  "validation_accuracy": 0.9882598029671742,
  "validation_accuracy3": 0.9898368443596434,
  "validation_precision-overall": 0.9392821200939282,
  "validation_recall-overall": 0.9424436216762033,
  "validation_f1-measure-overall": 0.9408602150537136,
  "validation_loss": 9.49759961788471,
  "best_validation_accuracy": 0.9882598029671742,
  "best_validation_accuracy3": 0.9898368443596434,
  "best_validation_precision-overall": 0.9392821200939282,
  "best_validation_recall-overall": 0.9424436216762033,
  "best_validation_f1-measure-overall": 0.9408602150537136,
  "best_validation_loss": 9.49759961788471
}