{
  "best_epoch": 26,
  "peak_worker_0_memory_MB": 0,
  "peak_gpu_0_memory_MB": 3106.154296875,
  "training_duration": "1:54:01.889121",
  "training_start_epoch": 0,
  "training_epochs": 26,
  "epoch": 26,
  "training_accuracy": 0.9839554859272864,
  "training_accuracy3": 0.9872017129863816,
  "training_precision-overall": 0.9114171554875456,
  "training_recall-overall": 0.9124643601855398,
  "training_f1-measure-overall": 0.9119404572035651,
  "training_loss": 11.40748403488105,
  "training_worker_0_memory_MB": 0.0,
  "training_gpu_0_memory_MB": 3106.154296875,
  "validation_accuracy": 0.9821268642186831,
  "validation_accuracy3": 0.9846968575990032,
  "validation_precision-overall": 0.90589417280643,
  "validation_recall-overall": 0.9104678559407607,
  "validation_f1-measure-overall": 0.908175256001293,
  "validation_loss": 14.011690618808453,
  "best_validation_accuracy": 0.9821268642186831,
  "best_validation_accuracy3": 0.9846968575990032,
  "best_validation_precision-overall": 0.90589417280643,
  "best_validation_recall-overall": 0.9104678559407607,
  "best_validation_f1-measure-overall": 0.908175256001293,
  "best_validation_loss": 14.011690618808453
}