{
  "best_epoch": 4,
  "peak_worker_0_memory_MB": 0,
  "peak_gpu_0_memory_MB": 3106.154296875,
  "training_duration": "0:22:16.821384",
  "training_start_epoch": 0,
  "training_epochs": 4,
  "epoch": 4,
  "training_accuracy": 0.8380324229819125,
  "training_accuracy3": 0.8524219014738166,
  "training_precision-overall": 0.14373927958833618,
  "training_recall-overall": 0.07132218392272012,
  "training_f1-measure-overall": 0.09533832020246426,
  "training_loss": 79.87195693521737,
  "training_worker_0_memory_MB": 0.0,
  "training_gpu_0_memory_MB": 3106.154296875,
  "validation_accuracy": 0.8460145632958218,
  "validation_accuracy3": 0.8588645301974223,
  "validation_precision-overall": 0.1676225234619395,
  "validation_recall-overall": 0.10821272298889263,
  "validation_f1-measure-overall": 0.1315197381877208,
  "validation_loss": 79.2594781435453,
  "best_validation_accuracy": 0.8460145632958218,
  "best_validation_accuracy3": 0.8588645301974223,
  "best_validation_precision-overall": 0.1676225234619395,
  "best_validation_recall-overall": 0.10821272298889263,
  "best_validation_f1-measure-overall": 0.1315197381877208,
  "best_validation_loss": 79.2594781435453
}