{
  "best_epoch": 60,
  "peak_worker_0_memory_MB": 0,
  "peak_gpu_0_memory_MB": 3106.154296875,
  "training_duration": "4:20:32.117486",
  "training_start_epoch": 0,
  "training_epochs": 61,
  "epoch": 61,
  "training_accuracy": 0.9977261677331906,
  "training_accuracy3": 0.9981386988571905,
  "training_precision-overall": 0.9869631901840491,
  "training_recall-overall": 0.9858291842206052,
  "training_f1-measure-overall": 0.9863958612760566,
  "training_loss": 1.7425905714679868,
  "training_worker_0_memory_MB": 0.0,
  "training_gpu_0_memory_MB": 3106.154296875,
  "validation_accuracy": 0.9887465441376894,
  "validation_accuracy3": 0.9904014641174409,
  "validation_precision-overall": 0.9417882905552759,
  "validation_recall-overall": 0.9447997307303938,
  "validation_f1-measure-overall": 0.9432916071578092,
  "validation_loss": 9.692183278890756,
  "best_validation_accuracy": 0.9887660137845099,
  "best_validation_accuracy3": 0.9903625248237997,
  "best_validation_precision-overall": 0.9428859398622543,
  "best_validation_recall-overall": 0.9446314372265231,
  "best_validation_f1-measure-overall": 0.9437578814627495,
  "best_validation_loss": 9.826928316263052
}