{
  "best_epoch": 58,
  "peak_worker_0_memory_MB": 0,
  "peak_gpu_0_memory_MB": 3106.154296875,
  "training_duration": "4:12:08.157330",
  "training_start_epoch": 0,
  "training_epochs": 59,
  "epoch": 59,
  "training_accuracy": 0.9976917901395239,
  "training_accuracy3": 0.9981681653660477,
  "training_precision-overall": 0.9868751864320109,
  "training_recall-overall": 0.9855312992042214,
  "training_f1-measure-overall": 0.9862027849933495,
  "training_loss": 1.8133238524304591,
  "training_worker_0_memory_MB": 0.0,
  "training_gpu_0_memory_MB": 3106.154296875,
  "validation_accuracy": 0.9886686655504069,
  "validation_accuracy3": 0.9903235855301585,
  "validation_precision-overall": 0.9414625964441462,
  "validation_recall-overall": 0.9446314372265231,
  "validation_f1-measure-overall": 0.9430443548386597,
  "validation_loss": 9.635779713850756,
  "best_validation_accuracy": 0.9886491959035864,
  "best_validation_accuracy3": 0.9902262372960554,
  "best_validation_precision-overall": 0.9416401140365588,
  "best_validation_recall-overall": 0.9449680242342645,
  "best_validation_f1-measure-overall": 0.9433011339772704,
  "best_validation_loss": 9.455154728522668
}