{
  "best_epoch": 27,
  "peak_worker_0_memory_MB": 0,
  "peak_gpu_0_memory_MB": 44.57275390625,
  "training_duration": "1:12:32.058759",
  "training_start_epoch": 0,
  "training_epochs": 69,
  "epoch": 69,
  "training_accuracy": 0.9932128807932384,
  "training_accuracy3": 0.9940330319564289,
  "training_precision-overall": 0.9691134494951646,
  "training_recall-overall": 0.9680411932422657,
  "training_f1-measure-overall": 0.9685770246103562,
  "training_loss": 3.1566065250299786,
  "training_worker_0_memory_MB": 0.0,
  "training_gpu_0_memory_MB": 44.57275390625,
  "validation_accuracy": 0.9821268642186831,
  "validation_accuracy3": 0.9847163272458238,
  "validation_precision-overall": 0.9006820828481118,
  "validation_recall-overall": 0.9111410299562437,
  "validation_f1-measure-overall": 0.9058813686940017,
  "validation_loss": 22.5740433154404,
  "best_validation_accuracy": 0.9810755032903703,
  "best_validation_accuracy3": 0.9839180717261788,
  "best_validation_precision-overall": 0.8976023976023976,
  "best_validation_recall-overall": 0.9072702793672164,
  "best_validation_f1-measure-overall": 0.9024104452627555,
  "best_validation_loss": 19.231099461807926
}