{
  "best_epoch": 6,
  "peak_worker_0_memory_MB": 0,
  "peak_gpu_0_memory_MB": 44.44921875,
  "training_duration": "0:14:33.835056",
  "training_start_epoch": 0,
  "training_epochs": 13,
  "epoch": 13,
  "training_accuracy": 0.9813968107415247,
  "training_accuracy3": 0.9840487965386674,
  "training_precision-overall": 0.9157799897031063,
  "training_recall-overall": 0.9083365249585089,
  "training_f1-measure-overall": 0.9120430704808611,
  "training_loss": 12.913837576238333,
  "training_worker_0_memory_MB": 0.0,
  "training_gpu_0_memory_MB": 44.44921875,
  "validation_accuracy": 0.9790701296678478,
  "validation_accuracy3": 0.9824189089209922,
  "validation_precision-overall": 0.8875562218890555,
  "validation_recall-overall": 0.8966677886233592,
  "validation_f1-measure-overall": 0.892088740058552,
  "validation_loss": 22.431695325701845,
  "best_validation_accuracy": 0.9778435419181496,
  "best_validation_accuracy3": 0.9812117908181146,
  "best_validation_precision-overall": 0.8864321608040201,
  "best_validation_recall-overall": 0.8906092224840121,
  "best_validation_f1-measure-overall": 0.8885157824042483,
  "best_validation_loss": 21.135030054578593
}