{
  "best_epoch": 19,
  "peak_worker_0_memory_MB": 0,
  "peak_gpu_0_memory_MB": 44.44921875,
  "training_duration": "0:21:48.261855",
  "training_start_epoch": 0,
  "training_epochs": 20,
  "epoch": 20,
  "training_accuracy": 0.9853797005220483,
  "training_accuracy3": 0.9873097568521911,
  "training_precision-overall": 0.9327917913638307,
  "training_recall-overall": 0.9284650410655773,
  "training_f1-measure-overall": 0.9306233871483216,
  "training_loss": 9.419650016178574,
  "training_worker_0_memory_MB": 0.0,
  "training_gpu_0_memory_MB": 44.44921875,
  "validation_accuracy": 0.9803356567111873,
  "validation_accuracy3": 0.9831976947938165,
  "validation_precision-overall": 0.8955823293172691,
  "validation_recall-overall": 0.9007068327162572,
  "validation_f1-measure-overall": 0.8981372713542041,
  "validation_loss": 21.303905019573136,
  "best_validation_accuracy": 0.9802577781239048,
  "best_validation_accuracy3": 0.9833339823215607,
  "best_validation_precision-overall": 0.8942967051346379,
  "best_validation_recall-overall": 0.8998653651969034,
  "best_validation_f1-measure-overall": 0.8970723932555494,
  "best_validation_loss": 20.587576183618285
}