{
  "best_epoch": 15,
  "peak_worker_0_memory_MB": 0,
  "peak_gpu_0_memory_MB": 44.44921875,
  "training_duration": "0:16:37.998142",
  "training_start_epoch": 0,
  "training_epochs": 15,
  "epoch": 15,
  "training_accuracy": 0.9825263602477151,
  "training_accuracy3": 0.9849082363803341,
  "training_precision-overall": 0.9216005483677491,
  "training_recall-overall": 0.9154432103493766,
  "training_f1-measure-overall": 0.9185115603850829,
  "training_loss": 12.016545089203568,
  "training_worker_0_memory_MB": 0.0,
  "training_gpu_0_memory_MB": 44.44921875,
  "validation_accuracy": 0.9794011136637981,
  "validation_accuracy3": 0.9821658035123243,
  "validation_precision-overall": 0.8935705892227631,
  "validation_recall-overall": 0.8958263211040054,
  "validation_f1-measure-overall": 0.8946970333640982,
  "validation_loss": 20.613191391907485,
  "best_validation_accuracy": 0.9794011136637981,
  "best_validation_accuracy3": 0.9821658035123243,
  "best_validation_precision-overall": 0.8935705892227631,
  "best_validation_recall-overall": 0.8958263211040054,
  "best_validation_f1-measure-overall": 0.8946970333640982,
  "best_validation_loss": 20.613191391907485
}