{
  "best_epoch": 27,
  "peak_worker_0_memory_MB": 0,
  "peak_gpu_0_memory_MB": 44.57275390625,
  "training_duration": "1:14:36.102908",
  "training_start_epoch": 0,
  "training_epochs": 71,
  "epoch": 71,
  "training_accuracy": 0.9937727444615241,
  "training_accuracy3": 0.9946027177943336,
  "training_precision-overall": 0.9711460597536546,
  "training_recall-overall": 0.9696582833312056,
  "training_f1-measure-overall": 0.9704016012946138,
  "training_loss": 2.972822867448448,
  "training_worker_0_memory_MB": 0.0,
  "training_gpu_0_memory_MB": 44.57275390625,
  "validation_accuracy": 0.982379969627351,
  "validation_accuracy3": 0.984949963007671,
  "validation_precision-overall": 0.9023294509151414,
  "validation_recall-overall": 0.9126556714910804,
  "validation_f1-measure-overall": 0.9074631860775939,
  "validation_loss": 22.137269595090082,
  "best_validation_accuracy": 0.9810755032903703,
  "best_validation_accuracy3": 0.9839180717261788,
  "best_validation_precision-overall": 0.8976023976023976,
  "best_validation_recall-overall": 0.9072702793672164,
  "best_validation_f1-measure-overall": 0.9024104452627555,
  "best_validation_loss": 19.231099461807926
}