{
  "best_epoch": 27,
  "peak_worker_0_memory_MB": 0,
  "peak_gpu_0_memory_MB": 44.57275390625,
  "training_duration": "1:04:15.907966",
  "training_start_epoch": 0,
  "training_epochs": 61,
  "epoch": 61,
  "training_accuracy": 0.9930360817400956,
  "training_accuracy3": 0.9938267663944289,
  "training_precision-overall": 0.9682932026422331,
  "training_recall-overall": 0.9668922081790714,
  "training_f1-measure-overall": 0.9675921982794833,
  "training_loss": 3.2812960592940756,
  "training_worker_0_memory_MB": 0.0,
  "training_gpu_0_memory_MB": 44.57275390625,
  "validation_accuracy": 0.9809197461158055,
  "validation_accuracy3": 0.9837233752579728,
  "validation_precision-overall": 0.895306258322237,
  "validation_recall-overall": 0.9052507573207674,
  "validation_f1-measure-overall": 0.9002510460250547,
  "validation_loss": 24.82618111130946,
  "best_validation_accuracy": 0.9810755032903703,
  "best_validation_accuracy3": 0.9839180717261788,
  "best_validation_precision-overall": 0.8976023976023976,
  "best_validation_recall-overall": 0.9072702793672164,
  "best_validation_f1-measure-overall": 0.9024104452627555,
  "best_validation_loss": 19.231099461807926
}