{
  "best_epoch": 1,
  "peak_worker_0_memory_MB": 0,
  "peak_gpu_0_memory_MB": 42.04248046875,
  "training_duration": "0:02:04.944524",
  "training_start_epoch": 0,
  "training_epochs": 1,
  "epoch": 1,
  "training_accuracy": 0.9561096350572879,
  "training_accuracy3": 0.962611911345097,
  "training_precision-overall": 0.7981196134761034,
  "training_recall-overall": 0.7802885229158688,
  "training_f1-measure-overall": 0.7891033503324011,
  "training_loss": 42.84011382013899,
  "training_worker_0_memory_MB": 0.0,
  "training_gpu_0_memory_MB": 42.04248046875,
  "validation_accuracy": 0.9690432615552353,
  "validation_accuracy3": 0.9728009033916125,
  "validation_precision-overall": 0.8469576942524861,
  "validation_recall-overall": 0.8456748569505217,
  "validation_f1-measure-overall": 0.8463157894736343,
  "validation_loss": 32.75647514941645,
  "best_validation_accuracy": 0.9690432615552353,
  "best_validation_accuracy3": 0.9728009033916125,
  "best_validation_precision-overall": 0.8469576942524861,
  "best_validation_recall-overall": 0.8456748569505217,
  "best_validation_f1-measure-overall": 0.8463157894736343,
  "best_validation_loss": 32.75647514941645
}