{
  "best_epoch": 27,
  "peak_worker_0_memory_MB": 0,
  "peak_gpu_0_memory_MB": 44.57275390625,
  "training_duration": "1:15:38.096388",
  "training_start_epoch": 0,
  "training_epochs": 72,
  "epoch": 72,
  "training_accuracy": 0.9939397213450479,
  "training_accuracy3": 0.9947598725082384,
  "training_precision-overall": 0.9714212700711274,
  "training_recall-overall": 0.9705944933826971,
  "training_f1-measure-overall": 0.9710077057345492,
  "training_loss": 2.9159242934367042,
  "training_worker_0_memory_MB": 0.0,
  "training_gpu_0_memory_MB": 44.57275390625,
  "validation_accuracy": 0.9820879249250418,
  "validation_accuracy3": 0.9847747361862855,
  "validation_precision-overall": 0.9003333333333333,
  "validation_recall-overall": 0.9091215079097947,
  "validation_f1-measure-overall": 0.9047060793836379,
  "validation_loss": 23.15107736166786,
  "best_validation_accuracy": 0.9810755032903703,
  "best_validation_accuracy3": 0.9839180717261788,
  "best_validation_precision-overall": 0.8976023976023976,
  "best_validation_recall-overall": 0.9072702793672164,
  "best_validation_f1-measure-overall": 0.9024104452627555,
  "best_validation_loss": 19.231099461807926
}