{
  "best_epoch": 27,
  "peak_worker_0_memory_MB": 0,
  "peak_gpu_0_memory_MB": 46.54345703125,
  "training_duration": "1:42:30.335500",
  "training_start_epoch": 0,
  "training_epochs": 98,
  "epoch": 98,
  "training_accuracy": 0.9953442916005717,
  "training_accuracy3": 0.9958845109296193,
  "training_precision-overall": 0.9783516577175488,
  "training_recall-overall": 0.9769777437337759,
  "training_f1-measure-overall": 0.9776642180346566,
  "training_loss": 1.9945292013372742,
  "training_worker_0_memory_MB": 0.0,
  "training_gpu_0_memory_MB": 46.54345703125,
  "validation_accuracy": 0.9812507301117558,
  "validation_accuracy3": 0.9842295860753086,
  "validation_precision-overall": 0.8949726231956198,
  "validation_recall-overall": 0.9077751598788287,
  "validation_f1-measure-overall": 0.9013284317820539,
  "validation_loss": 26.443892308565623,
  "best_validation_accuracy": 0.9810755032903703,
  "best_validation_accuracy3": 0.9839180717261788,
  "best_validation_precision-overall": 0.8976023976023976,
  "best_validation_recall-overall": 0.9072702793672164,
  "best_validation_f1-measure-overall": 0.9024104452627555,
  "best_validation_loss": 19.231099461807926
}