{
  "best_epoch": 27,
  "peak_worker_0_memory_MB": 0,
  "peak_gpu_0_memory_MB": 46.54345703125,
  "training_duration": "1:21:49.693838",
  "training_start_epoch": 0,
  "training_epochs": 78,
  "epoch": 78,
  "training_accuracy": 0.9946027177943336,
  "training_accuracy3": 0.9953492026853812,
  "training_precision-overall": 0.974469354701219,
  "training_recall-overall": 0.972935018511426,
  "training_f1-measure-overall": 0.9737015821638734,
  "training_loss": 2.550086071536556,
  "training_worker_0_memory_MB": 0.0,
  "training_gpu_0_memory_MB": 46.54345703125,
  "validation_accuracy": 0.9815038355204236,
  "validation_accuracy3": 0.9842295860753086,
  "validation_precision-overall": 0.8966489714664897,
  "validation_recall-overall": 0.909626388421407,
  "validation_f1-measure-overall": 0.9030910609857479,
  "validation_loss": 24.58299772470605,
  "best_validation_accuracy": 0.9810755032903703,
  "best_validation_accuracy3": 0.9839180717261788,
  "best_validation_precision-overall": 0.8976023976023976,
  "best_validation_recall-overall": 0.9072702793672164,
  "best_validation_f1-measure-overall": 0.9024104452627555,
  "best_validation_loss": 19.231099461807926
}