{
  "best_epoch": 27,
  "peak_worker_0_memory_MB": 0,
  "peak_gpu_0_memory_MB": 44.57275390625,
  "training_duration": "1:18:43.679891",
  "training_start_epoch": 0,
  "training_epochs": 75,
  "epoch": 75,
  "training_accuracy": 0.9942442086032384,
  "training_accuracy3": 0.9950398043423812,
  "training_precision-overall": 0.972808251289264,
  "training_recall-overall": 0.9713179284224861,
  "training_f1-measure-overall": 0.9720625186320355,
  "training_loss": 2.6148009448055527,
  "training_worker_0_memory_MB": 0.0,
  "training_gpu_0_memory_MB": 44.57275390625,
  "validation_accuracy": 0.981737471282271,
  "validation_accuracy3": 0.984755266539465,
  "validation_precision-overall": 0.8975423447359682,
  "validation_recall-overall": 0.909626388421407,
  "validation_f1-measure-overall": 0.9035439652289704,
  "validation_loss": 24.29252317737715,
  "best_validation_accuracy": 0.9810755032903703,
  "best_validation_accuracy3": 0.9839180717261788,
  "best_validation_precision-overall": 0.8976023976023976,
  "best_validation_recall-overall": 0.9072702793672164,
  "best_validation_f1-measure-overall": 0.9024104452627555,
  "best_validation_loss": 19.231099461807926
}