{
  "best_epoch": 27,
  "peak_worker_0_memory_MB": 0,
  "peak_gpu_0_memory_MB": 44.57275390625,
  "training_duration": "0:37:21.197823",
  "training_start_epoch": 0,
  "training_epochs": 35,
  "epoch": 35,
  "training_accuracy": 0.9892005245038576,
  "training_accuracy3": 0.990713138625191,
  "training_precision-overall": 0.9502710547658685,
  "training_recall-overall": 0.9473594621047704,
  "training_f1-measure-overall": 0.948813024762342,
  "training_loss": 6.23835046723451,
  "training_worker_0_memory_MB": 0.0,
  "training_gpu_0_memory_MB": 44.57275390625,
  "validation_accuracy": 0.9803940656516491,
  "validation_accuracy3": 0.9833729216152018,
  "validation_precision-overall": 0.8922334940961251,
  "validation_recall-overall": 0.902894648266577,
  "validation_f1-measure-overall": 0.8975324132161775,
  "validation_loss": 22.675006737165592,
  "best_validation_accuracy": 0.9810755032903703,
  "best_validation_accuracy3": 0.9839180717261788,
  "best_validation_precision-overall": 0.8976023976023976,
  "best_validation_recall-overall": 0.9072702793672164,
  "best_validation_f1-measure-overall": 0.9024104452627555,
  "best_validation_loss": 19.231099461807926
}