{
  "best_epoch": 27,
  "peak_worker_0_memory_MB": 0,
  "peak_gpu_0_memory_MB": 44.57275390625,
  "training_duration": "0:43:33.891929",
  "training_start_epoch": 0,
  "training_epochs": 41,
  "epoch": 41,
  "training_accuracy": 0.9904430289606672,
  "training_accuracy3": 0.9916757112478576,
  "training_precision-overall": 0.9553327645051195,
  "training_recall-overall": 0.9529341674113793,
  "training_f1-measure-overall": 0.9541319584992789,
  "training_loss": 5.3413224655091085,
  "training_worker_0_memory_MB": 0.0,
  "training_gpu_0_memory_MB": 44.57275390625,
  "validation_accuracy": 0.9820879249250418,
  "validation_accuracy3": 0.9848720844203886,
  "validation_precision-overall": 0.901300433477826,
  "validation_recall-overall": 0.9097946819252777,
  "validation_f1-measure-overall": 0.9055276381909048,
  "validation_loss": 21.137563355997496,
  "best_validation_accuracy": 0.9810755032903703,
  "best_validation_accuracy3": 0.9839180717261788,
  "best_validation_precision-overall": 0.8976023976023976,
  "best_validation_recall-overall": 0.9072702793672164,
  "best_validation_f1-measure-overall": 0.9024104452627555,
  "best_validation_loss": 19.231099461807926
}