{
  "best_epoch": 19,
  "peak_worker_0_memory_MB": 0,
  "peak_gpu_0_memory_MB": 44.44921875,
  "training_duration": "0:20:46.151283",
  "training_start_epoch": 0,
  "training_epochs": 19,
  "epoch": 19,
  "training_accuracy": 0.9849082363803341,
  "training_accuracy3": 0.9870052695940006,
  "training_precision-overall": 0.9314699083982536,
  "training_recall-overall": 0.9260394059321674,
  "training_f1-measure-overall": 0.9287467190200306,
  "training_loss": 9.986159734682504,
  "training_worker_0_memory_MB": 0.0,
  "training_gpu_0_memory_MB": 44.44921875,
  "validation_accuracy": 0.9802577781239048,
  "validation_accuracy3": 0.9833339823215607,
  "validation_precision-overall": 0.8942967051346379,
  "validation_recall-overall": 0.8998653651969034,
  "validation_f1-measure-overall": 0.8970723932555494,
  "validation_loss": 20.587576183618285,
  "best_validation_accuracy": 0.9802577781239048,
  "best_validation_accuracy3": 0.9833339823215607,
  "best_validation_precision-overall": 0.8942967051346379,
  "best_validation_recall-overall": 0.8998653651969034,
  "best_validation_f1-measure-overall": 0.8970723932555494,
  "best_validation_loss": 20.587576183618285
}