{
  "best_epoch": 27,
  "peak_worker_0_memory_MB": 0,
  "peak_gpu_0_memory_MB": 44.57275390625,
  "training_duration": "1:10:27.808178",
  "training_start_epoch": 0,
  "training_epochs": 67,
  "epoch": 67,
  "training_accuracy": 0.9939642767690955,
  "training_accuracy3": 0.9947795168474765,
  "training_precision-overall": 0.9709792891843518,
  "training_recall-overall": 0.9696157283288651,
  "training_f1-measure-overall": 0.9702970297029203,
  "training_loss": 3.015790439060208,
  "training_worker_0_memory_MB": 0.0,
  "training_gpu_0_memory_MB": 44.57275390625,
  "validation_accuracy": 0.9813675479926794,
  "validation_accuracy3": 0.9841517074880262,
  "validation_precision-overall": 0.8952254641909815,
  "validation_recall-overall": 0.9087849209020532,
  "validation_f1-measure-overall": 0.9019542341739938,
  "validation_loss": 23.91529447892133,
  "best_validation_accuracy": 0.9810755032903703,
  "best_validation_accuracy3": 0.9839180717261788,
  "best_validation_precision-overall": 0.8976023976023976,
  "best_validation_recall-overall": 0.9072702793672164,
  "best_validation_f1-measure-overall": 0.9024104452627555,
  "best_validation_loss": 19.231099461807926
}