{
  "best_epoch": 0,
  "peak_worker_0_memory_MB": 0,
  "peak_gpu_0_memory_MB": 11.599609375,
  "training_duration": "0:01:03.090990",
  "training_start_epoch": 0,
  "training_epochs": 0,
  "epoch": 0,
  "training_accuracy": 0.9021171686613856,
  "training_accuracy3": 0.9129706660904328,
  "training_precision-overall": 0.6306439297531179,
  "training_recall-overall": 0.5272139239967658,
  "training_f1-measure-overall": 0.5743092898200878,
  "training_loss": 171.15320118793323,
  "training_worker_0_memory_MB": 0.0,
  "training_gpu_0_memory_MB": 11.599609375,
  "validation_accuracy": 0.9619563101125346,
  "validation_accuracy3": 0.9662006931194268,
  "validation_precision-overall": 0.8146646392971786,
  "validation_recall-overall": 0.8115112756647593,
  "validation_f1-measure-overall": 0.8130849000926909,
  "validation_loss": 45.18842809340533,
  "best_validation_accuracy": 0.9619563101125346,
  "best_validation_accuracy3": 0.9662006931194268,
  "best_validation_precision-overall": 0.8146646392971786,
  "best_validation_recall-overall": 0.8115112756647593,
  "best_validation_f1-measure-overall": 0.8130849000926909,
  "best_validation_loss": 45.18842809340533
}