{
  "best_epoch": 19,
  "peak_worker_0_memory_MB": 0,
  "peak_gpu_0_memory_MB": 44.44921875,
  "training_duration": "0:23:52.524283",
  "training_start_epoch": 0,
  "training_epochs": 22,
  "epoch": 22,
  "training_accuracy": 0.9864061172472387,
  "training_accuracy3": 0.9883165292381434,
  "training_precision-overall": 0.9379838330268166,
  "training_recall-overall": 0.9332737563300566,
  "training_f1-measure-overall": 0.935622866894148,
  "training_loss": 8.707655172548968,
  "training_worker_0_memory_MB": 0.0,
  "training_gpu_0_memory_MB": 44.44921875,
  "validation_accuracy": 0.9805108835325728,
  "validation_accuracy3": 0.9836844359643316,
  "validation_precision-overall": 0.8916847192134644,
  "validation_recall-overall": 0.9005385392123864,
  "validation_f1-measure-overall": 0.8960897596918197,
  "validation_loss": 21.35386903145734,
  "best_validation_accuracy": 0.9802577781239048,
  "best_validation_accuracy3": 0.9833339823215607,
  "best_validation_precision-overall": 0.8942967051346379,
  "best_validation_recall-overall": 0.8998653651969034,
  "best_validation_f1-measure-overall": 0.8970723932555494,
  "best_validation_loss": 20.587576183618285
}