{
  "best_epoch": 27,
  "peak_worker_0_memory_MB": 0,
  "peak_gpu_0_memory_MB": 46.54345703125,
  "training_duration": "1:25:58.059975",
  "training_start_epoch": 0,
  "training_epochs": 82,
  "epoch": 82,
  "training_accuracy": 0.9944553852500478,
  "training_accuracy3": 0.9951282038689526,
  "training_precision-overall": 0.9739286018573741,
  "training_recall-overall": 0.9728924635090855,
  "training_f1-measure-overall": 0.9734102569560737,
  "training_loss": 2.6147906952654276,
  "training_worker_0_memory_MB": 0.0,
  "training_gpu_0_memory_MB": 46.54345703125,
  "validation_accuracy": 0.982185273159145,
  "validation_accuracy3": 0.9849694326544917,
  "validation_precision-overall": 0.8997010959814016,
  "validation_recall-overall": 0.9118142039717267,
  "validation_f1-measure-overall": 0.9057171514543132,
  "validation_loss": 23.71690193349587,
  "best_validation_accuracy": 0.9810755032903703,
  "best_validation_accuracy3": 0.9839180717261788,
  "best_validation_precision-overall": 0.8976023976023976,
  "best_validation_recall-overall": 0.9072702793672164,
  "best_validation_f1-measure-overall": 0.9024104452627555,
  "best_validation_loss": 19.231099461807926
}