{
  "best_epoch": 6,
  "peak_worker_0_memory_MB": 0,
  "peak_gpu_0_memory_MB": 44.44921875,
  "training_duration": "0:13:31.685029",
  "training_start_epoch": 0,
  "training_epochs": 12,
  "epoch": 12,
  "training_accuracy": 0.9804342381188581,
  "training_accuracy3": 0.9831697123577627,
  "training_precision-overall": 0.9115716308405201,
  "training_recall-overall": 0.9041235797267969,
  "training_f1-measure-overall": 0.9078323291885156,
  "training_loss": 13.721282355877696,
  "training_worker_0_memory_MB": 0.0,
  "training_gpu_0_memory_MB": 44.44921875,
  "validation_accuracy": 0.9774541489817374,
  "validation_accuracy3": 0.9802577781239048,
  "validation_precision-overall": 0.8810477143810477,
  "validation_recall-overall": 0.8887579939414338,
  "validation_f1-measure-overall": 0.8848860589811833,
  "validation_loss": 23.432411486903828,
  "best_validation_accuracy": 0.9778435419181496,
  "best_validation_accuracy3": 0.9812117908181146,
  "best_validation_precision-overall": 0.8864321608040201,
  "best_validation_recall-overall": 0.8906092224840121,
  "best_validation_f1-measure-overall": 0.8885157824042483,
  "best_validation_loss": 21.135030054578593
}