{
  "best_epoch": 27,
  "peak_worker_0_memory_MB": 0,
  "peak_gpu_0_memory_MB": 46.54345703125,
  "training_duration": "1:30:06.101847",
  "training_start_epoch": 0,
  "training_epochs": 86,
  "epoch": 86,
  "training_accuracy": 0.9951625814626193,
  "training_accuracy3": 0.9957912003182383,
  "training_precision-overall": 0.9777541018538248,
  "training_recall-overall": 0.976339418698668,
  "training_f1-measure-overall": 0.977046248190053,
  "training_loss": 2.1912398197516323,
  "training_worker_0_memory_MB": 0.0,
  "training_gpu_0_memory_MB": 46.54345703125,
  "validation_accuracy": 0.9816011837545267,
  "validation_accuracy3": 0.9844437521903353,
  "validation_precision-overall": 0.8969807564698076,
  "validation_recall-overall": 0.9099629754291484,
  "validation_f1-measure-overall": 0.9034252297409692,
  "validation_loss": 25.033671324159585,
  "best_validation_accuracy": 0.9810755032903703,
  "best_validation_accuracy3": 0.9839180717261788,
  "best_validation_precision-overall": 0.8976023976023976,
  "best_validation_recall-overall": 0.9072702793672164,
  "best_validation_f1-measure-overall": 0.9024104452627555,
  "best_validation_loss": 19.231099461807926
}