{
  "best_epoch": 27,
  "peak_worker_0_memory_MB": 0,
  "peak_gpu_0_memory_MB": 44.57275390625,
  "training_duration": "0:58:04.269152",
  "training_start_epoch": 0,
  "training_epochs": 55,
  "epoch": 55,
  "training_accuracy": 0.992505684580667,
  "training_accuracy3": 0.9934044131008098,
  "training_precision-overall": 0.9665713187892243,
  "training_recall-overall": 0.9634452529894889,
  "training_f1-measure-overall": 0.965005754230375,
  "training_loss": 3.7171950296102123,
  "training_worker_0_memory_MB": 0.0,
  "training_gpu_0_memory_MB": 44.57275390625,
  "validation_accuracy": 0.9813286086990382,
  "validation_accuracy3": 0.9840932985475643,
  "validation_precision-overall": 0.8953759148369926,
  "validation_recall-overall": 0.9059239313362504,
  "validation_f1-measure-overall": 0.9006190396519493,
  "validation_loss": 25.465281769341114,
  "best_validation_accuracy": 0.9810755032903703,
  "best_validation_accuracy3": 0.9839180717261788,
  "best_validation_precision-overall": 0.8976023976023976,
  "best_validation_recall-overall": 0.9072702793672164,
  "best_validation_f1-measure-overall": 0.9024104452627555,
  "best_validation_loss": 19.231099461807926
}