{
  "best_epoch": 27,
  "peak_worker_0_memory_MB": 0,
  "peak_gpu_0_memory_MB": 44.44921875,
  "training_duration": "0:31:07.826692",
  "training_start_epoch": 0,
  "training_epochs": 29,
  "epoch": 29,
  "training_accuracy": 0.9881839299482863,
  "training_accuracy3": 0.9898389655290957,
  "training_precision-overall": 0.9464331482272533,
  "training_recall-overall": 0.9428486318566748,
  "training_f1-measure-overall": 0.9446374896074881,
  "training_loss": 7.094273275422072,
  "training_worker_0_memory_MB": 0.0,
  "training_gpu_0_memory_MB": 44.44921875,
  "validation_accuracy": 0.9810170943499085,
  "validation_accuracy3": 0.9838986020793583,
  "validation_precision-overall": 0.896021397525911,
  "validation_recall-overall": 0.9020531807472232,
  "validation_f1-measure-overall": 0.8990271720898528,
  "validation_loss": 21.710325612741357,
  "best_validation_accuracy": 0.9810755032903703,
  "best_validation_accuracy3": 0.9839180717261788,
  "best_validation_precision-overall": 0.8976023976023976,
  "best_validation_recall-overall": 0.9072702793672164,
  "best_validation_f1-measure-overall": 0.9024104452627555,
  "best_validation_loss": 19.231099461807926
}