{
  "best_epoch": 27,
  "peak_worker_0_memory_MB": 0,
  "peak_gpu_0_memory_MB": 44.57275390625,
  "training_duration": "0:40:27.525962",
  "training_start_epoch": 0,
  "training_epochs": 38,
  "epoch": 38,
  "training_accuracy": 0.9897603881721433,
  "training_accuracy3": 0.991042181307429,
  "training_precision-overall": 0.9546678060243537,
  "training_recall-overall": 0.9508489722966935,
  "training_f1-measure-overall": 0.9527545625106101,
  "training_loss": 5.585688069072427,
  "training_worker_0_memory_MB": 0.0,
  "training_gpu_0_memory_MB": 44.57275390625,
  "validation_accuracy": 0.9813091390522176,
  "validation_accuracy3": 0.9842685253689498,
  "validation_precision-overall": 0.8969605878423513,
  "validation_recall-overall": 0.9039044092898014,
  "validation_f1-measure-overall": 0.9004191114836048,
  "validation_loss": 22.144305638822853,
  "best_validation_accuracy": 0.9810755032903703,
  "best_validation_accuracy3": 0.9839180717261788,
  "best_validation_precision-overall": 0.8976023976023976,
  "best_validation_recall-overall": 0.9072702793672164,
  "best_validation_f1-measure-overall": 0.9024104452627555,
  "best_validation_loss": 19.231099461807926
}