{
  "best_epoch": 27,
  "peak_worker_0_memory_MB": 0,
  "peak_gpu_0_memory_MB": 44.57275390625,
  "training_duration": "1:11:30.049169",
  "training_start_epoch": 0,
  "training_epochs": 68,
  "epoch": 68,
  "training_accuracy": 0.9938071220551907,
  "training_accuracy3": 0.9946027177943336,
  "training_precision-overall": 0.9713092040755424,
  "training_recall-overall": 0.9695731733265245,
  "training_f1-measure-overall": 0.9704404123008274,
  "training_loss": 2.8765737301922467,
  "training_worker_0_memory_MB": 0.0,
  "training_gpu_0_memory_MB": 44.57275390625,
  "validation_accuracy": 0.981640123048168,
  "validation_accuracy3": 0.984404812896694,
  "validation_precision-overall": 0.8987047492527399,
  "validation_recall-overall": 0.9108044429485022,
  "validation_f1-measure-overall": 0.9047141424272319,
  "validation_loss": 23.94054860384295,
  "best_validation_accuracy": 0.9810755032903703,
  "best_validation_accuracy3": 0.9839180717261788,
  "best_validation_precision-overall": 0.8976023976023976,
  "best_validation_recall-overall": 0.9072702793672164,
  "best_validation_f1-measure-overall": 0.9024104452627555,
  "best_validation_loss": 19.231099461807926
}