{
  "best_epoch": 27,
  "peak_worker_0_memory_MB": 0,
  "peak_gpu_0_memory_MB": 46.54345703125,
  "training_duration": "1:37:20.326165",
  "training_start_epoch": 0,
  "training_epochs": 93,
  "epoch": 93,
  "training_accuracy": 0.9953148250917145,
  "training_accuracy3": 0.9958697776751907,
  "training_precision-overall": 0.9781932791004727,
  "training_recall-overall": 0.9773607387548406,
  "training_f1-measure-overall": 0.9777768317084092,
  "training_loss": 2.110704467907667,
  "training_worker_0_memory_MB": 0.0,
  "training_gpu_0_memory_MB": 46.54345703125,
  "validation_accuracy": 0.9819126981036564,
  "validation_accuracy3": 0.9846773879521825,
  "validation_precision-overall": 0.9039264828738512,
  "validation_recall-overall": 0.9104678559407607,
  "validation_f1-measure-overall": 0.9071853777143795,
  "validation_loss": 21.987381690857458,
  "best_validation_accuracy": 0.9810755032903703,
  "best_validation_accuracy3": 0.9839180717261788,
  "best_validation_precision-overall": 0.8976023976023976,
  "best_validation_recall-overall": 0.9072702793672164,
  "best_validation_f1-measure-overall": 0.9024104452627555,
  "best_validation_loss": 19.231099461807926
}