{
  "best_epoch": 27,
  "peak_worker_0_memory_MB": 0,
  "peak_gpu_0_memory_MB": 46.54345703125,
  "training_duration": "1:35:16.089664",
  "training_start_epoch": 0,
  "training_epochs": 91,
  "epoch": 91,
  "training_accuracy": 0.9948335387803812,
  "training_accuracy3": 0.9955161795689049,
  "training_precision-overall": 0.9758322322151656,
  "training_recall-overall": 0.9742542235839823,
  "training_f1-measure-overall": 0.9750425894377694,
  "training_loss": 2.251162540365927,
  "training_worker_0_memory_MB": 0.0,
  "training_gpu_0_memory_MB": 46.54345703125,
  "validation_accuracy": 0.9822047428059655,
  "validation_accuracy3": 0.984949963007671,
  "validation_precision-overall": 0.9021142000998835,
  "validation_recall-overall": 0.9119824974755975,
  "validation_f1-measure-overall": 0.9070215080759397,
  "validation_loss": 23.16803305055581,
  "best_validation_accuracy": 0.9810755032903703,
  "best_validation_accuracy3": 0.9839180717261788,
  "best_validation_precision-overall": 0.8976023976023976,
  "best_validation_recall-overall": 0.9072702793672164,
  "best_validation_f1-measure-overall": 0.9024104452627555,
  "best_validation_loss": 19.231099461807926
}