{
  "best_epoch": 27,
  "peak_worker_0_memory_MB": 0,
  "peak_gpu_0_memory_MB": 44.57275390625,
  "training_duration": "1:16:39.929844",
  "training_start_epoch": 0,
  "training_epochs": 73,
  "epoch": 73,
  "training_accuracy": 0.9940232097868098,
  "training_accuracy3": 0.9947500503386193,
  "training_precision-overall": 0.9722186714389194,
  "training_recall-overall": 0.9709774884037619,
  "training_f1-measure-overall": 0.9715976835291614,
  "training_loss": 2.838013953245022,
  "training_worker_0_memory_MB": 0.0,
  "training_gpu_0_memory_MB": 44.57275390625,
  "validation_accuracy": 0.9820879249250418,
  "validation_accuracy3": 0.9848915540672092,
  "validation_precision-overall": 0.9036727879799666,
  "validation_recall-overall": 0.910972736452373,
  "validation_f1-measure-overall": 0.907308079114935,
  "validation_loss": 21.81132523744714,
  "best_validation_accuracy": 0.9810755032903703,
  "best_validation_accuracy3": 0.9839180717261788,
  "best_validation_precision-overall": 0.8976023976023976,
  "best_validation_recall-overall": 0.9072702793672164,
  "best_validation_f1-measure-overall": 0.9024104452627555,
  "best_validation_loss": 19.231099461807926
}