{
  "best_epoch": 27,
  "peak_worker_0_memory_MB": 0,
  "peak_gpu_0_memory_MB": 44.57275390625,
  "training_duration": "0:36:18.940567",
  "training_start_epoch": 0,
  "training_epochs": 34,
  "epoch": 34,
  "training_accuracy": 0.9897358327480957,
  "training_accuracy3": 0.9910863810707147,
  "training_precision-overall": 0.9534357661118225,
  "training_recall-overall": 0.9506361972849908,
  "training_f1-measure-overall": 0.9520339235866447,
  "training_loss": 6.114911609535065,
  "training_worker_0_memory_MB": 0.0,
  "training_gpu_0_memory_MB": 44.57275390625,
  "validation_accuracy": 0.9813675479926794,
  "validation_accuracy3": 0.9840348896071025,
  "validation_precision-overall": 0.8987827246956812,
  "validation_recall-overall": 0.9071019858633457,
  "validation_f1-measure-overall": 0.9029231928971775,
  "validation_loss": 21.393175875585452,
  "best_validation_accuracy": 0.9810755032903703,
  "best_validation_accuracy3": 0.9839180717261788,
  "best_validation_precision-overall": 0.8976023976023976,
  "best_validation_recall-overall": 0.9072702793672164,
  "best_validation_f1-measure-overall": 0.9024104452627555,
  "best_validation_loss": 19.231099461807926
}