{
  "best_epoch": 27,
  "peak_worker_0_memory_MB": 0,
  "peak_gpu_0_memory_MB": 44.57275390625,
  "training_duration": "1:09:26.071902",
  "training_start_epoch": 0,
  "training_epochs": 66,
  "epoch": 66,
  "training_accuracy": 0.9934535239489051,
  "training_accuracy3": 0.9942884083665241,
  "training_precision-overall": 0.9702746502900034,
  "training_recall-overall": 0.9681688582492872,
  "training_f1-measure-overall": 0.9692206104755927,
  "training_loss": 3.2386891392307837,
  "training_worker_0_memory_MB": 0.0,
  "training_gpu_0_memory_MB": 44.57275390625,
  "validation_accuracy": 0.9818542891631946,
  "validation_accuracy3": 0.9844437521903353,
  "validation_precision-overall": 0.9014319014319014,
  "validation_recall-overall": 0.9111410299562437,
  "validation_f1-measure-overall": 0.9062604620019588,
  "validation_loss": 22.953969487664747,
  "best_validation_accuracy": 0.9810755032903703,
  "best_validation_accuracy3": 0.9839180717261788,
  "best_validation_precision-overall": 0.8976023976023976,
  "best_validation_recall-overall": 0.9072702793672164,
  "best_validation_f1-measure-overall": 0.9024104452627555,
  "best_validation_loss": 19.231099461807926
}