{
  "best_epoch": 27,
  "peak_worker_0_memory_MB": 0,
  "peak_gpu_0_memory_MB": 44.44921875,
  "training_duration": "0:32:09.827758",
  "training_start_epoch": 0,
  "training_epochs": 30,
  "epoch": 30,
  "training_accuracy": 0.9886259275811434,
  "training_accuracy3": 0.9901385417024766,
  "training_precision-overall": 0.9472695444259426,
  "training_recall-overall": 0.9441252819268905,
  "training_f1-measure-overall": 0.9456947996589441,
  "training_loss": 6.7465026957027465,
  "training_worker_0_memory_MB": 0.0,
  "training_gpu_0_memory_MB": 44.44921875,
  "validation_accuracy": 0.980647171060317,
  "validation_accuracy3": 0.983567618083408,
  "validation_precision-overall": 0.8933933933933934,
  "validation_recall-overall": 0.9012117132278694,
  "validation_f1-measure-overall": 0.8972855227881539,
  "validation_loss": 22.217668757061748,
  "best_validation_accuracy": 0.9810755032903703,
  "best_validation_accuracy3": 0.9839180717261788,
  "best_validation_precision-overall": 0.8976023976023976,
  "best_validation_recall-overall": 0.9072702793672164,
  "best_validation_f1-measure-overall": 0.9024104452627555,
  "best_validation_loss": 19.231099461807926
}