{
  "best_epoch": 5,
  "peak_worker_0_memory_MB": 0,
  "peak_gpu_0_memory_MB": 44.44921875,
  "training_duration": "0:06:14.198110",
  "training_start_epoch": 0,
  "training_epochs": 5,
  "epoch": 5,
  "training_accuracy": 0.9730921663286203,
  "training_accuracy3": 0.9772125664838106,
  "training_precision-overall": 0.8765906051848337,
  "training_recall-overall": 0.8648027575641517,
  "training_f1-measure-overall": 0.8706567841994273,
  "training_loss": 21.878504210561175,
  "training_worker_0_memory_MB": 0.0,
  "training_gpu_0_memory_MB": 44.44921875,
  "validation_accuracy": 0.9768700595771193,
  "validation_accuracy3": 0.9802772477707254,
  "validation_precision-overall": 0.8811399832355407,
  "validation_recall-overall": 0.8845506563446651,
  "validation_f1-measure-overall": 0.8828420256991185,
  "validation_loss": 23.500115296419928,
  "best_validation_accuracy": 0.9768700595771193,
  "best_validation_accuracy3": 0.9802772477707254,
  "best_validation_precision-overall": 0.8811399832355407,
  "best_validation_recall-overall": 0.8845506563446651,
  "best_validation_f1-measure-overall": 0.8828420256991185,
  "best_validation_loss": 23.500115296419928
}