{
  "best_epoch": 27,
  "peak_worker_0_memory_MB": 0,
  "peak_gpu_0_memory_MB": 44.57275390625,
  "training_duration": "0:48:44.907855",
  "training_start_epoch": 0,
  "training_epochs": 46,
  "epoch": 46,
  "training_accuracy": 0.991557845212429,
  "training_accuracy3": 0.9926333727857146,
  "training_precision-overall": 0.9614088951430643,
  "training_recall-overall": 0.9594450827694796,
  "training_f1-measure-overall": 0.9604259850904718,
  "training_loss": 4.562870134448883,
  "training_worker_0_memory_MB": 0.0,
  "training_gpu_0_memory_MB": 44.57275390625,
  "validation_accuracy": 0.9807834585880613,
  "validation_accuracy3": 0.983859662785717,
  "validation_precision-overall": 0.8935886761032473,
  "validation_recall-overall": 0.9030629417704477,
  "validation_f1-measure-overall": 0.8983008286598646,
  "validation_loss": 23.771668252991695,
  "best_validation_accuracy": 0.9810755032903703,
  "best_validation_accuracy3": 0.9839180717261788,
  "best_validation_precision-overall": 0.8976023976023976,
  "best_validation_recall-overall": 0.9072702793672164,
  "best_validation_f1-measure-overall": 0.9024104452627555,
  "best_validation_loss": 19.231099461807926
}