{
  "best_epoch": 3,
  "peak_worker_0_memory_MB": 0,
  "peak_gpu_0_memory_MB": 44.44921875,
  "training_duration": "0:04:09.453094",
  "training_start_epoch": 0,
  "training_epochs": 3,
  "epoch": 3,
  "training_accuracy": 0.9677194395470016,
  "training_accuracy3": 0.9725224804907155,
  "training_precision-overall": 0.8521044679473343,
  "training_recall-overall": 0.8399931911996256,
  "training_f1-measure-overall": 0.8460054860277231,
  "training_loss": 27.225871875780317,
  "training_worker_0_memory_MB": 0.0,
  "training_gpu_0_memory_MB": 44.44921875,
  "validation_accuracy": 0.9724893890424827,
  "validation_accuracy3": 0.9769479381644017,
  "validation_precision-overall": 0.85158716968589,
  "validation_recall-overall": 0.862335913833726,
  "validation_f1-measure-overall": 0.8569278367756001,
  "validation_loss": 31.02047225073272,
  "best_validation_accuracy": 0.9724893890424827,
  "best_validation_accuracy3": 0.9769479381644017,
  "best_validation_precision-overall": 0.85158716968589,
  "best_validation_recall-overall": 0.862335913833726,
  "best_validation_f1-measure-overall": 0.8569278367756001,
  "best_validation_loss": 31.02047225073272
}