{
  "best_epoch": 27,
  "peak_worker_0_memory_MB": 0,
  "peak_gpu_0_memory_MB": 44.57275390625,
  "training_duration": "1:07:21.899702",
  "training_start_epoch": 0,
  "training_epochs": 64,
  "epoch": 64,
  "training_accuracy": 0.9932423473020956,
  "training_accuracy3": 0.994062498465286,
  "training_precision-overall": 0.9689658112371046,
  "training_recall-overall": 0.9672752032001362,
  "training_f1-measure-overall": 0.9681197691504495,
  "training_loss": 3.2973003521782256,
  "training_worker_0_memory_MB": 0.0,
  "training_gpu_0_memory_MB": 44.57275390625,
  "validation_accuracy": 0.9814648962267825,
  "validation_accuracy3": 0.9840543592539231,
  "validation_precision-overall": 0.8977045908183633,
  "validation_recall-overall": 0.908280040390441,
  "validation_f1-measure-overall": 0.9029613518487035,
  "validation_loss": 24.021031587439424,
  "best_validation_accuracy": 0.9810755032903703,
  "best_validation_accuracy3": 0.9839180717261788,
  "best_validation_precision-overall": 0.8976023976023976,
  "best_validation_recall-overall": 0.9072702793672164,
  "best_validation_f1-measure-overall": 0.9024104452627555,
  "best_validation_loss": 19.231099461807926
}