{
  "best_epoch": 27,
  "peak_worker_0_memory_MB": 0,
  "peak_gpu_0_memory_MB": 44.57275390625,
  "training_duration": "0:44:35.891003",
  "training_start_epoch": 0,
  "training_epochs": 42,
  "epoch": 42,
  "training_accuracy": 0.9906149169290005,
  "training_accuracy3": 0.9918967100642861,
  "training_precision-overall": 0.9568280809633615,
  "training_recall-overall": 0.9535299374441466,
  "training_f1-measure-overall": 0.9551761621586559,
  "training_loss": 5.169482660117073,
  "training_worker_0_memory_MB": 0.0,
  "training_gpu_0_memory_MB": 44.57275390625,
  "validation_accuracy": 0.9812507301117558,
  "validation_accuracy3": 0.9841711771348468,
  "validation_precision-overall": 0.8938361854128593,
  "validation_recall-overall": 0.9054190508246381,
  "validation_f1-measure-overall": 0.8995903352561995,
  "validation_loss": 23.1911442174631,
  "best_validation_accuracy": 0.9810755032903703,
  "best_validation_accuracy3": 0.9839180717261788,
  "best_validation_precision-overall": 0.8976023976023976,
  "best_validation_recall-overall": 0.9072702793672164,
  "best_validation_f1-measure-overall": 0.9024104452627555,
  "best_validation_loss": 19.231099461807926
}