{
  "best_epoch": 27,
  "peak_worker_0_memory_MB": 0,
  "peak_gpu_0_memory_MB": 44.57275390625,
  "training_duration": "0:59:05.887695",
  "training_start_epoch": 0,
  "training_epochs": 56,
  "epoch": 56,
  "training_accuracy": 0.9925793508528099,
  "training_accuracy3": 0.9935615678147146,
  "training_precision-overall": 0.9661335039454041,
  "training_recall-overall": 0.9639133580152347,
  "training_f1-measure-overall": 0.9650221540558465,
  "training_loss": 3.8231920921105833,
  "training_worker_0_memory_MB": 0.0,
  "training_gpu_0_memory_MB": 44.57275390625,
  "validation_accuracy": 0.9811533818776528,
  "validation_accuracy3": 0.983762314551614,
  "validation_precision-overall": 0.8960305597076897,
  "validation_recall-overall": 0.9079434533826994,
  "validation_f1-measure-overall": 0.9019476719885817,
  "validation_loss": 24.448176543794425,
  "best_validation_accuracy": 0.9810755032903703,
  "best_validation_accuracy3": 0.9839180717261788,
  "best_validation_precision-overall": 0.8976023976023976,
  "best_validation_recall-overall": 0.9072702793672164,
  "best_validation_f1-measure-overall": 0.9024104452627555,
  "best_validation_loss": 19.231099461807926
}