{
  "best_epoch": 27,
  "peak_worker_0_memory_MB": 0,
  "peak_gpu_0_memory_MB": 46.54345703125,
  "training_duration": "1:23:54.241819",
  "training_start_epoch": 0,
  "training_epochs": 80,
  "epoch": 80,
  "training_accuracy": 0.9942147420943812,
  "training_accuracy3": 0.9949857824094764,
  "training_precision-overall": 0.9725642227239808,
  "training_recall-overall": 0.9714881484318482,
  "training_f1-measure-overall": 0.9720258877628727,
  "training_loss": 2.6941963047306805,
  "training_worker_0_memory_MB": 0.0,
  "training_gpu_0_memory_MB": 46.54345703125,
  "validation_accuracy": 0.9815427748140648,
  "validation_accuracy3": 0.9846384486585413,
  "validation_precision-overall": 0.897581317764804,
  "validation_recall-overall": 0.905587344328509,
  "validation_f1-measure-overall": 0.9015665577615317,
  "validation_loss": 25.00691230390586,
  "best_validation_accuracy": 0.9810755032903703,
  "best_validation_accuracy3": 0.9839180717261788,
  "best_validation_precision-overall": 0.8976023976023976,
  "best_validation_recall-overall": 0.9072702793672164,
  "best_validation_f1-measure-overall": 0.9024104452627555,
  "best_validation_loss": 19.231099461807926
}