{
  "best_epoch": 27,
  "peak_worker_0_memory_MB": 0,
  "peak_gpu_0_memory_MB": 44.57275390625,
  "training_duration": "0:49:47.272072",
  "training_start_epoch": 0,
  "training_epochs": 47,
  "epoch": 47,
  "training_accuracy": 0.9914006904985242,
  "training_accuracy3": 0.9925155067502861,
  "training_precision-overall": 0.9615663524292966,
  "training_recall-overall": 0.9592748627601174,
  "training_f1-measure-overall": 0.9604192407651496,
  "training_loss": 4.512084994787575,
  "training_worker_0_memory_MB": 0.0,
  "training_gpu_0_memory_MB": 44.57275390625,
  "validation_accuracy": 0.9812507301117558,
  "validation_accuracy3": 0.9842295860753086,
  "validation_precision-overall": 0.8971542685971043,
  "validation_recall-overall": 0.9072702793672164,
  "validation_f1-measure-overall": 0.902183917663744,
  "validation_loss": 22.946505071485745,
  "best_validation_accuracy": 0.9810755032903703,
  "best_validation_accuracy3": 0.9839180717261788,
  "best_validation_precision-overall": 0.8976023976023976,
  "best_validation_recall-overall": 0.9072702793672164,
  "best_validation_f1-measure-overall": 0.9024104452627555,
  "best_validation_loss": 19.231099461807926
}