{
  "best_epoch": 27,
  "peak_worker_0_memory_MB": 0,
  "peak_gpu_0_memory_MB": 44.57275390625,
  "training_duration": "0:41:29.634840",
  "training_start_epoch": 0,
  "training_epochs": 39,
  "epoch": 39,
  "training_accuracy": 0.990845737915048,
  "training_accuracy3": 0.9921177088807147,
  "training_precision-overall": 0.9576394226663251,
  "training_recall-overall": 0.9543384824886165,
  "training_f1-measure-overall": 0.9559861031182227,
  "training_loss": 5.168896568782102,
  "training_worker_0_memory_MB": 0.0,
  "training_gpu_0_memory_MB": 44.57275390625,
  "validation_accuracy": 0.9802577781239048,
  "validation_accuracy3": 0.9832755733810988,
  "validation_precision-overall": 0.8882607249750581,
  "validation_recall-overall": 0.8990238976775496,
  "validation_f1-measure-overall": 0.8936099029775345,
  "validation_loss": 24.274665093889425,
  "best_validation_accuracy": 0.9810755032903703,
  "best_validation_accuracy3": 0.9839180717261788,
  "best_validation_precision-overall": 0.8976023976023976,
  "best_validation_recall-overall": 0.9072702793672164,
  "best_validation_f1-measure-overall": 0.9024104452627555,
  "best_validation_loss": 19.231099461807926
}