{
  "best_epoch": 27,
  "peak_worker_0_memory_MB": 0,
  "peak_gpu_0_memory_MB": 46.54345703125,
  "training_duration": "1:40:26.238885",
  "training_start_epoch": 0,
  "training_epochs": 96,
  "epoch": 96,
  "training_accuracy": 0.9953393805157621,
  "training_accuracy3": 0.9959778215410002,
  "training_precision-overall": 0.9781385834824853,
  "training_recall-overall": 0.9767649687220733,
  "training_f1-measure-overall": 0.9774512935163985,
  "training_loss": 2.117451792928668,
  "training_worker_0_memory_MB": 0.0,
  "training_gpu_0_memory_MB": 46.54345703125,
  "validation_accuracy": 0.9815233051672443,
  "validation_accuracy3": 0.9845411004244383,
  "validation_precision-overall": 0.8971371504660453,
  "validation_recall-overall": 0.9071019858633457,
  "validation_f1-measure-overall": 0.9020920502091552,
  "validation_loss": 24.26213055965947,
  "best_validation_accuracy": 0.9810755032903703,
  "best_validation_accuracy3": 0.9839180717261788,
  "best_validation_precision-overall": 0.8976023976023976,
  "best_validation_recall-overall": 0.9072702793672164,
  "best_validation_f1-measure-overall": 0.9024104452627555,
  "best_validation_loss": 19.231099461807926
}