{
  "best_epoch": 27,
  "peak_worker_0_memory_MB": 0,
  "peak_gpu_0_memory_MB": 44.57275390625,
  "training_duration": "1:05:17.995206",
  "training_start_epoch": 0,
  "training_epochs": 62,
  "epoch": 62,
  "training_accuracy": 0.9927708831603813,
  "training_accuracy3": 0.9937138114438098,
  "training_precision-overall": 0.9675368995819469,
  "training_recall-overall": 0.9651900080854504,
  "training_f1-measure-overall": 0.9663620289298832,
  "training_loss": 3.647556663972404,
  "training_worker_0_memory_MB": 0.0,
  "training_gpu_0_memory_MB": 44.57275390625,
  "validation_accuracy": 0.9815622444608855,
  "validation_accuracy3": 0.9843269343094116,
  "validation_precision-overall": 0.8983361064891847,
  "validation_recall-overall": 0.9086166273981824,
  "validation_f1-measure-overall": 0.9034471218205659,
  "validation_loss": 24.10962449818594,
  "best_validation_accuracy": 0.9810755032903703,
  "best_validation_accuracy3": 0.9839180717261788,
  "best_validation_precision-overall": 0.8976023976023976,
  "best_validation_recall-overall": 0.9072702793672164,
  "best_validation_f1-measure-overall": 0.9024104452627555,
  "best_validation_loss": 19.231099461807926
}