{
  "best_epoch": 27,
  "peak_worker_0_memory_MB": 0,
  "peak_gpu_0_memory_MB": 46.54345703125,
  "training_duration": "1:39:24.306676",
  "training_start_epoch": 0,
  "training_epochs": 95,
  "epoch": 95,
  "training_accuracy": 0.9954916241448574,
  "training_accuracy3": 0.9961300651700954,
  "training_precision-overall": 0.9795927062031357,
  "training_recall-overall": 0.9784671688156943,
  "training_f1-measure-overall": 0.9790296140171096,
  "training_loss": 2.08185401608094,
  "training_worker_0_memory_MB": 0.0,
  "training_gpu_0_memory_MB": 46.54345703125,
  "validation_accuracy": 0.9816790623418091,
  "validation_accuracy3": 0.9847942058331062,
  "validation_precision-overall": 0.8979353979353979,
  "validation_recall-overall": 0.9076068663749579,
  "validation_f1-measure-overall": 0.902745229327034,
  "validation_loss": 25.166178578255224,
  "best_validation_accuracy": 0.9810755032903703,
  "best_validation_accuracy3": 0.9839180717261788,
  "best_validation_precision-overall": 0.8976023976023976,
  "best_validation_recall-overall": 0.9072702793672164,
  "best_validation_f1-measure-overall": 0.9024104452627555,
  "best_validation_loss": 19.231099461807926
}