{
  "best_epoch": 19,
  "peak_worker_0_memory_MB": 0,
  "peak_gpu_0_memory_MB": 44.44921875,
  "training_duration": "0:25:57.124799",
  "training_start_epoch": 0,
  "training_epochs": 24,
  "epoch": 24,
  "training_accuracy": 0.986774448607953,
  "training_accuracy3": 0.9884294841887624,
  "training_precision-overall": 0.9409953822473063,
  "training_recall-overall": 0.936550491510277,
  "training_f1-measure-overall": 0.9387676754750285,
  "training_loss": 8.344433990181987,
  "training_worker_0_memory_MB": 0.0,
  "training_gpu_0_memory_MB": 44.44921875,
  "validation_accuracy": 0.9806666407071376,
  "validation_accuracy3": 0.9835870877302286,
  "validation_precision-overall": 0.8944648216072024,
  "validation_recall-overall": 0.902894648266577,
  "validation_f1-measure-overall": 0.8986599664991125,
  "validation_loss": 21.10867751345915,
  "best_validation_accuracy": 0.9802577781239048,
  "best_validation_accuracy3": 0.9833339823215607,
  "best_validation_precision-overall": 0.8942967051346379,
  "best_validation_recall-overall": 0.8998653651969034,
  "best_validation_f1-measure-overall": 0.8970723932555494,
  "best_validation_loss": 20.587576183618285
}