{
  "best_epoch": 27,
  "peak_worker_0_memory_MB": 0,
  "peak_gpu_0_memory_MB": 44.57275390625,
  "training_duration": "1:01:09.766941",
  "training_start_epoch": 0,
  "training_epochs": 58,
  "epoch": 58,
  "training_accuracy": 0.9924762180718099,
  "training_accuracy3": 0.9935222791362384,
  "training_precision-overall": 0.9655643268615319,
  "training_recall-overall": 0.9629345929614026,
  "training_f1-measure-overall": 0.9642476669364993,
  "training_loss": 3.7506543888895005,
  "training_worker_0_memory_MB": 0.0,
  "training_gpu_0_memory_MB": 44.57275390625,
  "validation_accuracy": 0.9809976247030879,
  "validation_accuracy3": 0.9838207234920758,
  "validation_precision-overall": 0.8945351549483506,
  "validation_recall-overall": 0.9035678222820599,
  "validation_f1-measure-overall": 0.8990288010716179,
  "validation_loss": 24.968796526684482,
  "best_validation_accuracy": 0.9810755032903703,
  "best_validation_accuracy3": 0.9839180717261788,
  "best_validation_precision-overall": 0.8976023976023976,
  "best_validation_recall-overall": 0.9072702793672164,
  "best_validation_f1-measure-overall": 0.9024104452627555,
  "best_validation_loss": 19.231099461807926
}