{
  "best_epoch": 27,
  "peak_worker_0_memory_MB": 0,
  "peak_gpu_0_memory_MB": 44.57275390625,
  "training_duration": "1:00:07.764954",
  "training_start_epoch": 0,
  "training_epochs": 57,
  "epoch": 57,
  "training_accuracy": 0.9928396383477146,
  "training_accuracy3": 0.9937383668678574,
  "training_precision-overall": 0.9675809410058439,
  "training_recall-overall": 0.9652751180901314,
  "training_f1-measure-overall": 0.9664266541689245,
  "training_loss": 3.7654104881955983,
  "training_worker_0_memory_MB": 0.0,
  "training_gpu_0_memory_MB": 44.57275390625,
  "validation_accuracy": 0.9813480783458588,
  "validation_accuracy3": 0.9841711771348468,
  "validation_precision-overall": 0.8968095712861416,
  "validation_recall-overall": 0.908280040390441,
  "validation_f1-measure-overall": 0.9025083612039635,
  "validation_loss": 23.994552415959976,
  "best_validation_accuracy": 0.9810755032903703,
  "best_validation_accuracy3": 0.9839180717261788,
  "best_validation_precision-overall": 0.8976023976023976,
  "best_validation_recall-overall": 0.9072702793672164,
  "best_validation_f1-measure-overall": 0.9024104452627555,
  "best_validation_loss": 19.231099461807926
}