{
  "best_epoch": 27,
  "peak_worker_0_memory_MB": 0,
  "peak_gpu_0_memory_MB": 46.54345703125,
  "training_duration": "1:34:13.916911",
  "training_start_epoch": 0,
  "training_epochs": 90,
  "epoch": 90,
  "training_accuracy": 0.994774605762667,
  "training_accuracy3": 0.9953590248550003,
  "training_precision-overall": 0.976143818693022,
  "training_recall-overall": 0.9751053236307928,
  "training_f1-measure-overall": 0.9756242948076056,
  "training_loss": 2.2141863315478645,
  "training_worker_0_memory_MB": 0.0,
  "training_gpu_0_memory_MB": 46.54345703125,
  "validation_accuracy": 0.9816011837545267,
  "validation_accuracy3": 0.9846384486585413,
  "validation_precision-overall": 0.8969020652898068,
  "validation_recall-overall": 0.9062605183439919,
  "validation_f1-measure-overall": 0.9015570065293322,
  "validation_loss": 25.14432496197668,
  "best_validation_accuracy": 0.9810755032903703,
  "best_validation_accuracy3": 0.9839180717261788,
  "best_validation_precision-overall": 0.8976023976023976,
  "best_validation_recall-overall": 0.9072702793672164,
  "best_validation_f1-measure-overall": 0.9024104452627555,
  "best_validation_loss": 19.231099461807926
}