{
  "best_epoch": 27,
  "peak_worker_0_memory_MB": 0,
  "peak_gpu_0_memory_MB": 44.57275390625,
  "training_duration": "0:35:16.719519",
  "training_start_epoch": 0,
  "training_epochs": 33,
  "epoch": 33,
  "training_accuracy": 0.9889549702633815,
  "training_accuracy3": 0.9905363395720481,
  "training_precision-overall": 0.9497011101622544,
  "training_recall-overall": 0.94650836205796,
  "training_f1-measure-overall": 0.9481020482106963,
  "training_loss": 6.2669118563379405,
  "training_worker_0_memory_MB": 0.0,
  "training_gpu_0_memory_MB": 44.57275390625,
  "validation_accuracy": 0.9823215606868891,
  "validation_accuracy3": 0.9846968575990032,
  "validation_precision-overall": 0.9057329099114156,
  "validation_recall-overall": 0.9119824974755975,
  "validation_f1-measure-overall": 0.9088469601676649,
  "validation_loss": 19.431842490738514,
  "best_validation_accuracy": 0.9810755032903703,
  "best_validation_accuracy3": 0.9839180717261788,
  "best_validation_precision-overall": 0.8976023976023976,
  "best_validation_recall-overall": 0.9072702793672164,
  "best_validation_f1-measure-overall": 0.9024104452627555,
  "best_validation_loss": 19.231099461807926
}