{
  "best_epoch": 27,
  "peak_worker_0_memory_MB": 0,
  "peak_gpu_0_memory_MB": 44.57275390625,
  "training_duration": "0:54:58.105942",
  "training_start_epoch": 0,
  "training_epochs": 52,
  "epoch": 52,
  "training_accuracy": 0.9918377770465718,
  "training_accuracy3": 0.9928641937717623,
  "training_precision-overall": 0.9636030039255846,
  "training_recall-overall": 0.961019617856079,
  "training_f1-measure-overall": 0.9623095770746278,
  "training_loss": 4.08628847571021,
  "training_worker_0_memory_MB": 0.0,
  "training_gpu_0_memory_MB": 44.57275390625,
  "validation_accuracy": 0.9812507301117558,
  "validation_accuracy3": 0.9841322378412055,
  "validation_precision-overall": 0.8998160227462786,
  "validation_recall-overall": 0.9054190508246381,
  "validation_f1-measure-overall": 0.9026088415400894,
  "validation_loss": 21.92920539192125,
  "best_validation_accuracy": 0.9810755032903703,
  "best_validation_accuracy3": 0.9839180717261788,
  "best_validation_precision-overall": 0.8976023976023976,
  "best_validation_recall-overall": 0.9072702793672164,
  "best_validation_f1-measure-overall": 0.9024104452627555,
  "best_validation_loss": 19.231099461807926
}