{
  "best_epoch": 27,
  "peak_worker_0_memory_MB": 0,
  "peak_gpu_0_memory_MB": 44.57275390625,
  "training_duration": "0:57:02.062324",
  "training_start_epoch": 0,
  "training_epochs": 54,
  "epoch": 54,
  "training_accuracy": 0.9924172850540955,
  "training_accuracy3": 0.9934044131008098,
  "training_precision-overall": 0.9660618996798293,
  "training_recall-overall": 0.9630197029660836,
  "training_f1-measure-overall": 0.9645384025231791,
  "training_loss": 3.7248807290106467,
  "training_worker_0_memory_MB": 0.0,
  "training_gpu_0_memory_MB": 44.57275390625,
  "validation_accuracy": 0.9813286086990382,
  "validation_accuracy3": 0.9840543592539231,
  "validation_precision-overall": 0.8961621531815916,
  "validation_recall-overall": 0.9077751598788287,
  "validation_f1-measure-overall": 0.9019312766490596,
  "validation_loss": 24.556376884965335,
  "best_validation_accuracy": 0.9810755032903703,
  "best_validation_accuracy3": 0.9839180717261788,
  "best_validation_precision-overall": 0.8976023976023976,
  "best_validation_recall-overall": 0.9072702793672164,
  "best_validation_f1-measure-overall": 0.9024104452627555,
  "best_validation_loss": 19.231099461807926
}