{
  "best_epoch": 19,
  "peak_worker_0_memory_MB": 0,
  "peak_gpu_0_memory_MB": 44.44921875,
  "training_duration": "0:28:01.725107",
  "training_start_epoch": 0,
  "training_epochs": 26,
  "epoch": 26,
  "training_accuracy": 0.9875504000078578,
  "training_accuracy3": 0.9892447242671434,
  "training_precision-overall": 0.9433663874166525,
  "training_recall-overall": 0.9392314566577301,
  "training_f1-measure-overall": 0.9412943810640294,
  "training_loss": 7.649430057250286,
  "training_worker_0_memory_MB": 0.0,
  "training_gpu_0_memory_MB": 44.44921875,
  "validation_accuracy": 0.9809976247030879,
  "validation_accuracy3": 0.9840738289007437,
  "validation_precision-overall": 0.8991610738255034,
  "validation_recall-overall": 0.9018848872433524,
  "validation_f1-measure-overall": 0.900520920853588,
  "validation_loss": 21.20565423836895,
  "best_validation_accuracy": 0.9802577781239048,
  "best_validation_accuracy3": 0.9833339823215607,
  "best_validation_precision-overall": 0.8942967051346379,
  "best_validation_recall-overall": 0.8998653651969034,
  "best_validation_f1-measure-overall": 0.8970723932555494,
  "best_validation_loss": 20.587576183618285
}