{
  "best_epoch": 27,
  "peak_worker_0_memory_MB": 0,
  "peak_gpu_0_memory_MB": 46.54345703125,
  "training_duration": "1:22:51.917821",
  "training_start_epoch": 0,
  "training_epochs": 79,
  "epoch": 79,
  "training_accuracy": 0.9945192293525716,
  "training_accuracy3": 0.9951822258018573,
  "training_precision-overall": 0.974736931793976,
  "training_recall-overall": 0.9736584535512149,
  "training_f1-measure-overall": 0.9741973941922348,
  "training_loss": 2.453626596871636,
  "training_worker_0_memory_MB": 0.0,
  "training_gpu_0_memory_MB": 46.54345703125,
  "validation_accuracy": 0.9821463338655037,
  "validation_accuracy3": 0.9849304933608505,
  "validation_precision-overall": 0.8989043824701195,
  "validation_recall-overall": 0.9113093234601144,
  "validation_f1-measure-overall": 0.9050643489887517,
  "validation_loss": 23.814512642593506,
  "best_validation_accuracy": 0.9810755032903703,
  "best_validation_accuracy3": 0.9839180717261788,
  "best_validation_precision-overall": 0.8976023976023976,
  "best_validation_recall-overall": 0.9072702793672164,
  "best_validation_f1-measure-overall": 0.9024104452627555,
  "best_validation_loss": 19.231099461807926
}