{
  "best_epoch": 19,
  "peak_worker_0_memory_MB": 0,
  "peak_gpu_0_memory_MB": 44.44921875,
  "training_duration": "0:26:59.415622",
  "training_start_epoch": 0,
  "training_epochs": 25,
  "epoch": 25,
  "training_accuracy": 0.9871084023750006,
  "training_accuracy3": 0.9888272820583338,
  "training_precision-overall": 0.9409226826142674,
  "training_recall-overall": 0.9373590365547471,
  "training_f1-measure-overall": 0.9391374789485527,
  "training_loss": 7.812557023247717,
  "training_worker_0_memory_MB": 0.0,
  "training_gpu_0_memory_MB": 44.44921875,
  "validation_accuracy": 0.9802383084770843,
  "validation_accuracy3": 0.9831587555001752,
  "validation_precision-overall": 0.8952572481984247,
  "validation_recall-overall": 0.8990238976775496,
  "validation_f1-measure-overall": 0.8971366193634567,
  "validation_loss": 20.692810600294788,
  "best_validation_accuracy": 0.9802577781239048,
  "best_validation_accuracy3": 0.9833339823215607,
  "best_validation_precision-overall": 0.8942967051346379,
  "best_validation_recall-overall": 0.8998653651969034,
  "best_validation_f1-measure-overall": 0.8970723932555494,
  "best_validation_loss": 20.587576183618285
}