{
  "best_epoch": 27,
  "peak_worker_0_memory_MB": 0,
  "peak_gpu_0_memory_MB": 46.54345703125,
  "training_duration": "1:33:12.107375",
  "training_start_epoch": 0,
  "training_epochs": 89,
  "epoch": 89,
  "training_accuracy": 0.995000515663905,
  "training_accuracy3": 0.9955800236714287,
  "training_precision-overall": 0.9772078558343629,
  "training_recall-overall": 0.9761266436869654,
  "training_f1-measure-overall": 0.9766669505236664,
  "training_loss": 2.100273963030012,
  "training_worker_0_memory_MB": 0.0,
  "training_gpu_0_memory_MB": 46.54345703125,
  "validation_accuracy": 0.9820489856314006,
  "validation_accuracy3": 0.9848331451267474,
  "validation_precision-overall": 0.8994338994338994,
  "validation_recall-overall": 0.9091215079097947,
  "validation_f1-measure-overall": 0.9042517576162876,
  "validation_loss": 24.49269442669317,
  "best_validation_accuracy": 0.9810755032903703,
  "best_validation_accuracy3": 0.9839180717261788,
  "best_validation_precision-overall": 0.8976023976023976,
  "best_validation_recall-overall": 0.9072702793672164,
  "best_validation_f1-measure-overall": 0.9024104452627555,
  "best_validation_loss": 19.231099461807926
}