{
  "best_epoch": 27,
  "peak_worker_0_memory_MB": 0,
  "peak_gpu_0_memory_MB": 44.57275390625,
  "training_duration": "0:42:31.679950",
  "training_start_epoch": 0,
  "training_epochs": 40,
  "epoch": 40,
  "training_accuracy": 0.9905019619783814,
  "training_accuracy3": 0.9918181327073338,
  "training_precision-overall": 0.9564939219449776,
  "training_recall-overall": 0.954295927486276,
  "training_f1-measure-overall": 0.9553936605316473,
  "training_loss": 5.085574251151981,
  "training_worker_0_memory_MB": 0.0,
  "training_gpu_0_memory_MB": 44.57275390625,
  "validation_accuracy": 0.9826136053891983,
  "validation_accuracy3": 0.9850862505354153,
  "validation_precision-overall": 0.904047976011994,
  "validation_recall-overall": 0.9133288455065635,
  "validation_f1-measure-overall": 0.9086647132691004,
  "validation_loss": 20.10411362320769,
  "best_validation_accuracy": 0.9810755032903703,
  "best_validation_accuracy3": 0.9839180717261788,
  "best_validation_precision-overall": 0.8976023976023976,
  "best_validation_recall-overall": 0.9072702793672164,
  "best_validation_f1-measure-overall": 0.9024104452627555,
  "best_validation_loss": 19.231099461807926
}