{
  "best_epoch": 15,
  "peak_worker_0_memory_MB": 0,
  "peak_gpu_0_memory_MB": 44.44921875,
  "training_duration": "0:17:40.111444",
  "training_start_epoch": 0,
  "training_epochs": 16,
  "epoch": 16,
  "training_accuracy": 0.9829388913717151,
  "training_accuracy3": 0.9854337224549531,
  "training_precision-overall": 0.9227337080097816,
  "training_recall-overall": 0.9152729903400144,
  "training_f1-measure-overall": 0.918988207144028,
  "training_loss": 11.407518369461789,
  "training_worker_0_memory_MB": 0.0,
  "training_gpu_0_memory_MB": 44.44921875,
  "validation_accuracy": 0.9794205833106188,
  "validation_accuracy3": 0.9824383785678128,
  "validation_precision-overall": 0.887352107982003,
  "validation_recall-overall": 0.8961629081117469,
  "validation_f1-measure-overall": 0.8917357447876919,
  "validation_loss": 21.69345328430919,
  "best_validation_accuracy": 0.9794011136637981,
  "best_validation_accuracy3": 0.9821658035123243,
  "best_validation_precision-overall": 0.8935705892227631,
  "best_validation_recall-overall": 0.8958263211040054,
  "best_validation_f1-measure-overall": 0.8946970333640982,
  "best_validation_loss": 20.613191391907485
}