{
  "best_epoch": 27,
  "peak_worker_0_memory_MB": 0,
  "peak_gpu_0_memory_MB": 46.54345703125,
  "training_duration": "1:32:10.077810",
  "training_start_epoch": 0,
  "training_epochs": 88,
  "epoch": 88,
  "training_accuracy": 0.9949514048158098,
  "training_accuracy3": 0.9956045790954764,
  "training_precision-overall": 0.9768165352652888,
  "training_recall-overall": 0.9754032086471764,
  "training_f1-measure-overall": 0.9761093603610776,
  "training_loss": 2.4245437667503578,
  "training_worker_0_memory_MB": 0.0,
  "training_gpu_0_memory_MB": 46.54345703125,
  "validation_accuracy": 0.9820100463377595,
  "validation_accuracy3": 0.984404812896694,
  "validation_precision-overall": 0.9017456359102244,
  "validation_recall-overall": 0.9128239649949512,
  "validation_f1-measure-overall": 0.9072509826879154,
  "validation_loss": 23.105358832022723,
  "best_validation_accuracy": 0.9810755032903703,
  "best_validation_accuracy3": 0.9839180717261788,
  "best_validation_precision-overall": 0.8976023976023976,
  "best_validation_recall-overall": 0.9072702793672164,
  "best_validation_f1-measure-overall": 0.9024104452627555,
  "best_validation_loss": 19.231099461807926
}