{
  "best_epoch": 27,
  "peak_worker_0_memory_MB": 0,
  "peak_gpu_0_memory_MB": 44.57275390625,
  "training_duration": "1:03:13.836836",
  "training_start_epoch": 0,
  "training_epochs": 60,
  "epoch": 60,
  "training_accuracy": 0.9931048369274289,
  "training_accuracy3": 0.9940232097868098,
  "training_precision-overall": 0.967472396299612,
  "training_recall-overall": 0.9657432231158772,
  "training_f1-measure-overall": 0.9666070363744282,
  "training_loss": 3.42623194565271,
  "training_worker_0_memory_MB": 0.0,
  "training_gpu_0_memory_MB": 44.57275390625,
  "validation_accuracy": 0.9815817141077061,
  "validation_accuracy3": 0.9841906467816673,
  "validation_precision-overall": 0.8973719228210246,
  "validation_recall-overall": 0.9079434533826994,
  "validation_f1-measure-overall": 0.9026267358205959,
  "validation_loss": 23.833836296025446,
  "best_validation_accuracy": 0.9810755032903703,
  "best_validation_accuracy3": 0.9839180717261788,
  "best_validation_precision-overall": 0.8976023976023976,
  "best_validation_recall-overall": 0.9072702793672164,
  "best_validation_f1-measure-overall": 0.9024104452627555,
  "best_validation_loss": 19.231099461807926
}