{
  "best_epoch": 27,
  "peak_worker_0_memory_MB": 0,
  "peak_gpu_0_memory_MB": 46.54345703125,
  "training_duration": "1:24:56.173856",
  "training_start_epoch": 0,
  "training_epochs": 81,
  "epoch": 81,
  "training_accuracy": 0.9945928956247145,
  "training_accuracy3": 0.9952558920740002,
  "training_precision-overall": 0.975608716046224,
  "training_recall-overall": 0.9736158985488744,
  "training_f1-measure-overall": 0.9746112886048489,
  "training_loss": 2.4371394061829244,
  "training_worker_0_memory_MB": 0.0,
  "training_gpu_0_memory_MB": 46.54345703125,
  "validation_accuracy": 0.9825357268019158,
  "validation_accuracy3": 0.9852225380631595,
  "validation_precision-overall": 0.9021757183192161,
  "validation_recall-overall": 0.9141703130259172,
  "validation_f1-measure-overall": 0.9081334113516176,
  "validation_loss": 23.23098086514373,
  "best_validation_accuracy": 0.9810755032903703,
  "best_validation_accuracy3": 0.9839180717261788,
  "best_validation_precision-overall": 0.8976023976023976,
  "best_validation_recall-overall": 0.9072702793672164,
  "best_validation_f1-measure-overall": 0.9024104452627555,
  "best_validation_loss": 19.231099461807926
}