{
  "best_epoch": 6,
  "peak_worker_0_memory_MB": 0,
  "peak_gpu_0_memory_MB": 44.44921875,
  "training_duration": "0:09:22.781975",
  "training_start_epoch": 0,
  "training_epochs": 8,
  "epoch": 8,
  "training_accuracy": 0.9770652339395249,
  "training_accuracy3": 0.98051772656062,
  "training_precision-overall": 0.8952073930797335,
  "training_recall-overall": 0.8862930337461169,
  "training_f1-measure-overall": 0.8907279103583453,
  "training_loss": 17.61631245004832,
  "training_worker_0_memory_MB": 0.0,
  "training_gpu_0_memory_MB": 44.44921875,
  "validation_accuracy": 0.9775904365094817,
  "validation_accuracy3": 0.9806666407071376,
  "validation_precision-overall": 0.8860355824102047,
  "validation_recall-overall": 0.8884214069336923,
  "validation_f1-measure-overall": 0.8872268907562525,
  "validation_loss": 22.410982697617772,
  "best_validation_accuracy": 0.9778435419181496,
  "best_validation_accuracy3": 0.9812117908181146,
  "best_validation_precision-overall": 0.8864321608040201,
  "best_validation_recall-overall": 0.8906092224840121,
  "best_validation_f1-measure-overall": 0.8885157824042483,
  "best_validation_loss": 21.135030054578593
}