{
  "best_epoch": 27,
  "peak_worker_0_memory_MB": 0,
  "peak_gpu_0_memory_MB": 46.54345703125,
  "training_duration": "1:31:08.141247",
  "training_start_epoch": 0,
  "training_epochs": 87,
  "epoch": 87,
  "training_accuracy": 0.994897382882905,
  "training_accuracy3": 0.995619312349905,
  "training_precision-overall": 0.9761813456048404,
  "training_recall-overall": 0.9749351036214307,
  "training_f1-measure-overall": 0.9755578266052982,
  "training_loss": 2.27830781450109,
  "training_worker_0_memory_MB": 0.0,
  "training_gpu_0_memory_MB": 46.54345703125,
  "validation_accuracy": 0.981932167750477,
  "validation_accuracy3": 0.9847357968926443,
  "validation_precision-overall": 0.8994181213632585,
  "validation_recall-overall": 0.9104678559407607,
  "validation_f1-measure-overall": 0.9049092581750776,
  "validation_loss": 24.653696972365474,
  "best_validation_accuracy": 0.9810755032903703,
  "best_validation_accuracy3": 0.9839180717261788,
  "best_validation_precision-overall": 0.8976023976023976,
  "best_validation_recall-overall": 0.9072702793672164,
  "best_validation_f1-measure-overall": 0.9024104452627555,
  "best_validation_loss": 19.231099461807926
}