{
  "best_epoch": 27,
  "peak_worker_0_memory_MB": 0,
  "peak_gpu_0_memory_MB": 44.57275390625,
  "training_duration": "1:19:45.720292",
  "training_start_epoch": 0,
  "training_epochs": 76,
  "epoch": 76,
  "training_accuracy": 0.9944455630804289,
  "training_accuracy3": 0.9951527592930002,
  "training_precision-overall": 0.974085755690052,
  "training_recall-overall": 0.9725520234903613,
  "training_f1-measure-overall": 0.9733182853856956,
  "training_loss": 2.588034548578203,
  "training_worker_0_memory_MB": 0.0,
  "training_gpu_0_memory_MB": 44.57275390625,
  "validation_accuracy": 0.9819711070441183,
  "validation_accuracy3": 0.9848331451267474,
  "validation_precision-overall": 0.9021992669110297,
  "validation_recall-overall": 0.9113093234601144,
  "validation_f1-measure-overall": 0.9067314132618389,
  "validation_loss": 22.133995565713622,
  "best_validation_accuracy": 0.9810755032903703,
  "best_validation_accuracy3": 0.9839180717261788,
  "best_validation_precision-overall": 0.8976023976023976,
  "best_validation_recall-overall": 0.9072702793672164,
  "best_validation_f1-measure-overall": 0.9024104452627555,
  "best_validation_loss": 19.231099461807926
}