{
  "best_epoch": 19,
  "peak_worker_0_memory_MB": 0,
  "peak_gpu_0_memory_MB": 44.44921875,
  "training_duration": "0:24:55.071467",
  "training_start_epoch": 0,
  "training_epochs": 23,
  "epoch": 23,
  "training_accuracy": 0.9859297420207149,
  "training_accuracy3": 0.9879236424533815,
  "training_precision-overall": 0.9361765838217051,
  "training_recall-overall": 0.9313162262223924,
  "training_f1-measure-overall": 0.9337400802115722,
  "training_loss": 8.767666695601305,
  "training_worker_0_memory_MB": 0.0,
  "training_gpu_0_memory_MB": 44.44921875,
  "validation_accuracy": 0.9805692924730346,
  "validation_accuracy3": 0.9836260270238698,
  "validation_precision-overall": 0.8962863834058213,
  "validation_recall-overall": 0.9017165937394817,
  "validation_f1-measure-overall": 0.898993288590554,
  "validation_loss": 21.293995617651472,
  "best_validation_accuracy": 0.9802577781239048,
  "best_validation_accuracy3": 0.9833339823215607,
  "best_validation_precision-overall": 0.8942967051346379,
  "best_validation_recall-overall": 0.8998653651969034,
  "best_validation_f1-measure-overall": 0.8970723932555494,
  "best_validation_loss": 20.587576183618285
}