{
  "best_epoch": 27,
  "peak_worker_0_memory_MB": 0,
  "peak_gpu_0_memory_MB": 46.54345703125,
  "training_duration": "1:43:32.513481",
  "training_start_epoch": 0,
  "training_epochs": 99,
  "epoch": 99,
  "training_accuracy": 0.9955309128233335,
  "training_accuracy3": 0.9961251540852859,
  "training_precision-overall": 0.9787542044535275,
  "training_recall-overall": 0.9782543938039917,
  "training_f1-measure-overall": 0.9785042353040831,
  "training_loss": 1.8620031999948101,
  "training_worker_0_memory_MB": 0.0,
  "training_gpu_0_memory_MB": 46.54345703125,
  "validation_accuracy": 0.9816011837545267,
  "validation_accuracy3": 0.9845021611307971,
  "validation_precision-overall": 0.8971419076105018,
  "validation_recall-overall": 0.9086166273981824,
  "validation_f1-measure-overall": 0.9028428093644986,
  "validation_loss": 24.907461153525933,
  "best_validation_accuracy": 0.9810755032903703,
  "best_validation_accuracy3": 0.9839180717261788,
  "best_validation_precision-overall": 0.8976023976023976,
  "best_validation_recall-overall": 0.9072702793672164,
  "best_validation_f1-measure-overall": 0.9024104452627555,
  "best_validation_loss": 19.231099461807926,
  "test_accuracy": 0.9690535156670614,
  "test_accuracy3": 0.9745881339506838,
  "test_precision-overall": 0.8396324549237171,
  "test_recall-overall": 0.857471671388102,
  "test_f1-measure-overall": 0.848458304134498,
  "test_loss": 33.500791351000466
}