{
  "best_epoch": 27,
  "peak_worker_0_memory_MB": 0,
  "peak_gpu_0_memory_MB": 46.54345703125,
  "training_duration": "1:36:17.961233",
  "training_start_epoch": 0,
  "training_epochs": 92,
  "epoch": 92,
  "training_accuracy": 0.9950741819360479,
  "training_accuracy3": 0.9956978897068574,
  "training_precision-overall": 0.9768958608636344,
  "training_recall-overall": 0.9752329886378144,
  "training_f1-measure-overall": 0.9760637165125783,
  "training_loss": 2.32910055851305,
  "training_worker_0_memory_MB": 0.0,
  "training_gpu_0_memory_MB": 46.54345703125,
  "validation_accuracy": 0.981834819516374,
  "validation_accuracy3": 0.9845800397180795,
  "validation_precision-overall": 0.9001663893510815,
  "validation_recall-overall": 0.9104678559407607,
  "validation_f1-measure-overall": 0.9052878179383703,
  "validation_loss": 23.136678784642843,
  "best_validation_accuracy": 0.9810755032903703,
  "best_validation_accuracy3": 0.9839180717261788,
  "best_validation_precision-overall": 0.8976023976023976,
  "best_validation_recall-overall": 0.9072702793672164,
  "best_validation_f1-measure-overall": 0.9024104452627555,
  "best_validation_loss": 19.231099461807926
}