{
  "best_epoch": 27,
  "peak_worker_0_memory_MB": 0,
  "peak_gpu_0_memory_MB": 44.57275390625,
  "training_duration": "1:06:19.796673",
  "training_start_epoch": 0,
  "training_epochs": 63,
  "epoch": 63,
  "training_accuracy": 0.9934142352704289,
  "training_accuracy3": 0.9942933194513336,
  "training_precision-overall": 0.9695909924510598,
  "training_recall-overall": 0.9674454232094982,
  "training_f1-measure-overall": 0.9685170195543317,
  "training_loss": 3.0532108620657734,
  "training_worker_0_memory_MB": 0.0,
  "training_gpu_0_memory_MB": 44.57275390625,
  "validation_accuracy": 0.9810755032903703,
  "validation_accuracy3": 0.9839180717261788,
  "validation_precision-overall": 0.8939771030363365,
  "validation_recall-overall": 0.9067653988556041,
  "validation_f1-measure-overall": 0.9003258417578246,
  "validation_loss": 25.542510029147653,
  "best_validation_accuracy": 0.9810755032903703,
  "best_validation_accuracy3": 0.9839180717261788,
  "best_validation_precision-overall": 0.8976023976023976,
  "best_validation_recall-overall": 0.9072702793672164,
  "best_validation_f1-measure-overall": 0.9024104452627555,
  "best_validation_loss": 19.231099461807926
}