{
  "best_epoch": 27,
  "peak_worker_0_memory_MB": 0,
  "peak_gpu_0_memory_MB": 44.57275390625,
  "training_duration": "0:51:51.390912",
  "training_start_epoch": 0,
  "training_epochs": 49,
  "epoch": 49,
  "training_accuracy": 0.9920440426085718,
  "training_accuracy3": 0.993124481266667,
  "training_precision-overall": 0.9626279863481229,
  "training_recall-overall": 0.960211072811609,
  "training_f1-measure-overall": 0.9614180106094644,
  "training_loss": 4.142502453186653,
  "training_worker_0_memory_MB": 0.0,
  "training_gpu_0_memory_MB": 44.57275390625,
  "validation_accuracy": 0.9814064872863206,
  "validation_accuracy3": 0.9840932985475643,
  "validation_precision-overall": 0.8988501916347276,
  "validation_recall-overall": 0.9077751598788287,
  "validation_f1-measure-overall": 0.9032906304948005,
  "validation_loss": 22.754557262448703,
  "best_validation_accuracy": 0.9810755032903703,
  "best_validation_accuracy3": 0.9839180717261788,
  "best_validation_precision-overall": 0.8976023976023976,
  "best_validation_recall-overall": 0.9072702793672164,
  "best_validation_f1-measure-overall": 0.9024104452627555,
  "best_validation_loss": 19.231099461807926
}