{
  "best_epoch": 6,
  "peak_worker_0_memory_MB": 0,
  "peak_gpu_0_memory_MB": 44.44921875,
  "training_duration": "0:07:16.669289",
  "training_start_epoch": 0,
  "training_epochs": 6,
  "epoch": 6,
  "training_accuracy": 0.974590047195525,
  "training_accuracy3": 0.9782684497178582,
  "training_precision-overall": 0.8839750483975048,
  "training_recall-overall": 0.8744201880931104,
  "training_f1-measure-overall": 0.8791716583946103,
  "training_loss": 19.991262289277515,
  "training_worker_0_memory_MB": 0.0,
  "training_gpu_0_memory_MB": 44.44921875,
  "validation_accuracy": 0.9778435419181496,
  "validation_accuracy3": 0.9812117908181146,
  "validation_precision-overall": 0.8864321608040201,
  "validation_recall-overall": 0.8906092224840121,
  "validation_f1-measure-overall": 0.8885157824042483,
  "validation_loss": 21.135030054578593,
  "best_validation_accuracy": 0.9778435419181496,
  "best_validation_accuracy3": 0.9812117908181146,
  "best_validation_precision-overall": 0.8864321608040201,
  "best_validation_recall-overall": 0.8906092224840121,
  "best_validation_f1-measure-overall": 0.8885157824042483,
  "best_validation_loss": 21.135030054578593
}