{
  "best_epoch": 27,
  "peak_worker_0_memory_MB": 0,
  "peak_gpu_0_memory_MB": 44.57275390625,
  "training_duration": "0:34:14.600149",
  "training_start_epoch": 0,
  "training_epochs": 32,
  "epoch": 32,
  "training_accuracy": 0.9892299910127148,
  "training_accuracy3": 0.9906738499467147,
  "training_precision-overall": 0.9500896592946803,
  "training_recall-overall": 0.9469764670837056,
  "training_f1-measure-overall": 0.9485305087273855,
  "training_loss": 6.207620292834106,
  "training_worker_0_memory_MB": 0.0,
  "training_gpu_0_memory_MB": 44.57275390625,
  "validation_accuracy": 0.9809781550562673,
  "validation_accuracy3": 0.9839375413729995,
  "validation_precision-overall": 0.8971791019863128,
  "validation_recall-overall": 0.9045775833052844,
  "validation_f1-measure-overall": 0.900863152601978,
  "validation_loss": 22.519940432380228,
  "best_validation_accuracy": 0.9810755032903703,
  "best_validation_accuracy3": 0.9839180717261788,
  "best_validation_precision-overall": 0.8976023976023976,
  "best_validation_recall-overall": 0.9072702793672164,
  "best_validation_f1-measure-overall": 0.9024104452627555,
  "best_validation_loss": 19.231099461807926
}