{
  "best_epoch": 6,
  "peak_worker_0_memory_MB": 0,
  "peak_gpu_0_memory_MB": 44.44921875,
  "training_duration": "0:10:24.930118",
  "training_start_epoch": 0,
  "training_epochs": 9,
  "epoch": 9,
  "training_accuracy": 0.9785925813152867,
  "training_accuracy3": 0.9818142529503342,
  "training_precision-overall": 0.9016020272301679,
  "training_recall-overall": 0.8933146091323035,
  "training_f1-measure-overall": 0.8974391860116641,
  "training_loss": 16.164413523565393,
  "training_worker_0_memory_MB": 0.0,
  "training_gpu_0_memory_MB": 44.44921875,
  "validation_accuracy": 0.9778630115649702,
  "validation_accuracy3": 0.9811144425840115,
  "validation_precision-overall": 0.8862606945143432,
  "validation_recall-overall": 0.8890945809491754,
  "validation_f1-measure-overall": 0.8876753759555915,
  "validation_loss": 22.70623246828715,
  "best_validation_accuracy": 0.9778435419181496,
  "best_validation_accuracy3": 0.9812117908181146,
  "best_validation_precision-overall": 0.8864321608040201,
  "best_validation_recall-overall": 0.8906092224840121,
  "best_validation_f1-measure-overall": 0.8885157824042483,
  "best_validation_loss": 21.135030054578593
}