{
  "best_epoch": 27,
  "peak_worker_0_memory_MB": 0,
  "peak_gpu_0_memory_MB": 44.57275390625,
  "training_duration": "1:13:34.021208",
  "training_start_epoch": 0,
  "training_epochs": 70,
  "epoch": 70,
  "training_accuracy": 0.9937825666311432,
  "training_accuracy3": 0.9944995850133336,
  "training_precision-overall": 0.9709947108002047,
  "training_recall-overall": 0.968722073279714,
  "training_f1-measure-overall": 0.9698570606905749,
  "training_loss": 3.197274878875677,
  "training_worker_0_memory_MB": 0.0,
  "training_gpu_0_memory_MB": 44.57275390625,
  "validation_accuracy": 0.98202951598458,
  "validation_accuracy3": 0.9846968575990032,
  "validation_precision-overall": 0.8996344300432038,
  "validation_recall-overall": 0.9111410299562437,
  "validation_f1-measure-overall": 0.905351170568512,
  "validation_loss": 22.441625632491768,
  "best_validation_accuracy": 0.9810755032903703,
  "best_validation_accuracy3": 0.9839180717261788,
  "best_validation_precision-overall": 0.8976023976023976,
  "best_validation_recall-overall": 0.9072702793672164,
  "best_validation_f1-measure-overall": 0.9024104452627555,
  "best_validation_loss": 19.231099461807926
}