{
  "best_epoch": 54,
  "peak_worker_0_memory_MB": 0,
  "peak_gpu_0_memory_MB": 979.04736328125,
  "training_duration": "1:36:29.494236",
  "training_start_epoch": 0,
  "training_epochs": 67,
  "epoch": 67,
  "training_accuracy": 0.9985954297444762,
  "training_accuracy3": 0.9987967842216667,
  "training_precision-overall": 0.9932734471454724,
  "training_recall-overall": 0.9928507596067918,
  "training_f1-measure-overall": 0.9930620583978389,
  "training_loss": 0.42146464819585727,
  "training_worker_0_memory_MB": 0.0,
  "training_gpu_0_memory_MB": 979.04736328125,
  "validation_accuracy": 0.981094972937191,
  "validation_accuracy3": 0.9836844359643316,
  "validation_precision-overall": 0.9144082332761578,
  "validation_recall-overall": 0.8971726691349714,
  "validation_f1-measure-overall": 0.9057084607542824,
  "validation_loss": 15.136752844590408,
  "best_validation_accuracy": 0.981192321171294,
  "best_validation_accuracy3": 0.9838986020793583,
  "best_validation_precision-overall": 0.9172841633637774,
  "best_validation_recall-overall": 0.8958263211040054,
  "best_validation_f1-measure-overall": 0.9064282673477577,
  "best_validation_loss": 14.500312375288743
}