{
  "best_epoch": 103,
  "peak_worker_0_memory_MB": 0,
  "peak_gpu_0_memory_MB": 979.04736328125,
  "training_duration": "2:34:32.571853",
  "training_start_epoch": 0,
  "training_epochs": 108,
  "epoch": 108,
  "training_accuracy": 0.9992584261937619,
  "training_accuracy3": 0.9993566478899524,
  "training_precision-overall": 0.9961700497893528,
  "training_recall-overall": 0.9961700497893528,
  "training_f1-measure-overall": 0.9961700497893028,
  "training_loss": 0.2377173131895235,
  "training_worker_0_memory_MB": 0.0,
  "training_gpu_0_memory_MB": 979.04736328125,
  "validation_accuracy": 0.9811533818776528,
  "validation_accuracy3": 0.983762314551614,
  "validation_precision-overall": 0.9177302518109693,
  "validation_recall-overall": 0.8954897340962639,
  "validation_f1-measure-overall": 0.906473594548502,
  "validation_loss": 17.246513667473426,
  "best_validation_accuracy": 0.9819711070441183,
  "best_validation_accuracy3": 0.9842685253689498,
  "best_validation_precision-overall": 0.9217511203033437,
  "best_validation_recall-overall": 0.9000336587007741,
  "best_validation_f1-measure-overall": 0.9107629427792417,
  "best_validation_loss": 16.463754956172064
}