{
  "best_epoch": 39,
  "peak_worker_0_memory_MB": 0,
  "peak_gpu_0_memory_MB": 979.04736328125,
  "training_duration": "1:03:54.797077",
  "training_start_epoch": 0,
  "training_epochs": 44,
  "epoch": 44,
  "training_accuracy": 0.9972547035914763,
  "training_accuracy3": 0.9976672347154762,
  "training_precision-overall": 0.9867143587123147,
  "training_recall-overall": 0.9860845142346483,
  "training_f1-measure-overall": 0.9863993359299673,
  "training_loss": 0.8247068364425062,
  "training_worker_0_memory_MB": 0.0,
  "training_gpu_0_memory_MB": 979.04736328125,
  "validation_accuracy": 0.980549822826214,
  "validation_accuracy3": 0.9831587555001752,
  "validation_precision-overall": 0.9139209936173883,
  "validation_recall-overall": 0.8916189835072367,
  "validation_f1-measure-overall": 0.9026322514694108,
  "validation_loss": 13.811705260643592,
  "best_validation_accuracy": 0.9803745960048285,
  "best_validation_accuracy3": 0.9833729216152018,
  "best_validation_precision-overall": 0.9172580924355201,
  "best_validation_recall-overall": 0.8917872770111074,
  "best_validation_f1-measure-overall": 0.9043433740079712,
  "best_validation_loss": 13.777710700401894
}