{
  "best_epoch": 103,
  "peak_worker_0_memory_MB": 0,
  "peak_gpu_0_memory_MB": 979.04736328125,
  "training_duration": "2:45:51.649491",
  "training_start_epoch": 0,
  "training_epochs": 116,
  "epoch": 116,
  "training_accuracy": 0.9991012714798572,
  "training_accuracy3": 0.9992240486000953,
  "training_precision-overall": 0.9956166482253809,
  "training_recall-overall": 0.9955742797565854,
  "training_f1-measure-overall": 0.9955954635401759,
  "training_loss": 0.289731871615101,
  "training_worker_0_memory_MB": 0.0,
  "training_gpu_0_memory_MB": 979.04736328125,
  "validation_accuracy": 0.981192321171294,
  "validation_accuracy3": 0.9837428449047935,
  "validation_precision-overall": 0.9142072752230611,
  "validation_recall-overall": 0.8966677886233592,
  "validation_f1-measure-overall": 0.9053525913338497,
  "validation_loss": 16.978466190925012,
  "best_validation_accuracy": 0.9819711070441183,
  "best_validation_accuracy3": 0.9842685253689498,
  "best_validation_precision-overall": 0.9217511203033437,
  "best_validation_recall-overall": 0.9000336587007741,
  "best_validation_f1-measure-overall": 0.9107629427792417,
  "best_validation_loss": 16.463754956172064
}