{
  "best_epoch": 82,
  "peak_worker_0_memory_MB": 0,
  "peak_gpu_0_memory_MB": 979.04736328125,
  "training_duration": "2:06:13.100509",
  "training_start_epoch": 0,
  "training_epochs": 88,
  "epoch": 88,
  "training_accuracy": 0.999155293412762,
  "training_accuracy3": 0.9992535151089524,
  "training_precision-overall": 0.9958718134229901,
  "training_recall-overall": 0.995787054768288,
  "training_f1-measure-overall": 0.99582943229206,
  "training_loss": 0.26804137654151783,
  "training_worker_0_memory_MB": 0.0,
  "training_gpu_0_memory_MB": 979.04736328125,
  "validation_accuracy": 0.9811339122308321,
  "validation_accuracy3": 0.9836844359643316,
  "validation_precision-overall": 0.9183497324356983,
  "validation_recall-overall": 0.8953214405923932,
  "validation_f1-measure-overall": 0.9066893907114968,
  "validation_loss": 16.658490248460037,
  "best_validation_accuracy": 0.9813286086990382,
  "best_validation_accuracy3": 0.984015419960282,
  "best_validation_precision-overall": 0.9193854652166408,
  "best_validation_recall-overall": 0.8963312016156176,
  "best_validation_f1-measure-overall": 0.9077119727310962,
  "best_validation_loss": 15.969168470822847
}