{
  "best_epoch": 39,
  "peak_worker_0_memory_MB": 0,
  "peak_gpu_0_memory_MB": 979.04736328125,
  "training_duration": "0:58:14.436253",
  "training_start_epoch": 0,
  "training_epochs": 40,
  "epoch": 40,
  "training_accuracy": 0.9970140604358096,
  "training_accuracy3": 0.997411858305381,
  "training_precision-overall": 0.9852227237884337,
  "training_recall-overall": 0.9845099791480488,
  "training_f1-measure-overall": 0.9848662225154351,
  "training_loss": 0.9022427918647956,
  "training_worker_0_memory_MB": 0.0,
  "training_gpu_0_memory_MB": 979.04736328125,
  "validation_accuracy": 0.9802188388302636,
  "validation_accuracy3": 0.9829445893851485,
  "validation_precision-overall": 0.9108433734939759,
  "validation_recall-overall": 0.8906092224840121,
  "validation_f1-measure-overall": 0.9006126616745586,
  "validation_loss": 13.618069986196664,
  "best_validation_accuracy": 0.9803745960048285,
  "best_validation_accuracy3": 0.9833729216152018,
  "best_validation_precision-overall": 0.9172580924355201,
  "best_validation_recall-overall": 0.8917872770111074,
  "best_validation_f1-measure-overall": 0.9043433740079712,
  "best_validation_loss": 13.777710700401894
}