{
  "best_epoch": 103,
  "peak_worker_0_memory_MB": 0,
  "peak_gpu_0_memory_MB": 979.04736328125,
  "training_duration": "2:37:22.171517",
  "training_start_epoch": 0,
  "training_epochs": 110,
  "epoch": 110,
  "training_accuracy": 0.9991945820912381,
  "training_accuracy3": 0.9992977148722382,
  "training_precision-overall": 0.9959145459188016,
  "training_recall-overall": 0.995872164772969,
  "training_f1-measure-overall": 0.9958933548949432,
  "training_loss": 0.2535343652093962,
  "training_worker_0_memory_MB": 0.0,
  "training_gpu_0_memory_MB": 979.04736328125,
  "validation_accuracy": 0.9811533818776528,
  "validation_accuracy3": 0.9838986020793583,
  "validation_precision-overall": 0.9192933841357811,
  "validation_recall-overall": 0.8933019185459441,
  "validation_f1-measure-overall": 0.906111300785201,
  "validation_loss": 17.010909503056453,
  "best_validation_accuracy": 0.9819711070441183,
  "best_validation_accuracy3": 0.9842685253689498,
  "best_validation_precision-overall": 0.9217511203033437,
  "best_validation_recall-overall": 0.9000336587007741,
  "best_validation_f1-measure-overall": 0.9107629427792417,
  "best_validation_loss": 16.463754956172064
}