{
  "best_epoch": 3,
  "peak_worker_0_memory_MB": 0,
  "peak_gpu_0_memory_MB": 979.04736328125,
  "training_duration": "0:05:43.322462",
  "training_start_epoch": 0,
  "training_epochs": 3,
  "epoch": 3,
  "training_accuracy": 0.9617721158426685,
  "training_accuracy3": 0.9674591520520968,
  "training_precision-overall": 0.8185838789402939,
  "training_recall-overall": 0.803395889186774,
  "training_f1-measure-overall": 0.8109187749666612,
  "training_loss": 12.600249202056288,
  "training_worker_0_memory_MB": 0.0,
  "training_gpu_0_memory_MB": 979.04736328125,
  "validation_accuracy": 0.9644289552587516,
  "validation_accuracy3": 0.9691990187298002,
  "validation_precision-overall": 0.8161925601750547,
  "validation_recall-overall": 0.8160552002692696,
  "validation_f1-measure-overall": 0.8161238744424307,
  "validation_loss": 13.780620786226713,
  "best_validation_accuracy": 0.9644289552587516,
  "best_validation_accuracy3": 0.9691990187298002,
  "best_validation_precision-overall": 0.8161925601750547,
  "best_validation_recall-overall": 0.8160552002692696,
  "best_validation_f1-measure-overall": 0.8161238744424307,
  "best_validation_loss": 13.780620786226713
}