{
  "best_epoch": 20,
  "peak_worker_0_memory_MB": 0,
  "peak_gpu_0_memory_MB": 979.04736328125,
  "training_duration": "0:34:06.957275",
  "training_start_epoch": 0,
  "training_epochs": 23,
  "epoch": 23,
  "training_accuracy": 0.9938513218184765,
  "training_accuracy3": 0.9946518286424288,
  "training_precision-overall": 0.9706283570636883,
  "training_recall-overall": 0.9689348482914166,
  "training_f1-measure-overall": 0.9697808633430086,
  "training_loss": 1.8875169110892083,
  "training_worker_0_memory_MB": 0.0,
  "training_gpu_0_memory_MB": 979.04736328125,
  "validation_accuracy": 0.9787975546123593,
  "validation_accuracy3": 0.9818153498695533,
  "validation_precision-overall": 0.9038096879848302,
  "validation_recall-overall": 0.8823628407943453,
  "validation_f1-measure-overall": 0.8929575065996265,
  "validation_loss": 11.75504657305204,
  "best_validation_accuracy": 0.9797126280129278,
  "best_validation_accuracy3": 0.982574666095557,
  "best_validation_precision-overall": 0.91028522039758,
  "best_validation_recall-overall": 0.8862335913833727,
  "best_validation_f1-measure-overall": 0.8980984053892228,
  "best_validation_loss": 11.348183199075551
}