{
  "best_epoch": 82,
  "peak_worker_0_memory_MB": 0,
  "peak_gpu_0_memory_MB": 979.04736328125,
  "training_duration": "2:00:33.353594",
  "training_start_epoch": 0,
  "training_epochs": 84,
  "epoch": 84,
  "training_accuracy": 0.9989392056811429,
  "training_accuracy3": 0.9990423384621429,
  "training_precision-overall": 0.994893182398502,
  "training_recall-overall": 0.9948508447167964,
  "training_f1-measure-overall": 0.9948720131071697,
  "training_loss": 0.29740188842990645,
  "training_worker_0_memory_MB": 0.0,
  "training_gpu_0_memory_MB": 979.04736328125,
  "validation_accuracy": 0.9811533818776528,
  "validation_accuracy3": 0.983859662785717,
  "validation_precision-overall": 0.9159071367153913,
  "validation_recall-overall": 0.8963312016156176,
  "validation_f1-measure-overall": 0.9060134388023657,
  "validation_loss": 16.250103328411395,
  "best_validation_accuracy": 0.9813286086990382,
  "best_validation_accuracy3": 0.984015419960282,
  "best_validation_precision-overall": 0.9193854652166408,
  "best_validation_recall-overall": 0.8963312016156176,
  "best_validation_f1-measure-overall": 0.9077119727310962,
  "best_validation_loss": 15.969168470822847
}