{
  "best_epoch": 17,
  "peak_worker_0_memory_MB": 0,
  "peak_gpu_0_memory_MB": 979.04736328125,
  "training_duration": "0:25:36.093717",
  "training_start_epoch": 0,
  "training_epochs": 17,
  "epoch": 17,
  "training_accuracy": 0.9901287195328576,
  "training_accuracy3": 0.9915136454491432,
  "training_precision-overall": 0.951688555347092,
  "training_recall-overall": 0.9497850972381804,
  "training_f1-measure-overall": 0.9507358735702681,
  "training_loss": 2.831874520583509,
  "training_worker_0_memory_MB": 0.0,
  "training_gpu_0_memory_MB": 979.04736328125,
  "validation_accuracy": 0.9782913437950236,
  "validation_accuracy3": 0.9811728515244733,
  "validation_precision-overall": 0.9022245214692188,
  "validation_recall-overall": 0.8805116122517671,
  "validation_f1-measure-overall": 0.8912358402179894,
  "validation_loss": 10.808335137000451,
  "best_validation_accuracy": 0.9782913437950236,
  "best_validation_accuracy3": 0.9811728515244733,
  "best_validation_precision-overall": 0.9022245214692188,
  "best_validation_recall-overall": 0.8805116122517671,
  "best_validation_f1-measure-overall": 0.8912358402179894,
  "best_validation_loss": 10.808335137000451
}