{
  "best_epoch": 54,
  "peak_worker_0_memory_MB": 0,
  "peak_gpu_0_memory_MB": 979.04736328125,
  "training_duration": "1:30:49.842177",
  "training_start_epoch": 0,
  "training_epochs": 63,
  "epoch": 63,
  "training_accuracy": 0.9984235417761429,
  "training_accuracy3": 0.9986740071014286,
  "training_precision-overall": 0.9922507025461977,
  "training_recall-overall": 0.9917017745435976,
  "training_f1-measure-overall": 0.9919761626050367,
  "training_loss": 0.4548444120060931,
  "training_worker_0_memory_MB": 0.0,
  "training_gpu_0_memory_MB": 979.04736328125,
  "validation_accuracy": 0.9805108835325728,
  "validation_accuracy3": 0.9831587555001752,
  "validation_precision-overall": 0.9117293491327494,
  "validation_recall-overall": 0.8934702120498149,
  "validation_f1-measure-overall": 0.9025074373140171,
  "validation_loss": 15.38015146108774,
  "best_validation_accuracy": 0.981192321171294,
  "best_validation_accuracy3": 0.9838986020793583,
  "best_validation_precision-overall": 0.9172841633637774,
  "best_validation_recall-overall": 0.8958263211040054,
  "best_validation_f1-measure-overall": 0.9064282673477577,
  "best_validation_loss": 14.500312375288743
}