{
  "best_epoch": 20,
  "peak_worker_0_memory_MB": 0,
  "peak_gpu_0_memory_MB": 979.04736328125,
  "training_duration": "0:31:16.503735",
  "training_start_epoch": 0,
  "training_epochs": 21,
  "epoch": 21,
  "training_accuracy": 0.9930409928249051,
  "training_accuracy3": 0.9939740989387146,
  "training_precision-overall": 0.9670943267550403,
  "training_recall-overall": 0.9655304481041747,
  "training_f1-measure-overall": 0.9663117546847882,
  "training_loss": 2.1013812528386233,
  "training_worker_0_memory_MB": 0.0,
  "training_gpu_0_memory_MB": 979.04736328125,
  "validation_accuracy": 0.9790311903742066,
  "validation_accuracy3": 0.9822047428059655,
  "validation_precision-overall": 0.8995386981035366,
  "validation_recall-overall": 0.8860652978795018,
  "validation_f1-measure-overall": 0.8927511657481485,
  "validation_loss": 11.401662260202261,
  "best_validation_accuracy": 0.9797126280129278,
  "best_validation_accuracy3": 0.982574666095557,
  "best_validation_precision-overall": 0.91028522039758,
  "best_validation_recall-overall": 0.8862335913833727,
  "best_validation_f1-measure-overall": 0.8980984053892228,
  "best_validation_loss": 11.348183199075551
}