{
  "best_epoch": 103,
  "peak_worker_0_memory_MB": 0,
  "peak_gpu_0_memory_MB": 979.04736328125,
  "training_duration": "2:50:06.701797",
  "training_start_epoch": 0,
  "training_epochs": 119,
  "epoch": 119,
  "training_accuracy": 0.9990668938861905,
  "training_accuracy3": 0.9991503823279524,
  "training_precision-overall": 0.9957441375494744,
  "training_recall-overall": 0.9956593897612664,
  "training_f1-measure-overall": 0.9957017618520225,
  "training_loss": 0.2564764803414667,
  "training_worker_0_memory_MB": 0.0,
  "training_gpu_0_memory_MB": 979.04736328125,
  "validation_accuracy": 0.9814064872863206,
  "validation_accuracy3": 0.9840348896071025,
  "validation_precision-overall": 0.9140558123608971,
  "validation_recall-overall": 0.8985190171659374,
  "validation_f1-measure-overall": 0.9062208266145643,
  "validation_loss": 17.0041112444951,
  "best_validation_accuracy": 0.9819711070441183,
  "best_validation_accuracy3": 0.9842685253689498,
  "best_validation_precision-overall": 0.9217511203033437,
  "best_validation_recall-overall": 0.9000336587007741,
  "best_validation_f1-measure-overall": 0.9107629427792417,
  "best_validation_loss": 16.463754956172064
}