{
  "best_epoch": 103,
  "peak_worker_0_memory_MB": 0,
  "peak_gpu_0_memory_MB": 979.04736328125,
  "training_duration": "2:28:52.983870",
  "training_start_epoch": 0,
  "training_epochs": 104,
  "epoch": 104,
  "training_accuracy": 0.9991945820912381,
  "training_accuracy3": 0.999278070533,
  "training_precision-overall": 0.9959569306720006,
  "training_recall-overall": 0.995872164772969,
  "training_f1-measure-overall": 0.9959145459187515,
  "training_loss": 0.2524032090482338,
  "training_worker_0_memory_MB": 0.0,
  "training_gpu_0_memory_MB": 979.04736328125,
  "validation_accuracy": 0.9812117908181146,
  "validation_accuracy3": 0.9839375413729995,
  "validation_precision-overall": 0.9219427580225499,
  "validation_recall-overall": 0.8944799730730394,
  "validation_f1-measure-overall": 0.9080037584350744,
  "validation_loss": 17.3867968412546,
  "best_validation_accuracy": 0.9819711070441183,
  "best_validation_accuracy3": 0.9842685253689498,
  "best_validation_precision-overall": 0.9217511203033437,
  "best_validation_recall-overall": 0.9000336587007741,
  "best_validation_f1-measure-overall": 0.9107629427792417,
  "best_validation_loss": 16.463754956172064
}