{
  "best_epoch": 54,
  "peak_worker_0_memory_MB": 0,
  "peak_gpu_0_memory_MB": 979.04736328125,
  "training_duration": "1:25:09.768475",
  "training_start_epoch": 0,
  "training_epochs": 59,
  "epoch": 59,
  "training_accuracy": 0.9984235417761429,
  "training_accuracy3": 0.9986985625254763,
  "training_precision-overall": 0.9920388266848312,
  "training_recall-overall": 0.9916166645389165,
  "training_f1-measure-overall": 0.9918277006894879,
  "training_loss": 0.5182663774999435,
  "training_worker_0_memory_MB": 0.0,
  "training_gpu_0_memory_MB": 979.04736328125,
  "validation_accuracy": 0.980647171060317,
  "validation_accuracy3": 0.9833145126747401,
  "validation_precision-overall": 0.9130958526931682,
  "validation_recall-overall": 0.8929653315382027,
  "validation_f1-measure-overall": 0.9029184038117428,
  "validation_loss": 15.558012525118315,
  "best_validation_accuracy": 0.981192321171294,
  "best_validation_accuracy3": 0.9838986020793583,
  "best_validation_precision-overall": 0.9172841633637774,
  "best_validation_recall-overall": 0.8958263211040054,
  "best_validation_f1-measure-overall": 0.9064282673477577,
  "best_validation_loss": 14.500312375288743
}