{
  "best_epoch": 54,
  "peak_worker_0_memory_MB": 0,
  "peak_gpu_0_memory_MB": 979.04736328125,
  "training_duration": "1:28:00.031470",
  "training_start_epoch": 0,
  "training_epochs": 61,
  "epoch": 61,
  "training_accuracy": 0.9983007646559049,
  "training_accuracy3": 0.9984726526242381,
  "training_precision-overall": 0.9919148936170212,
  "training_recall-overall": 0.9919571045576407,
  "training_f1-measure-overall": 0.9919359986382189,
  "training_loss": 0.488732163507319,
  "training_worker_0_memory_MB": 0.0,
  "training_gpu_0_memory_MB": 979.04736328125,
  "validation_accuracy": 0.9799852030684163,
  "validation_accuracy3": 0.982827771504225,
  "validation_precision-overall": 0.914860412692908,
  "validation_recall-overall": 0.8879165264220801,
  "validation_f1-measure-overall": 0.9011871210179703,
  "validation_loss": 15.569194469451904,
  "best_validation_accuracy": 0.981192321171294,
  "best_validation_accuracy3": 0.9838986020793583,
  "best_validation_precision-overall": 0.9172841633637774,
  "best_validation_recall-overall": 0.8958263211040054,
  "best_validation_f1-measure-overall": 0.9064282673477577,
  "best_validation_loss": 14.500312375288743
}