{
  "best_epoch": 103,
  "peak_worker_0_memory_MB": 0,
  "peak_gpu_0_memory_MB": 979.04736328125,
  "training_duration": "2:57:11.000575",
  "training_start_epoch": 0,
  "training_epochs": 124,
  "epoch": 124,
  "training_accuracy": 0.9993370035507143,
  "training_accuracy3": 0.9994155809076667,
  "training_precision-overall": 0.9964259881717228,
  "training_recall-overall": 0.996595599812758,
  "training_f1-measure-overall": 0.996510786774981,
  "training_loss": 0.2183748957949601,
  "training_worker_0_memory_MB": 0.0,
  "training_gpu_0_memory_MB": 979.04736328125,
  "validation_accuracy": 0.9815622444608855,
  "validation_accuracy3": 0.9840932985475643,
  "validation_precision-overall": 0.9142710472279261,
  "validation_recall-overall": 0.8991921911814204,
  "validation_f1-measure-overall": 0.906668929238029,
  "validation_loss": 17.839586859482985,
  "best_validation_accuracy": 0.9819711070441183,
  "best_validation_accuracy3": 0.9842685253689498,
  "best_validation_precision-overall": 0.9217511203033437,
  "best_validation_recall-overall": 0.9000336587007741,
  "best_validation_f1-measure-overall": 0.9107629427792417,
  "best_validation_loss": 16.463754956172064
}