{
  "best_epoch": 100,
  "peak_worker_0_memory_MB": 0,
  "peak_gpu_0_memory_MB": 979.04736328125,
  "training_duration": "2:26:02.777604",
  "training_start_epoch": 0,
  "training_epochs": 102,
  "epoch": 102,
  "training_accuracy": 0.9991994931760476,
  "training_accuracy3": 0.9993222702962857,
  "training_precision-overall": 0.9959564144036775,
  "training_recall-overall": 0.9957444997659475,
  "training_f1-measure-overall": 0.9958504458110282,
  "training_loss": 0.2418406982014612,
  "training_worker_0_memory_MB": 0.0,
  "training_gpu_0_memory_MB": 979.04736328125,
  "validation_accuracy": 0.9811728515244733,
  "validation_accuracy3": 0.9837233752579728,
  "validation_precision-overall": 0.9180327868852459,
  "validation_recall-overall": 0.8953214405923932,
  "validation_f1-measure-overall": 0.9065348896651115,
  "validation_loss": 16.94663530936608,
  "best_validation_accuracy": 0.9815233051672443,
  "best_validation_accuracy3": 0.9841517074880262,
  "best_validation_precision-overall": 0.9222241468906981,
  "best_validation_recall-overall": 0.8959946146078761,
  "best_validation_f1-measure-overall": 0.9089201877933771,
  "best_validation_loss": 16.574418274806096
}