{
  "best_epoch": 54,
  "peak_worker_0_memory_MB": 0,
  "peak_gpu_0_memory_MB": 979.04736328125,
  "training_duration": "1:32:14.651745",
  "training_start_epoch": 0,
  "training_epochs": 64,
  "epoch": 64,
  "training_accuracy": 0.9983646087584287,
  "training_accuracy3": 0.9985561410660001,
  "training_precision-overall": 0.9922081239887592,
  "training_recall-overall": 0.991659219541257,
  "training_f1-measure-overall": 0.9919335958284059,
  "training_loss": 0.5197615589535534,
  "training_worker_0_memory_MB": 0.0,
  "training_gpu_0_memory_MB": 979.04736328125,
  "validation_accuracy": 0.9807639889412406,
  "validation_accuracy3": 0.9836260270238698,
  "validation_precision-overall": 0.9155754651964163,
  "validation_recall-overall": 0.8943116795691687,
  "validation_f1-measure-overall": 0.9048186616720085,
  "validation_loss": 14.580355377197266,
  "best_validation_accuracy": 0.981192321171294,
  "best_validation_accuracy3": 0.9838986020793583,
  "best_validation_precision-overall": 0.9172841633637774,
  "best_validation_recall-overall": 0.8958263211040054,
  "best_validation_f1-measure-overall": 0.9064282673477577,
  "best_validation_loss": 14.500312375288743
}