{
  "best_epoch": 78,
  "peak_worker_0_memory_MB": 0,
  "peak_gpu_0_memory_MB": 979.04736328125,
  "training_duration": "1:56:18.624116",
  "training_start_epoch": 0,
  "training_epochs": 81,
  "epoch": 81,
  "training_accuracy": 0.9988016953064762,
  "training_accuracy3": 0.9989735832748096,
  "training_precision-overall": 0.9941256597990805,
  "training_recall-overall": 0.9938295246606239,
  "training_f1-measure-overall": 0.993977570172962,
  "training_loss": 0.37513403875547796,
  "training_worker_0_memory_MB": 0.0,
  "training_gpu_0_memory_MB": 979.04736328125,
  "validation_accuracy": 0.981289669405397,
  "validation_accuracy3": 0.983762314551614,
  "validation_precision-overall": 0.9165376011013595,
  "validation_recall-overall": 0.8963312016156176,
  "validation_f1-measure-overall": 0.9063217901811803,
  "validation_loss": 16.12278085708618,
  "best_validation_accuracy": 0.9815427748140648,
  "best_validation_accuracy3": 0.9841322378412055,
  "best_validation_precision-overall": 0.9186347181520428,
  "best_validation_recall-overall": 0.8968360821272299,
  "best_validation_f1-measure-overall": 0.9076045303584616,
  "best_validation_loss": 16.29958917764517
}