{
  "best_epoch": 54,
  "peak_worker_0_memory_MB": 0,
  "peak_gpu_0_memory_MB": 979.04736328125,
  "training_duration": "1:43:34.065780",
  "training_start_epoch": 0,
  "training_epochs": 72,
  "epoch": 72,
  "training_accuracy": 0.9987231179495238,
  "training_accuracy3": 0.9988409839849525,
  "training_precision-overall": 0.9938274232684858,
  "training_recall-overall": 0.9934890846418997,
  "training_f1-measure-overall": 0.9936582251542382,
  "training_loss": 0.41604737726394814,
  "training_worker_0_memory_MB": 0.0,
  "training_gpu_0_memory_MB": 979.04736328125,
  "validation_accuracy": 0.9810170943499085,
  "validation_accuracy3": 0.9837428449047935,
  "validation_precision-overall": 0.9127747252747253,
  "validation_recall-overall": 0.8946482665769101,
  "validation_f1-measure-overall": 0.9036206017337594,
  "validation_loss": 15.49138935822707,
  "best_validation_accuracy": 0.981192321171294,
  "best_validation_accuracy3": 0.9838986020793583,
  "best_validation_precision-overall": 0.9172841633637774,
  "best_validation_recall-overall": 0.8958263211040054,
  "best_validation_f1-measure-overall": 0.9064282673477577,
  "best_validation_loss": 14.500312375288743
}