{
  "best_epoch": 54,
  "peak_worker_0_memory_MB": 0,
  "peak_gpu_0_memory_MB": 979.04736328125,
  "training_duration": "1:29:25.079724",
  "training_start_epoch": 0,
  "training_epochs": 62,
  "epoch": 62,
  "training_accuracy": 0.9982663870622381,
  "training_accuracy3": 0.9984824747938572,
  "training_precision-overall": 0.9914453524004085,
  "training_recall-overall": 0.9913187795225329,
  "training_f1-measure-overall": 0.9913820619214311,
  "training_loss": 0.49676996753733355,
  "training_worker_0_memory_MB": 0.0,
  "training_gpu_0_memory_MB": 979.04736328125,
  "validation_accuracy": 0.9804524745921109,
  "validation_accuracy3": 0.9833534519683813,
  "validation_precision-overall": 0.9180839986115932,
  "validation_recall-overall": 0.8902726354762707,
  "validation_f1-measure-overall": 0.9039644565959857,
  "validation_loss": 15.146136429126447,
  "best_validation_accuracy": 0.981192321171294,
  "best_validation_accuracy3": 0.9838986020793583,
  "best_validation_precision-overall": 0.9172841633637774,
  "best_validation_recall-overall": 0.8958263211040054,
  "best_validation_f1-measure-overall": 0.9064282673477577,
  "best_validation_loss": 14.500312375288743
}