{
  "best_epoch": 30,
  "peak_worker_0_memory_MB": 0,
  "peak_gpu_0_memory_MB": 979.04736328125,
  "training_duration": "0:52:33.920168",
  "training_start_epoch": 0,
  "training_epochs": 36,
  "epoch": 36,
  "training_accuracy": 0.9967046620928097,
  "training_accuracy3": 0.9971908594889525,
  "training_precision-overall": 0.9838139455637432,
  "training_recall-overall": 0.9828928890591089,
  "training_f1-measure-overall": 0.9833532016348275,
  "training_loss": 0.9871052175229978,
  "training_worker_0_memory_MB": 0.0,
  "training_gpu_0_memory_MB": 979.04736328125,
  "validation_accuracy": 0.9802383084770843,
  "validation_accuracy3": 0.9832561037342783,
  "validation_precision-overall": 0.9113444654845929,
  "validation_recall-overall": 0.8909458094917536,
  "validation_f1-measure-overall": 0.901029699599984,
  "validation_loss": 13.775075023357685,
  "best_validation_accuracy": 0.9805303531793933,
  "best_validation_accuracy3": 0.9833339823215607,
  "best_validation_precision-overall": 0.9111949254243099,
  "best_validation_recall-overall": 0.8944799730730394,
  "best_validation_f1-measure-overall": 0.9027600849256402,
  "best_validation_loss": 12.246680717468262
}