{
  "best_epoch": 54,
  "peak_worker_0_memory_MB": 0,
  "peak_gpu_0_memory_MB": 979.04736328125,
  "training_duration": "1:37:54.359878",
  "training_start_epoch": 0,
  "training_epochs": 68,
  "epoch": 68,
  "training_accuracy": 0.9985561410660001,
  "training_accuracy3": 0.9987378512039524,
  "training_precision-overall": 0.9925954295927486,
  "training_recall-overall": 0.9925954295927486,
  "training_f1-measure-overall": 0.9925954295926986,
  "training_loss": 0.4229175218059499,
  "training_worker_0_memory_MB": 0.0,
  "training_gpu_0_memory_MB": 979.04736328125,
  "validation_accuracy": 0.980841867528523,
  "validation_accuracy3": 0.983470269849305,
  "validation_precision-overall": 0.9163937252197897,
  "validation_recall-overall": 0.8946482665769101,
  "validation_f1-measure-overall": 0.9053904453716608,
  "validation_loss": 15.472065824361948,
  "best_validation_accuracy": 0.981192321171294,
  "best_validation_accuracy3": 0.9838986020793583,
  "best_validation_precision-overall": 0.9172841633637774,
  "best_validation_recall-overall": 0.8958263211040054,
  "best_validation_f1-measure-overall": 0.9064282673477577,
  "best_validation_loss": 14.500312375288743
}