{
  "best_epoch": 103,
  "peak_worker_0_memory_MB": 0,
  "peak_gpu_0_memory_MB": 979.04736328125,
  "training_duration": "2:30:17.869393",
  "training_start_epoch": 0,
  "training_epochs": 105,
  "epoch": 105,
  "training_accuracy": 0.9990914493102382,
  "training_accuracy3": 0.9991798488368095,
  "training_precision-overall": 0.9957430505299902,
  "training_recall-overall": 0.9954040597472232,
  "training_f1-measure-overall": 0.9955735262821378,
  "training_loss": 0.24787328794757665,
  "training_worker_0_memory_MB": 0.0,
  "training_gpu_0_memory_MB": 979.04736328125,
  "validation_accuracy": 0.9811728515244733,
  "validation_accuracy3": 0.984015419960282,
  "validation_precision-overall": 0.9194107452339688,
  "validation_recall-overall": 0.8927970380343319,
  "validation_f1-measure-overall": 0.9059084699453052,
  "validation_loss": 17.405365354097807,
  "best_validation_accuracy": 0.9819711070441183,
  "best_validation_accuracy3": 0.9842685253689498,
  "best_validation_precision-overall": 0.9217511203033437,
  "best_validation_recall-overall": 0.9000336587007741,
  "best_validation_f1-measure-overall": 0.9107629427792417,
  "best_validation_loss": 16.463754956172064
}