{
  "best_epoch": 39,
  "peak_worker_0_memory_MB": 0,
  "peak_gpu_0_memory_MB": 979.04736328125,
  "training_duration": "1:02:29.713083",
  "training_start_epoch": 0,
  "training_epochs": 43,
  "epoch": 43,
  "training_accuracy": 0.9974806134927144,
  "training_accuracy3": 0.9977998340053335,
  "training_precision-overall": 0.9878614932492866,
  "training_recall-overall": 0.9870207242861399,
  "training_f1-measure-overall": 0.9874409297968763,
  "training_loss": 0.7490449106141766,
  "training_worker_0_memory_MB": 0.0,
  "training_gpu_0_memory_MB": 979.04736328125,
  "validation_accuracy": 0.9797515673065691,
  "validation_accuracy3": 0.982925119738328,
  "validation_precision-overall": 0.9171473518615627,
  "validation_recall-overall": 0.8830360148098283,
  "validation_f1-measure-overall": 0.8997684986709609,
  "validation_loss": 14.516420323298528,
  "best_validation_accuracy": 0.9803745960048285,
  "best_validation_accuracy3": 0.9833729216152018,
  "best_validation_precision-overall": 0.9172580924355201,
  "best_validation_recall-overall": 0.8917872770111074,
  "best_validation_f1-measure-overall": 0.9043433740079712,
  "best_validation_loss": 13.777710700401894
}