{
  "best_epoch": 52,
  "peak_worker_0_memory_MB": 0,
  "peak_gpu_0_memory_MB": 979.04736328125,
  "training_duration": "1:16:39.508413",
  "training_start_epoch": 0,
  "training_epochs": 53,
  "epoch": 53,
  "training_accuracy": 0.9980257439065715,
  "training_accuracy3": 0.9982958535710953,
  "training_precision-overall": 0.9899565920503872,
  "training_recall-overall": 0.9899144644452955,
  "training_f1-measure-overall": 0.9899355277995968,
  "training_loss": 0.6026496636061481,
  "training_worker_0_memory_MB": 0.0,
  "training_gpu_0_memory_MB": 979.04736328125,
  "validation_accuracy": 0.9800241423620576,
  "validation_accuracy3": 0.982827771504225,
  "validation_precision-overall": 0.9128258242706715,
  "validation_recall-overall": 0.8899360484685291,
  "validation_f1-measure-overall": 0.9012356199402994,
  "validation_loss": 14.81946294931265,
  "best_validation_accuracy": 0.9810365639967291,
  "best_validation_accuracy3": 0.9838401931388965,
  "best_validation_precision-overall": 0.9187413554633471,
  "best_validation_recall-overall": 0.8943116795691687,
  "best_validation_f1-measure-overall": 0.9063619307521247,
  "best_validation_loss": 14.490215198810285
}