{
  "best_epoch": 8,
  "peak_worker_0_memory_MB": 0,
  "peak_gpu_0_memory_MB": 979.04736328125,
  "training_duration": "0:12:49.016296",
  "training_start_epoch": 0,
  "training_epochs": 8,
  "epoch": 8,
  "training_accuracy": 0.9796681088885724,
  "training_accuracy3": 0.9826196708590961,
  "training_precision-overall": 0.9038090749389434,
  "training_recall-overall": 0.8976552193710371,
  "training_f1-measure-overall": 0.9007216362781857,
  "training_loss": 6.424195285369493,
  "training_worker_0_memory_MB": 0.0,
  "training_gpu_0_memory_MB": 979.04736328125,
  "validation_accuracy": 0.973813325026284,
  "validation_accuracy3": 0.9773762703944551,
  "validation_precision-overall": 0.8785095320623917,
  "validation_recall-overall": 0.8530797711208348,
  "validation_f1-measure-overall": 0.8656079234972177,
  "validation_loss": 10.684762658339281,
  "best_validation_accuracy": 0.973813325026284,
  "best_validation_accuracy3": 0.9773762703944551,
  "best_validation_precision-overall": 0.8785095320623917,
  "best_validation_recall-overall": 0.8530797711208348,
  "best_validation_f1-measure-overall": 0.8656079234972177,
  "best_validation_loss": 10.684762658339281
}