{
  "best_epoch": 82,
  "peak_worker_0_memory_MB": 0,
  "peak_gpu_0_memory_MB": 979.04736328125,
  "training_duration": "2:10:27.874198",
  "training_start_epoch": 0,
  "training_epochs": 91,
  "epoch": 91,
  "training_accuracy": 0.998978494359619,
  "training_accuracy3": 0.9991061825646667,
  "training_precision-overall": 0.9951047164992338,
  "training_recall-overall": 0.9948082897144559,
  "training_f1-measure-overall": 0.9949564810282321,
  "training_loss": 0.3053953235259684,
  "training_worker_0_memory_MB": 0.0,
  "training_gpu_0_memory_MB": 979.04736328125,
  "validation_accuracy": 0.9808613371753436,
  "validation_accuracy3": 0.9836065573770492,
  "validation_precision-overall": 0.9160489570763661,
  "validation_recall-overall": 0.8943116795691687,
  "validation_f1-measure-overall": 0.9050498169121531,
  "validation_loss": 16.422405329484207,
  "best_validation_accuracy": 0.9813286086990382,
  "best_validation_accuracy3": 0.984015419960282,
  "best_validation_precision-overall": 0.9193854652166408,
  "best_validation_recall-overall": 0.8963312016156176,
  "best_validation_f1-measure-overall": 0.9077119727310962,
  "best_validation_loss": 15.969168470822847
}