{
  "best_epoch": 103,
  "peak_worker_0_memory_MB": 0,
  "peak_gpu_0_memory_MB": 979.04736328125,
  "training_duration": "3:00:00.821825",
  "training_start_epoch": 0,
  "training_epochs": 126,
  "epoch": 126,
  "training_accuracy": 0.9992928037874286,
  "training_accuracy3": 0.9993664700595715,
  "training_precision-overall": 0.9965530448104175,
  "training_recall-overall": 0.9965530448104175,
  "training_f1-measure-overall": 0.9965530448103675,
  "training_loss": 0.22261590787948662,
  "training_worker_0_memory_MB": 0.0,
  "training_gpu_0_memory_MB": 979.04736328125,
  "validation_accuracy": 0.9813286086990382,
  "validation_accuracy3": 0.9838207234920758,
  "validation_precision-overall": 0.9155631986242476,
  "validation_recall-overall": 0.8959946146078761,
  "validation_f1-measure-overall": 0.9056732159564016,
  "validation_loss": 17.075817900437574,
  "best_validation_accuracy": 0.9819711070441183,
  "best_validation_accuracy3": 0.9842685253689498,
  "best_validation_precision-overall": 0.9217511203033437,
  "best_validation_recall-overall": 0.9000336587007741,
  "best_validation_f1-measure-overall": 0.9107629427792417,
  "best_validation_loss": 16.463754956172064
}