{
  "best_epoch": 54,
  "peak_worker_0_memory_MB": 0,
  "peak_gpu_0_memory_MB": 979.04736328125,
  "training_duration": "1:33:39.389925",
  "training_start_epoch": 0,
  "training_epochs": 65,
  "epoch": 65,
  "training_accuracy": 0.9986003408292857,
  "training_accuracy3": 0.9987574955431905,
  "training_precision-overall": 0.9931909098646693,
  "training_recall-overall": 0.9931486446231754,
  "training_f1-measure-overall": 0.9931697767942136,
  "training_loss": 0.3946396776789872,
  "training_worker_0_memory_MB": 0.0,
  "training_gpu_0_memory_MB": 979.04736328125,
  "validation_accuracy": 0.9807055800007788,
  "validation_accuracy3": 0.983567618083408,
  "validation_precision-overall": 0.9138376701706015,
  "validation_recall-overall": 0.8924604510265903,
  "validation_f1-measure-overall": 0.9030225627926278,
  "validation_loss": 14.753853139143724,
  "best_validation_accuracy": 0.981192321171294,
  "best_validation_accuracy3": 0.9838986020793583,
  "best_validation_precision-overall": 0.9172841633637774,
  "best_validation_recall-overall": 0.8958263211040054,
  "best_validation_f1-measure-overall": 0.9064282673477577,
  "best_validation_loss": 14.500312375288743
}