{
  "best_epoch": 103,
  "peak_worker_0_memory_MB": 0,
  "peak_gpu_0_memory_MB": 979.04736328125,
  "training_duration": "2:54:21.335137",
  "training_start_epoch": 0,
  "training_epochs": 122,
  "epoch": 122,
  "training_accuracy": 0.9993173592114762,
  "training_accuracy3": 0.9994106698228572,
  "training_precision-overall": 0.9965530448104175,
  "training_recall-overall": 0.9965530448104175,
  "training_f1-measure-overall": 0.9965530448103675,
  "training_loss": 0.21674213748809706,
  "training_worker_0_memory_MB": 0.0,
  "training_gpu_0_memory_MB": 979.04736328125,
  "validation_accuracy": 0.981289669405397,
  "validation_accuracy3": 0.9837817841984347,
  "validation_precision-overall": 0.9145797598627787,
  "validation_recall-overall": 0.8973409626388421,
  "validation_f1-measure-overall": 0.9058783554195898,
  "validation_loss": 17.724604172339806,
  "best_validation_accuracy": 0.9819711070441183,
  "best_validation_accuracy3": 0.9842685253689498,
  "best_validation_precision-overall": 0.9217511203033437,
  "best_validation_recall-overall": 0.9000336587007741,
  "best_validation_f1-measure-overall": 0.9107629427792417,
  "best_validation_loss": 16.463754956172064
}