{
  "best_epoch": 39,
  "peak_worker_0_memory_MB": 0,
  "peak_gpu_0_memory_MB": 979.04736328125,
  "training_duration": "1:06:45.004104",
  "training_start_epoch": 0,
  "training_epochs": 46,
  "epoch": 46,
  "training_accuracy": 0.9974413248142382,
  "training_accuracy3": 0.997794922920524,
  "training_precision-overall": 0.9873180696229467,
  "training_recall-overall": 0.987276054300183,
  "training_f1-measure-overall": 0.9872970615145147,
  "training_loss": 0.7690487956661346,
  "training_worker_0_memory_MB": 0.0,
  "training_gpu_0_memory_MB": 979.04736328125,
  "validation_accuracy": 0.9806666407071376,
  "validation_accuracy3": 0.9833534519683813,
  "validation_precision-overall": 0.91431520991053,
  "validation_recall-overall": 0.8943116795691687,
  "validation_f1-measure-overall": 0.9042028245703091,
  "validation_loss": 14.138183614290677,
  "best_validation_accuracy": 0.9803745960048285,
  "best_validation_accuracy3": 0.9833729216152018,
  "best_validation_precision-overall": 0.9172580924355201,
  "best_validation_recall-overall": 0.8917872770111074,
  "best_validation_f1-measure-overall": 0.9043433740079712,
  "best_validation_loss": 13.777710700401894
}