{
  "best_epoch": 54,
  "peak_worker_0_memory_MB": 0,
  "peak_gpu_0_memory_MB": 979.04736328125,
  "training_duration": "1:40:44.579639",
  "training_start_epoch": 0,
  "training_epochs": 70,
  "epoch": 70,
  "training_accuracy": 0.9987329401191429,
  "training_accuracy3": 0.998865539409,
  "training_precision-overall": 0.9936167496489212,
  "training_recall-overall": 0.9936167496489212,
  "training_f1-measure-overall": 0.9936167496488713,
  "training_loss": 0.4156449609803984,
  "training_worker_0_memory_MB": 0.0,
  "training_gpu_0_memory_MB": 979.04736328125,
  "validation_accuracy": 0.9806277014134963,
  "validation_accuracy3": 0.9833534519683813,
  "validation_precision-overall": 0.9141283772156256,
  "validation_recall-overall": 0.8939750925614272,
  "validation_f1-measure-overall": 0.903939419722574,
  "validation_loss": 15.681533973400409,
  "best_validation_accuracy": 0.981192321171294,
  "best_validation_accuracy3": 0.9838986020793583,
  "best_validation_precision-overall": 0.9172841633637774,
  "best_validation_recall-overall": 0.8958263211040054,
  "best_validation_f1-measure-overall": 0.9064282673477577,
  "best_validation_loss": 14.500312375288743
}