{
  "best_epoch": 39,
  "peak_worker_0_memory_MB": 0,
  "peak_gpu_0_memory_MB": 979.04736328125,
  "training_duration": "1:12:24.674571",
  "training_start_epoch": 0,
  "training_epochs": 50,
  "epoch": 50,
  "training_accuracy": 0.9979127889559525,
  "training_accuracy3": 0.9981927207900954,
  "training_precision-overall": 0.9897442444359335,
  "training_recall-overall": 0.9897442444359335,
  "training_f1-measure-overall": 0.9897442444358835,
  "training_loss": 0.6230639895510419,
  "training_worker_0_memory_MB": 0.0,
  "training_gpu_0_memory_MB": 979.04736328125,
  "validation_accuracy": 0.9804330049452903,
  "validation_accuracy3": 0.9833145126747401,
  "validation_precision-overall": 0.9187967310033037,
  "validation_recall-overall": 0.8892628744530461,
  "validation_f1-measure-overall": 0.9037885914649291,
  "validation_loss": 14.739125107985277,
  "best_validation_accuracy": 0.9803745960048285,
  "best_validation_accuracy3": 0.9833729216152018,
  "best_validation_precision-overall": 0.9172580924355201,
  "best_validation_recall-overall": 0.8917872770111074,
  "best_validation_f1-measure-overall": 0.9043433740079712,
  "best_validation_loss": 13.777710700401894
}