{
  "best_epoch": 82,
  "peak_worker_0_memory_MB": 0,
  "peak_gpu_0_memory_MB": 979.04736328125,
  "training_duration": "2:14:42.781978",
  "training_start_epoch": 0,
  "training_epochs": 94,
  "epoch": 94,
  "training_accuracy": 0.999155293412762,
  "training_accuracy3": 0.9992436929393334,
  "training_precision-overall": 0.995872164772969,
  "training_recall-overall": 0.995872164772969,
  "training_f1-measure-overall": 0.9958721647729191,
  "training_loss": 0.2531464678536955,
  "training_worker_0_memory_MB": 0.0,
  "training_gpu_0_memory_MB": 979.04736328125,
  "validation_accuracy": 0.9811533818776528,
  "validation_accuracy3": 0.9838791324325377,
  "validation_precision-overall": 0.911965811965812,
  "validation_recall-overall": 0.8978458431504543,
  "validation_f1-measure-overall": 0.9048507462686066,
  "validation_loss": 16.914663884089542,
  "best_validation_accuracy": 0.9813286086990382,
  "best_validation_accuracy3": 0.984015419960282,
  "best_validation_precision-overall": 0.9193854652166408,
  "best_validation_recall-overall": 0.8963312016156176,
  "best_validation_f1-measure-overall": 0.9077119727310962,
  "best_validation_loss": 15.969168470822847
}