{
  "best_epoch": 20,
  "peak_worker_0_memory_MB": 0,
  "peak_gpu_0_memory_MB": 979.04736328125,
  "training_duration": "0:29:51.468082",
  "training_start_epoch": 0,
  "training_epochs": 20,
  "epoch": 20,
  "training_accuracy": 0.9925204178350956,
  "training_accuracy3": 0.9935566567299051,
  "training_precision-overall": 0.9638944541540561,
  "training_recall-overall": 0.9622537129239542,
  "training_f1-measure-overall": 0.9630733847267272,
  "training_loss": 2.2319119558639797,
  "training_worker_0_memory_MB": 0.0,
  "training_gpu_0_memory_MB": 979.04736328125,
  "validation_accuracy": 0.9797126280129278,
  "validation_accuracy3": 0.982574666095557,
  "validation_precision-overall": 0.91028522039758,
  "validation_recall-overall": 0.8862335913833727,
  "validation_f1-measure-overall": 0.8980984053892228,
  "validation_loss": 11.348183199075551,
  "best_validation_accuracy": 0.9797126280129278,
  "best_validation_accuracy3": 0.982574666095557,
  "best_validation_precision-overall": 0.91028522039758,
  "best_validation_recall-overall": 0.8862335913833727,
  "best_validation_f1-measure-overall": 0.8980984053892228,
  "best_validation_loss": 11.348183199075551
}