{
  "best_epoch": 103,
  "peak_worker_0_memory_MB": 0,
  "peak_gpu_0_memory_MB": 979.04736328125,
  "training_duration": "2:44:26.472186",
  "training_start_epoch": 0,
  "training_epochs": 115,
  "epoch": 115,
  "training_accuracy": 0.9991700266671906,
  "training_accuracy3": 0.9992436929393334,
  "training_precision-overall": 0.9962119599914876,
  "training_recall-overall": 0.9960423847823312,
  "training_f1-measure-overall": 0.9961271651699718,
  "training_loss": 0.251426807077754,
  "training_worker_0_memory_MB": 0.0,
  "training_gpu_0_memory_MB": 979.04736328125,
  "validation_accuracy": 0.9815038355204236,
  "validation_accuracy3": 0.9840738289007437,
  "validation_precision-overall": 0.9165521978021978,
  "validation_recall-overall": 0.8983507236620667,
  "validation_f1-measure-overall": 0.9073601903790084,
  "validation_loss": 17.029910121330847,
  "best_validation_accuracy": 0.9819711070441183,
  "best_validation_accuracy3": 0.9842685253689498,
  "best_validation_precision-overall": 0.9217511203033437,
  "best_validation_recall-overall": 0.9000336587007741,
  "best_validation_f1-measure-overall": 0.9107629427792417,
  "best_validation_loss": 16.463754956172064
}