{
  "best_epoch": 98,
  "peak_worker_0_memory_MB": 0,
  "peak_gpu_0_memory_MB": 979.04736328125,
  "training_duration": "2:20:23.002783",
  "training_start_epoch": 0,
  "training_epochs": 98,
  "epoch": 98,
  "training_accuracy": 0.9988360729001429,
  "training_accuracy3": 0.998949027850762,
  "training_precision-overall": 0.9942981149738309,
  "training_recall-overall": 0.9943827396910507,
  "training_f1-measure-overall": 0.9943404255318651,
  "training_loss": 0.30746484600352225,
  "training_worker_0_memory_MB": 0.0,
  "training_gpu_0_memory_MB": 979.04736328125,
  "validation_accuracy": 0.9814843658736031,
  "validation_accuracy3": 0.9841517074880262,
  "validation_precision-overall": 0.9217180464149636,
  "validation_recall-overall": 0.8956580276001347,
  "validation_f1-measure-overall": 0.9085011949470309,
  "validation_loss": 16.5875843502925,
  "best_validation_accuracy": 0.9814843658736031,
  "best_validation_accuracy3": 0.9841517074880262,
  "best_validation_precision-overall": 0.9217180464149636,
  "best_validation_recall-overall": 0.8956580276001347,
  "best_validation_f1-measure-overall": 0.9085011949470309,
  "best_validation_loss": 16.5875843502925
}