{
  "best_epoch": 2,
  "peak_worker_0_memory_MB": 0,
  "peak_gpu_0_memory_MB": 979.04736328125,
  "training_duration": "0:04:17.806524",
  "training_start_epoch": 0,
  "training_epochs": 2,
  "epoch": 2,
  "training_accuracy": 0.9546117541903831,
  "training_accuracy3": 0.9613694068882875,
  "training_precision-overall": 0.7835742901933461,
  "training_recall-overall": 0.7657347121154092,
  "training_f1-measure-overall": 0.774551793900473,
  "training_loss": 15.235310993839413,
  "training_worker_0_memory_MB": 0.0,
  "training_gpu_0_memory_MB": 979.04736328125,
  "validation_accuracy": 0.9605544955414509,
  "validation_accuracy3": 0.9667653128772244,
  "validation_precision-overall": 0.7963740137653181,
  "validation_recall-overall": 0.7983843823628408,
  "validation_f1-measure-overall": 0.7973779309185147,
  "validation_loss": 15.229538393754225,
  "best_validation_accuracy": 0.9605544955414509,
  "best_validation_accuracy3": 0.9667653128772244,
  "best_validation_precision-overall": 0.7963740137653181,
  "best_validation_recall-overall": 0.7983843823628408,
  "best_validation_f1-measure-overall": 0.7973779309185147,
  "best_validation_loss": 15.229538393754225
}