{
  "best_epoch": 54,
  "peak_worker_0_memory_MB": 0,
  "peak_gpu_0_memory_MB": 979.04736328125,
  "training_duration": "1:39:19.470386",
  "training_start_epoch": 0,
  "training_epochs": 69,
  "epoch": 69,
  "training_accuracy": 0.9985364967267619,
  "training_accuracy3": 0.9987182068647144,
  "training_precision-overall": 0.9932291444875015,
  "training_recall-overall": 0.9925528745904081,
  "training_f1-measure-overall": 0.9928908943850336,
  "training_loss": 0.42758934523287195,
  "training_worker_0_memory_MB": 0.0,
  "training_gpu_0_memory_MB": 979.04736328125,
  "validation_accuracy": 0.9811533818776528,
  "validation_accuracy3": 0.983664966317511,
  "validation_precision-overall": 0.9152338376891335,
  "validation_recall-overall": 0.8958263211040054,
  "validation_f1-measure-overall": 0.9054260928728876,
  "validation_loss": 15.185530058053823,
  "best_validation_accuracy": 0.981192321171294,
  "best_validation_accuracy3": 0.9838986020793583,
  "best_validation_precision-overall": 0.9172841633637774,
  "best_validation_recall-overall": 0.8958263211040054,
  "best_validation_f1-measure-overall": 0.9064282673477577,
  "best_validation_loss": 14.500312375288743
}