{
  "best_epoch": 54,
  "peak_worker_0_memory_MB": 0,
  "peak_gpu_0_memory_MB": 979.04736328125,
  "training_duration": "1:46:23.906905",
  "training_start_epoch": 0,
  "training_epochs": 74,
  "epoch": 74,
  "training_accuracy": 0.9987722287976191,
  "training_accuracy3": 0.998949027850762,
  "training_precision-overall": 0.993827686020773,
  "training_recall-overall": 0.9935316396442402,
  "training_f1-measure-overall": 0.9936796407822274,
  "training_loss": 0.3800201996365476,
  "training_worker_0_memory_MB": 0.0,
  "training_gpu_0_memory_MB": 979.04736328125,
  "validation_accuracy": 0.9811533818776528,
  "validation_accuracy3": 0.9838986020793583,
  "validation_precision-overall": 0.9156792031598833,
  "validation_recall-overall": 0.8973409626388421,
  "validation_f1-measure-overall": 0.9064173395664609,
  "validation_loss": 15.767096886268028,
  "best_validation_accuracy": 0.981192321171294,
  "best_validation_accuracy3": 0.9838986020793583,
  "best_validation_precision-overall": 0.9172841633637774,
  "best_validation_recall-overall": 0.8958263211040054,
  "best_validation_f1-measure-overall": 0.9064282673477577,
  "best_validation_loss": 14.500312375288743
}