{
  "best_epoch": 103,
  "peak_worker_0_memory_MB": 0,
  "peak_gpu_0_memory_MB": 979.04736328125,
  "training_duration": "2:52:56.556231",
  "training_start_epoch": 0,
  "training_epochs": 121,
  "epoch": 121,
  "training_accuracy": 0.9992338707697144,
  "training_accuracy3": 0.9992928037874286,
  "training_precision-overall": 0.996510192790569,
  "training_recall-overall": 0.9964253798033958,
  "training_f1-measure-overall": 0.9964677844922472,
  "training_loss": 0.2375556796470995,
  "training_worker_0_memory_MB": 0.0,
  "training_gpu_0_memory_MB": 979.04736328125,
  "validation_accuracy": 0.981737471282271,
  "validation_accuracy3": 0.9842685253689498,
  "validation_precision-overall": 0.9142613151152861,
  "validation_recall-overall": 0.9008751262201279,
  "validation_f1-measure-overall": 0.9075188607272536,
  "validation_loss": 17.421216097611648,
  "best_validation_accuracy": 0.9819711070441183,
  "best_validation_accuracy3": 0.9842685253689498,
  "best_validation_precision-overall": 0.9217511203033437,
  "best_validation_recall-overall": 0.9000336587007741,
  "best_validation_f1-measure-overall": 0.9107629427792417,
  "best_validation_loss": 16.463754956172064
}