{
  "best_epoch": 99,
  "peak_worker_0_memory_MB": 0,
  "peak_gpu_0_memory_MB": 979.04736328125,
  "training_duration": "2:21:47.728629",
  "training_start_epoch": 0,
  "training_epochs": 99,
  "epoch": 99,
  "training_accuracy": 0.9990177830380953,
  "training_accuracy3": 0.9991602044975715,
  "training_precision-overall": 0.995361307345306,
  "training_recall-overall": 0.9953189497425422,
  "training_f1-measure-overall": 0.9953401280932327,
  "training_loss": 0.2946793159131902,
  "training_worker_0_memory_MB": 0.0,
  "training_gpu_0_memory_MB": 979.04736328125,
  "validation_accuracy": 0.9815622444608855,
  "validation_accuracy3": 0.9841711771348468,
  "validation_precision-overall": 0.9216262975778546,
  "validation_recall-overall": 0.8964994951194883,
  "validation_f1-measure-overall": 0.908889268042946,
  "validation_loss": 16.25910713489239,
  "best_validation_accuracy": 0.9815622444608855,
  "best_validation_accuracy3": 0.9841711771348468,
  "best_validation_precision-overall": 0.9216262975778546,
  "best_validation_recall-overall": 0.8964994951194883,
  "best_validation_f1-measure-overall": 0.908889268042946,
  "best_validation_loss": 16.25910713489239
}