{
  "best_epoch": 30,
  "peak_worker_0_memory_MB": 0,
  "peak_gpu_0_memory_MB": 979.04736328125,
  "training_duration": "0:49:43.937456",
  "training_start_epoch": 0,
  "training_epochs": 34,
  "epoch": 34,
  "training_accuracy": 0.9963461529017145,
  "training_accuracy3": 0.9968618168067145,
  "training_precision-overall": 0.9821527452400222,
  "training_recall-overall": 0.9812332439678284,
  "training_f1-measure-overall": 0.9816927792915032,
  "training_loss": 1.125332778713457,
  "training_worker_0_memory_MB": 0.0,
  "training_gpu_0_memory_MB": 979.04736328125,
  "validation_accuracy": 0.9797515673065691,
  "validation_accuracy3": 0.9827304232701218,
  "validation_precision-overall": 0.9107697618225751,
  "validation_recall-overall": 0.8880848199259509,
  "validation_f1-measure-overall": 0.8992842535786822,
  "validation_loss": 13.071312781113845,
  "best_validation_accuracy": 0.9805303531793933,
  "best_validation_accuracy3": 0.9833339823215607,
  "best_validation_precision-overall": 0.9111949254243099,
  "best_validation_recall-overall": 0.8944799730730394,
  "best_validation_f1-measure-overall": 0.9027600849256402,
  "best_validation_loss": 12.246680717468262
}