{
  "best_epoch": 39,
  "peak_worker_0_memory_MB": 0,
  "peak_gpu_0_memory_MB": 979.04736328125,
  "training_duration": "1:09:34.817038",
  "training_start_epoch": 0,
  "training_epochs": 48,
  "epoch": 48,
  "training_accuracy": 0.9977065233939525,
  "training_accuracy3": 0.9980060995673334,
  "training_precision-overall": 0.9891036009193837,
  "training_recall-overall": 0.9888931443891229,
  "training_f1-measure-overall": 0.9889983614580394,
  "training_loss": 0.6777513619419518,
  "training_worker_0_memory_MB": 0.0,
  "training_gpu_0_memory_MB": 979.04736328125,
  "validation_accuracy": 0.980647171060317,
  "validation_accuracy3": 0.9835092091429462,
  "validation_precision-overall": 0.9157293649420315,
  "validation_recall-overall": 0.8906092224840121,
  "validation_f1-measure-overall": 0.9029946250319438,
  "validation_loss": 14.458113371042105,
  "best_validation_accuracy": 0.9803745960048285,
  "best_validation_accuracy3": 0.9833729216152018,
  "best_validation_precision-overall": 0.9172580924355201,
  "best_validation_recall-overall": 0.8917872770111074,
  "best_validation_f1-measure-overall": 0.9043433740079712,
  "best_validation_loss": 13.777710700401894
}