{
  "best_epoch": 54,
  "peak_worker_0_memory_MB": 0,
  "peak_gpu_0_memory_MB": 979.04736328125,
  "training_duration": "1:20:55.152726",
  "training_start_epoch": 0,
  "training_epochs": 56,
  "epoch": 56,
  "training_accuracy": 0.9981534321116191,
  "training_accuracy3": 0.9984038974369048,
  "training_precision-overall": 0.9913143441052498,
  "training_recall-overall": 0.9908081194944466,
  "training_f1-measure-overall": 0.9910611671561242,
  "training_loss": 0.5387045449633615,
  "training_worker_0_memory_MB": 0.0,
  "training_gpu_0_memory_MB": 979.04736328125,
  "validation_accuracy": 0.9809976247030879,
  "validation_accuracy3": 0.9835870877302286,
  "validation_precision-overall": 0.9129540781357094,
  "validation_recall-overall": 0.8966677886233592,
  "validation_f1-measure-overall": 0.9047376464594509,
  "validation_loss": 14.654286033923809,
  "best_validation_accuracy": 0.981192321171294,
  "best_validation_accuracy3": 0.9838986020793583,
  "best_validation_precision-overall": 0.9172841633637774,
  "best_validation_recall-overall": 0.8958263211040054,
  "best_validation_f1-measure-overall": 0.9064282673477577,
  "best_validation_loss": 14.500312375288743
}