{
  "best_epoch": 82,
  "peak_worker_0_memory_MB": 0,
  "peak_gpu_0_memory_MB": 979.04736328125,
  "training_duration": "2:13:17.720291",
  "training_start_epoch": 0,
  "training_epochs": 93,
  "epoch": 93,
  "training_accuracy": 0.9990816271406191,
  "training_accuracy3": 0.9991798488368095,
  "training_precision-overall": 0.9954034729315628,
  "training_recall-overall": 0.9952763947402017,
  "training_f1-measure-overall": 0.9953399297797139,
  "training_loss": 0.3156073376801515,
  "training_worker_0_memory_MB": 0.0,
  "training_gpu_0_memory_MB": 979.04736328125,
  "validation_accuracy": 0.9807055800007788,
  "validation_accuracy3": 0.9835092091429462,
  "validation_precision-overall": 0.9163208852005532,
  "validation_recall-overall": 0.8919555705149781,
  "validation_f1-measure-overall": 0.9039740747057321,
  "validation_loss": 16.769637991098257,
  "best_validation_accuracy": 0.9813286086990382,
  "best_validation_accuracy3": 0.984015419960282,
  "best_validation_precision-overall": 0.9193854652166408,
  "best_validation_recall-overall": 0.8963312016156176,
  "best_validation_f1-measure-overall": 0.9077119727310962,
  "best_validation_loss": 15.969168470822847
}