{
  "best_epoch": 103,
  "peak_worker_0_memory_MB": 0,
  "peak_gpu_0_memory_MB": 979.04736328125,
  "training_duration": "2:41:36.866648",
  "training_start_epoch": 0,
  "training_epochs": 113,
  "epoch": 113,
  "training_accuracy": 0.9991798488368095,
  "training_accuracy3": 0.9992928037874286,
  "training_precision-overall": 0.995956242284936,
  "training_recall-overall": 0.995701944763607,
  "training_f1-measure-overall": 0.9958290772897015,
  "training_loss": 0.23570593497931322,
  "training_worker_0_memory_MB": 0.0,
  "training_gpu_0_memory_MB": 979.04736328125,
  "validation_accuracy": 0.9814843658736031,
  "validation_accuracy3": 0.9841906467816673,
  "validation_precision-overall": 0.9147114231889022,
  "validation_recall-overall": 0.8988556041736789,
  "validation_f1-measure-overall": 0.906714200831798,
  "validation_loss": 17.300040962512675,
  "best_validation_accuracy": 0.9819711070441183,
  "best_validation_accuracy3": 0.9842685253689498,
  "best_validation_precision-overall": 0.9217511203033437,
  "best_validation_recall-overall": 0.9000336587007741,
  "best_validation_f1-measure-overall": 0.9107629427792417,
  "best_validation_loss": 16.463754956172064
}