{
  "best_epoch": 103,
  "peak_worker_0_memory_MB": 0,
  "peak_gpu_0_memory_MB": 979.04736328125,
  "training_duration": "3:01:25.865642",
  "training_start_epoch": 0,
  "training_epochs": 127,
  "epoch": 127,
  "training_accuracy": 0.9992093153456667,
  "training_accuracy3": 0.9993026259570477,
  "training_precision-overall": 0.9960423847823312,
  "training_recall-overall": 0.9960423847823312,
  "training_f1-measure-overall": 0.9960423847822812,
  "training_loss": 0.25912053797168666,
  "training_worker_0_memory_MB": 0.0,
  "training_gpu_0_memory_MB": 979.04736328125,
  "validation_accuracy": 0.9813091390522176,
  "validation_accuracy3": 0.984015419960282,
  "validation_precision-overall": 0.9181912323092855,
  "validation_recall-overall": 0.8953214405923932,
  "validation_f1-measure-overall": 0.9066121336059486,
  "validation_loss": 17.200175389509933,
  "best_validation_accuracy": 0.9819711070441183,
  "best_validation_accuracy3": 0.9842685253689498,
  "best_validation_precision-overall": 0.9217511203033437,
  "best_validation_recall-overall": 0.9000336587007741,
  "best_validation_f1-measure-overall": 0.9107629427792417,
  "best_validation_loss": 16.463754956172064
}