{
  "best_epoch": 39,
  "peak_worker_0_memory_MB": 0,
  "peak_gpu_0_memory_MB": 979.04736328125,
  "training_duration": "1:05:19.968343",
  "training_start_epoch": 0,
  "training_epochs": 45,
  "epoch": 45,
  "training_accuracy": 0.9974806134927144,
  "training_accuracy3": 0.9978096561749524,
  "training_precision-overall": 0.9877026509510234,
  "training_recall-overall": 0.9877867143282693,
  "training_f1-measure-overall": 0.9877446808510139,
  "training_loss": 0.7514455540748678,
  "training_worker_0_memory_MB": 0.0,
  "training_gpu_0_memory_MB": 979.04736328125,
  "validation_accuracy": 0.980549822826214,
  "validation_accuracy3": 0.9832755733810988,
  "validation_precision-overall": 0.9151693158258466,
  "validation_recall-overall": 0.8914506900033659,
  "validation_f1-measure-overall": 0.903154305200291,
  "validation_loss": 14.363531432518592,
  "best_validation_accuracy": 0.9803745960048285,
  "best_validation_accuracy3": 0.9833729216152018,
  "best_validation_precision-overall": 0.9172580924355201,
  "best_validation_recall-overall": 0.8917872770111074,
  "best_validation_f1-measure-overall": 0.9043433740079712,
  "best_validation_loss": 13.777710700401894
}