{
  "best_epoch": 13,
  "peak_worker_0_memory_MB": 0,
  "peak_gpu_0_memory_MB": 979.04736328125,
  "training_duration": "0:19:55.488844",
  "training_start_epoch": 0,
  "training_epochs": 13,
  "epoch": 13,
  "training_accuracy": 0.9868186483712387,
  "training_accuracy3": 0.9888714818216195,
  "training_precision-overall": 0.9365757757073254,
  "training_recall-overall": 0.9325503212902677,
  "training_f1-measure-overall": 0.9345587137769508,
  "training_loss": 3.9584935469983735,
  "training_worker_0_memory_MB": 0.0,
  "training_gpu_0_memory_MB": 979.04736328125,
  "validation_accuracy": 0.9778046026245084,
  "validation_accuracy3": 0.9810365639967291,
  "validation_precision-overall": 0.8913748932536294,
  "validation_recall-overall": 0.8783237967014473,
  "validation_f1-measure-overall": 0.8848012206492678,
  "validation_loss": 9.995155126131499,
  "best_validation_accuracy": 0.9778046026245084,
  "best_validation_accuracy3": 0.9810365639967291,
  "best_validation_precision-overall": 0.8913748932536294,
  "best_validation_recall-overall": 0.8783237967014473,
  "best_validation_f1-measure-overall": 0.8848012206492678,
  "best_validation_loss": 9.995155126131499
}