{
  "best_epoch": 30,
  "peak_worker_0_memory_MB": 0,
  "peak_gpu_0_memory_MB": 979.04736328125,
  "training_duration": "0:53:58.899855",
  "training_start_epoch": 0,
  "training_epochs": 37,
  "epoch": 37,
  "training_accuracy": 0.9964836632763812,
  "training_accuracy3": 0.9970189715206191,
  "training_precision-overall": 0.983258785942492,
  "training_recall-overall": 0.982254564024001,
  "training_f1-measure-overall": 0.9827564184441957,
  "training_loss": 1.0333673083485233,
  "training_worker_0_memory_MB": 0.0,
  "training_gpu_0_memory_MB": 979.04736328125,
  "validation_accuracy": 0.9797710369533896,
  "validation_accuracy3": 0.9827498929169425,
  "validation_precision-overall": 0.9115411195577056,
  "validation_recall-overall": 0.8879165264220801,
  "validation_f1-measure-overall": 0.8995737425404445,
  "validation_loss": 13.42950140439547,
  "best_validation_accuracy": 0.9805303531793933,
  "best_validation_accuracy3": 0.9833339823215607,
  "best_validation_precision-overall": 0.9111949254243099,
  "best_validation_recall-overall": 0.8944799730730394,
  "best_validation_f1-measure-overall": 0.9027600849256402,
  "best_validation_loss": 12.246680717468262
}