{
  "best_epoch": 100,
  "peak_worker_0_memory_MB": 0,
  "peak_gpu_0_memory_MB": 979.04736328125,
  "training_duration": "2:24:37.803666",
  "training_start_epoch": 0,
  "training_epochs": 101,
  "epoch": 101,
  "training_accuracy": 0.9991356490735238,
  "training_accuracy3": 0.9992289596849048,
  "training_precision-overall": 0.9957875925453153,
  "training_recall-overall": 0.9959147197753095,
  "training_f1-measure-overall": 0.9958511521030967,
  "training_loss": 0.26087987227796233,
  "training_worker_0_memory_MB": 0.0,
  "training_gpu_0_memory_MB": 979.04736328125,
  "validation_accuracy": 0.9812507301117558,
  "validation_accuracy3": 0.9837428449047935,
  "validation_precision-overall": 0.9195640892579139,
  "validation_recall-overall": 0.8946482665769101,
  "validation_f1-measure-overall": 0.9069350848758351,
  "validation_loss": 17.048451382563666,
  "best_validation_accuracy": 0.9815233051672443,
  "best_validation_accuracy3": 0.9841517074880262,
  "best_validation_precision-overall": 0.9222241468906981,
  "best_validation_recall-overall": 0.8959946146078761,
  "best_validation_f1-measure-overall": 0.9089201877933771,
  "best_validation_loss": 16.574418274806096
}