{
  "best_epoch": 7,
  "peak_worker_0_memory_MB": 0,
  "peak_gpu_0_memory_MB": 979.04736328125,
  "training_duration": "0:11:23.794280",
  "training_start_epoch": 0,
  "training_epochs": 7,
  "epoch": 7,
  "training_accuracy": 0.9774875872331439,
  "training_accuracy3": 0.9808713246669056,
  "training_precision-overall": 0.8936298335412276,
  "training_recall-overall": 0.8841227286267501,
  "training_f1-measure-overall": 0.8888508599297866,
  "training_loss": 7.089021401388365,
  "training_worker_0_memory_MB": 0.0,
  "training_gpu_0_memory_MB": 979.04736328125,
  "validation_accuracy": 0.9735796892644367,
  "validation_accuracy3": 0.9777072543904054,
  "validation_precision-overall": 0.8689478186484174,
  "validation_recall-overall": 0.8547627061595422,
  "validation_f1-measure-overall": 0.8617968948841445,
  "validation_loss": 10.650689542476947,
  "best_validation_accuracy": 0.9735796892644367,
  "best_validation_accuracy3": 0.9777072543904054,
  "best_validation_precision-overall": 0.8689478186484174,
  "best_validation_recall-overall": 0.8547627061595422,
  "best_validation_f1-measure-overall": 0.8617968948841445,
  "best_validation_loss": 10.650689542476947
}