{
  "best_epoch": 54,
  "peak_worker_0_memory_MB": 0,
  "peak_gpu_0_memory_MB": 979.04736328125,
  "training_duration": "1:19:30.028223",
  "training_start_epoch": 0,
  "training_epochs": 55,
  "epoch": 55,
  "training_accuracy": 0.9981583431964287,
  "training_accuracy3": 0.9983891641824763,
  "training_precision-overall": 0.9908045977011494,
  "training_recall-overall": 0.9904251244733818,
  "training_f1-measure-overall": 0.9906148247461671,
  "training_loss": 0.5672206400128021,
  "training_worker_0_memory_MB": 0.0,
  "training_gpu_0_memory_MB": 979.04736328125,
  "validation_accuracy": 0.9800630816556988,
  "validation_accuracy3": 0.982925119738328,
  "validation_precision-overall": 0.9217436974789915,
  "validation_recall-overall": 0.8860652978795018,
  "validation_f1-measure-overall": 0.9035524283507308,
  "validation_loss": 15.309956073760986,
  "best_validation_accuracy": 0.981192321171294,
  "best_validation_accuracy3": 0.9838986020793583,
  "best_validation_precision-overall": 0.9172841633637774,
  "best_validation_recall-overall": 0.8958263211040054,
  "best_validation_f1-measure-overall": 0.9064282673477577,
  "best_validation_loss": 14.500312375288743
}