{
  "best_epoch": 82,
  "peak_worker_0_memory_MB": 0,
  "peak_gpu_0_memory_MB": 979.04736328125,
  "training_duration": "2:09:02.891663",
  "training_start_epoch": 0,
  "training_epochs": 90,
  "epoch": 90,
  "training_accuracy": 0.9989883165292381,
  "training_accuracy3": 0.9990521606317619,
  "training_precision-overall": 0.9949353081375554,
  "training_recall-overall": 0.9948082897144559,
  "training_f1-measure-overall": 0.9948717948717449,
  "training_loss": 0.3203533953194941,
  "training_worker_0_memory_MB": 0.0,
  "training_gpu_0_memory_MB": 979.04736328125,
  "validation_accuracy": 0.9809781550562673,
  "validation_accuracy3": 0.9836844359643316,
  "validation_precision-overall": 0.9151316922017559,
  "validation_recall-overall": 0.8946482665769101,
  "validation_f1-measure-overall": 0.904774061781926,
  "validation_loss": 16.23723367544321,
  "best_validation_accuracy": 0.9813286086990382,
  "best_validation_accuracy3": 0.984015419960282,
  "best_validation_precision-overall": 0.9193854652166408,
  "best_validation_recall-overall": 0.8963312016156176,
  "best_validation_f1-measure-overall": 0.9077119727310962,
  "best_validation_loss": 15.969168470822847
}