{
  "best_epoch": 54,
  "peak_worker_0_memory_MB": 0,
  "peak_gpu_0_memory_MB": 979.04736328125,
  "training_duration": "1:50:38.823744",
  "training_start_epoch": 0,
  "training_epochs": 77,
  "epoch": 77,
  "training_accuracy": 0.9989932276140476,
  "training_accuracy3": 0.999155293412762,
  "training_precision-overall": 0.9952320136228182,
  "training_recall-overall": 0.9948508447167964,
  "training_f1-measure-overall": 0.9950413926663187,
  "training_loss": 0.3273255083484582,
  "training_worker_0_memory_MB": 0.0,
  "training_gpu_0_memory_MB": 979.04736328125,
  "validation_accuracy": 0.980841867528523,
  "validation_accuracy3": 0.9836844359643316,
  "validation_precision-overall": 0.9211120764552563,
  "validation_recall-overall": 0.8921238640188489,
  "validation_f1-measure-overall": 0.9063862528853054,
  "validation_loss": 16.27248272088858,
  "best_validation_accuracy": 0.981192321171294,
  "best_validation_accuracy3": 0.9838986020793583,
  "best_validation_precision-overall": 0.9172841633637774,
  "best_validation_recall-overall": 0.8958263211040054,
  "best_validation_f1-measure-overall": 0.9064282673477577,
  "best_validation_loss": 14.500312375288743
}