{
  "best_epoch": 10,
  "peak_worker_0_memory_MB": 0,
  "peak_gpu_0_memory_MB": 979.04736328125,
  "training_duration": "0:17:04.775078",
  "training_start_epoch": 0,
  "training_epochs": 11,
  "epoch": 11,
  "training_accuracy": 0.9846479488854293,
  "training_accuracy3": 0.9869070478978101,
  "training_precision-overall": 0.9273637803364294,
  "training_recall-overall": 0.9219966807098174,
  "training_f1-measure-overall": 0.9246724424906675,
  "training_loss": 4.718564040805097,
  "training_worker_0_memory_MB": 0.0,
  "training_gpu_0_memory_MB": 979.04736328125,
  "validation_accuracy": 0.9756045325337799,
  "validation_accuracy3": 0.979011720727386,
  "validation_precision-overall": 0.885724149836009,
  "validation_recall-overall": 0.8635139683608213,
  "validation_f1-measure-overall": 0.8744780570941129,
  "validation_loss": 10.502057997630192,
  "best_validation_accuracy": 0.9750788520696234,
  "best_validation_accuracy3": 0.9786417974377944,
  "best_validation_precision-overall": 0.8850317924041932,
  "best_validation_recall-overall": 0.8667115449343655,
  "best_validation_f1-measure-overall": 0.8757758693988107,
  "best_validation_loss": 10.402926559448241
}