{
  "best_epoch": 10,
  "peak_worker_0_memory_MB": 0,
  "peak_gpu_0_memory_MB": 979.04736328125,
  "training_duration": "0:15:39.509173",
  "training_start_epoch": 0,
  "training_epochs": 10,
  "epoch": 10,
  "training_accuracy": 0.9834987550400008,
  "training_accuracy3": 0.9860623413105721,
  "training_precision-overall": 0.9211968153411523,
  "training_recall-overall": 0.9158262053704413,
  "training_f1-measure-overall": 0.918503659759665,
  "training_loss": 5.030531666541863,
  "training_worker_0_memory_MB": 0.0,
  "training_gpu_0_memory_MB": 979.04736328125,
  "validation_accuracy": 0.9750788520696234,
  "validation_accuracy3": 0.9786417974377944,
  "validation_precision-overall": 0.8850317924041932,
  "validation_recall-overall": 0.8667115449343655,
  "validation_f1-measure-overall": 0.8757758693988107,
  "validation_loss": 10.402926559448241,
  "best_validation_accuracy": 0.9750788520696234,
  "best_validation_accuracy3": 0.9786417974377944,
  "best_validation_precision-overall": 0.8850317924041932,
  "best_validation_recall-overall": 0.8667115449343655,
  "best_validation_f1-measure-overall": 0.8757758693988107,
  "best_validation_loss": 10.402926559448241
}