{
  "best_epoch": 78,
  "peak_worker_0_memory_MB": 0,
  "peak_gpu_0_memory_MB": 979.04736328125,
  "training_duration": "1:53:28.673966",
  "training_start_epoch": 0,
  "training_epochs": 79,
  "epoch": 79,
  "training_accuracy": 0.9988066063912858,
  "training_accuracy3": 0.9989342945963334,
  "training_precision-overall": 0.9946357869641108,
  "training_recall-overall": 0.9942125196816886,
  "training_f1-measure-overall": 0.9944241082829158,
  "training_loss": 0.36664746715504926,
  "training_worker_0_memory_MB": 0.0,
  "training_gpu_0_memory_MB": 979.04736328125,
  "validation_accuracy": 0.9809586854094466,
  "validation_accuracy3": 0.983762314551614,
  "validation_precision-overall": 0.9139027324282523,
  "validation_recall-overall": 0.8949848535846516,
  "validation_f1-measure-overall": 0.9043448686335697,
  "validation_loss": 16.06036999482375,
  "best_validation_accuracy": 0.9815427748140648,
  "best_validation_accuracy3": 0.9841322378412055,
  "best_validation_precision-overall": 0.9186347181520428,
  "best_validation_recall-overall": 0.8968360821272299,
  "best_validation_f1-measure-overall": 0.9076045303584616,
  "best_validation_loss": 16.29958917764517
}