{
  "best_epoch": 78,
  "peak_worker_0_memory_MB": 0,
  "peak_gpu_0_memory_MB": 979.04736328125,
  "training_duration": "1:54:53.535123",
  "training_start_epoch": 0,
  "training_epochs": 80,
  "epoch": 80,
  "training_accuracy": 0.9988802726634286,
  "training_accuracy3": 0.9990374273773334,
  "training_precision-overall": 0.9943384982121574,
  "training_recall-overall": 0.9940422996723265,
  "training_f1-measure-overall": 0.9941903768806293,
  "training_loss": 0.3486743451861724,
  "training_worker_0_memory_MB": 0.0,
  "training_gpu_0_memory_MB": 979.04736328125,
  "validation_accuracy": 0.9811339122308321,
  "validation_accuracy3": 0.9840348896071025,
  "validation_precision-overall": 0.9186668969089967,
  "validation_recall-overall": 0.8953214405923932,
  "validation_f1-measure-overall": 0.9068439444301896,
  "validation_loss": 16.111705724276028,
  "best_validation_accuracy": 0.9815427748140648,
  "best_validation_accuracy3": 0.9841322378412055,
  "best_validation_precision-overall": 0.9186347181520428,
  "best_validation_recall-overall": 0.8968360821272299,
  "best_validation_f1-measure-overall": 0.9076045303584616,
  "best_validation_loss": 16.29958917764517
}