{
  "best_epoch": 54,
  "peak_worker_0_memory_MB": 0,
  "peak_gpu_0_memory_MB": 979.04736328125,
  "training_duration": "1:23:45.070485",
  "training_start_epoch": 0,
  "training_epochs": 58,
  "epoch": 58,
  "training_accuracy": 0.9982565648926192,
  "training_accuracy3": 0.998453008285,
  "training_precision-overall": 0.9910604061129794,
  "training_recall-overall": 0.9907230094897655,
  "training_f1-measure-overall": 0.9908916790806055,
  "training_loss": 0.5088541736806415,
  "training_worker_0_memory_MB": 0.0,
  "training_gpu_0_memory_MB": 979.04736328125,
  "validation_accuracy": 0.9806861103539581,
  "validation_accuracy3": 0.9836065573770492,
  "validation_precision-overall": 0.9126929674099485,
  "validation_recall-overall": 0.8954897340962639,
  "validation_f1-measure-overall": 0.9040095141012072,
  "validation_loss": 15.504308396852933,
  "best_validation_accuracy": 0.981192321171294,
  "best_validation_accuracy3": 0.9838986020793583,
  "best_validation_precision-overall": 0.9172841633637774,
  "best_validation_recall-overall": 0.8958263211040054,
  "best_validation_f1-measure-overall": 0.9064282673477577,
  "best_validation_loss": 14.500312375288743
}