{
  "best_epoch": 103,
  "peak_worker_0_memory_MB": 0,
  "peak_gpu_0_memory_MB": 979.04736328125,
  "training_duration": "2:38:47.183145",
  "training_start_epoch": 0,
  "training_epochs": 111,
  "epoch": 111,
  "training_accuracy": 0.9993222702962857,
  "training_accuracy3": 0.9994204919924762,
  "training_precision-overall": 0.9968505277494042,
  "training_recall-overall": 0.9967232648197796,
  "training_f1-measure-overall": 0.996786892222527,
  "training_loss": 0.214655670661519,
  "training_worker_0_memory_MB": 0.0,
  "training_gpu_0_memory_MB": 979.04736328125,
  "validation_accuracy": 0.9811728515244733,
  "validation_accuracy3": 0.9838012538452553,
  "validation_precision-overall": 0.913923182441701,
  "validation_recall-overall": 0.8970043756311007,
  "validation_f1-measure-overall": 0.9053847460505702,
  "validation_loss": 17.17948872933021,
  "best_validation_accuracy": 0.9819711070441183,
  "best_validation_accuracy3": 0.9842685253689498,
  "best_validation_precision-overall": 0.9217511203033437,
  "best_validation_recall-overall": 0.9000336587007741,
  "best_validation_f1-measure-overall": 0.9107629427792417,
  "best_validation_loss": 16.463754956172064
}