{
  "best_epoch": 54,
  "peak_worker_0_memory_MB": 0,
  "peak_gpu_0_memory_MB": 979.04736328125,
  "training_duration": "1:26:34.756656",
  "training_start_epoch": 0,
  "training_epochs": 60,
  "epoch": 60,
  "training_accuracy": 0.998320408995143,
  "training_accuracy3": 0.9985414078115715,
  "training_precision-overall": 0.9917422210871324,
  "training_recall-overall": 0.991488999531895,
  "training_f1-measure-overall": 0.991615594143634,
  "training_loss": 0.49513741897094293,
  "training_worker_0_memory_MB": 0.0,
  "training_gpu_0_memory_MB": 979.04736328125,
  "validation_accuracy": 0.980841867528523,
  "validation_accuracy3": 0.983567618083408,
  "validation_precision-overall": 0.9137012205604264,
  "validation_recall-overall": 0.8944799730730394,
  "validation_f1-measure-overall": 0.9039884343906296,
  "validation_loss": 15.571065962864802,
  "best_validation_accuracy": 0.981192321171294,
  "best_validation_accuracy3": 0.9838986020793583,
  "best_validation_precision-overall": 0.9172841633637774,
  "best_validation_recall-overall": 0.8958263211040054,
  "best_validation_f1-measure-overall": 0.9064282673477577,
  "best_validation_loss": 14.500312375288743
}