{
  "best_epoch": 54,
  "peak_worker_0_memory_MB": 0,
  "peak_gpu_0_memory_MB": 979.04736328125,
  "training_duration": "1:18:04.512324",
  "training_start_epoch": 0,
  "training_epochs": 54,
  "epoch": 54,
  "training_accuracy": 0.9980699436698572,
  "training_accuracy3": 0.9982860314014763,
  "training_precision-overall": 0.9908459999148466,
  "training_recall-overall": 0.9903400144687008,
  "training_f1-measure-overall": 0.9905929425785905,
  "training_loss": 0.5735366678746994,
  "training_worker_0_memory_MB": 0.0,
  "training_gpu_0_memory_MB": 979.04736328125,
  "validation_accuracy": 0.981192321171294,
  "validation_accuracy3": 0.9838986020793583,
  "validation_precision-overall": 0.9172841633637774,
  "validation_recall-overall": 0.8958263211040054,
  "validation_f1-measure-overall": 0.9064282673477577,
  "validation_loss": 14.500312375288743,
  "best_validation_accuracy": 0.981192321171294,
  "best_validation_accuracy3": 0.9838986020793583,
  "best_validation_precision-overall": 0.9172841633637774,
  "best_validation_recall-overall": 0.8958263211040054,
  "best_validation_f1-measure-overall": 0.9064282673477577,
  "best_validation_loss": 14.500312375288743
}