{
  "best_epoch": 54,
  "peak_worker_0_memory_MB": 0,
  "peak_gpu_0_memory_MB": 979.04736328125,
  "training_duration": "1:22:20.087750",
  "training_start_epoch": 0,
  "training_epochs": 57,
  "epoch": 57,
  "training_accuracy": 0.9980453882458096,
  "training_accuracy3": 0.9982762092318572,
  "training_precision-overall": 0.990678471099004,
  "training_recall-overall": 0.9904676794757223,
  "training_f1-measure-overall": 0.9905730640733227,
  "training_loss": 0.5547446210189222,
  "training_worker_0_memory_MB": 0.0,
  "training_gpu_0_memory_MB": 979.04736328125,
  "validation_accuracy": 0.9808613371753436,
  "validation_accuracy3": 0.9833729216152018,
  "validation_precision-overall": 0.917169974115617,
  "validation_recall-overall": 0.8944799730730394,
  "validation_f1-measure-overall": 0.9056828831898622,
  "validation_loss": 14.728502784142128,
  "best_validation_accuracy": 0.981192321171294,
  "best_validation_accuracy3": 0.9838986020793583,
  "best_validation_precision-overall": 0.9172841633637774,
  "best_validation_recall-overall": 0.8958263211040054,
  "best_validation_f1-measure-overall": 0.9064282673477577,
  "best_validation_loss": 14.500312375288743
}