{
  "best_epoch": 12,
  "peak_worker_0_memory_MB": 0,
  "peak_gpu_0_memory_MB": 979.04736328125,
  "training_duration": "0:18:30.228538",
  "training_start_epoch": 0,
  "training_epochs": 12,
  "epoch": 12,
  "training_accuracy": 0.9862440514485245,
  "training_accuracy3": 0.9882723294748577,
  "training_precision-overall": 0.9335355174917773,
  "training_recall-overall": 0.9300395761521767,
  "training_f1-measure-overall": 0.9317842677466992,
  "training_loss": 4.20098012282755,
  "training_worker_0_memory_MB": 0.0,
  "training_gpu_0_memory_MB": 979.04736328125,
  "validation_accuracy": 0.9763249094661423,
  "validation_accuracy3": 0.980004672715237,
  "validation_precision-overall": 0.88761153054221,
  "validation_recall-overall": 0.8705822955233928,
  "validation_f1-measure-overall": 0.8790144435003747,
  "validation_loss": 10.408571892518264,
  "best_validation_accuracy": 0.9763249094661423,
  "best_validation_accuracy3": 0.980004672715237,
  "best_validation_precision-overall": 0.88761153054221,
  "best_validation_recall-overall": 0.8705822955233928,
  "best_validation_f1-measure-overall": 0.8790144435003747,
  "best_validation_loss": 10.408571892518264
}