{
  "best_epoch": 54,
  "peak_worker_0_memory_MB": 0,
  "peak_gpu_0_memory_MB": 979.04736328125,
  "training_duration": "1:44:59.081664",
  "training_start_epoch": 0,
  "training_epochs": 73,
  "epoch": 73,
  "training_accuracy": 0.9987673177128096,
  "training_accuracy3": 0.9989441167659524,
  "training_precision-overall": 0.9939553890686191,
  "training_recall-overall": 0.9936593046512617,
  "training_f1-measure-overall": 0.9938073248068279,
  "training_loss": 0.37759026666552997,
  "training_worker_0_memory_MB": 0.0,
  "training_gpu_0_memory_MB": 979.04736328125,
  "validation_accuracy": 0.9805108835325728,
  "validation_accuracy3": 0.9833145126747401,
  "validation_precision-overall": 0.9131184278572659,
  "validation_recall-overall": 0.8914506900033659,
  "validation_f1-measure-overall": 0.9021544750063367,
  "validation_loss": 16.099387890742374,
  "best_validation_accuracy": 0.981192321171294,
  "best_validation_accuracy3": 0.9838986020793583,
  "best_validation_precision-overall": 0.9172841633637774,
  "best_validation_recall-overall": 0.8958263211040054,
  "best_validation_f1-measure-overall": 0.9064282673477577,
  "best_validation_loss": 14.500312375288743
}