{
  "best_epoch": 82,
  "peak_worker_0_memory_MB": 0,
  "peak_gpu_0_memory_MB": 979.04736328125,
  "training_duration": "2:01:58.413888",
  "training_start_epoch": 0,
  "training_epochs": 85,
  "epoch": 85,
  "training_accuracy": 0.9986887403558572,
  "training_accuracy3": 0.9988802726634286,
  "training_precision-overall": 0.9933605720122574,
  "training_recall-overall": 0.9932337546278565,
  "training_f1-measure-overall": 0.9932971592722131,
  "training_loss": 0.3997594392172382,
  "training_worker_0_memory_MB": 0.0,
  "training_gpu_0_memory_MB": 979.04736328125,
  "validation_accuracy": 0.9813091390522176,
  "validation_accuracy3": 0.9839180717261788,
  "validation_precision-overall": 0.9156212407630177,
  "validation_recall-overall": 0.8966677886233592,
  "validation_f1-measure-overall": 0.9060454043023053,
  "validation_loss": 15.519912945674015,
  "best_validation_accuracy": 0.9813286086990382,
  "best_validation_accuracy3": 0.984015419960282,
  "best_validation_precision-overall": 0.9193854652166408,
  "best_validation_recall-overall": 0.8963312016156176,
  "best_validation_f1-measure-overall": 0.9077119727310962,
  "best_validation_loss": 15.969168470822847
}