{
  "best_epoch": 5,
  "peak_worker_0_memory_MB": 0,
  "peak_gpu_0_memory_MB": 979.04736328125,
  "training_duration": "0:08:33.656079",
  "training_start_epoch": 0,
  "training_epochs": 5,
  "epoch": 5,
  "training_accuracy": 0.9713290868820014,
  "training_accuracy3": 0.9757097745320964,
  "training_precision-overall": 0.8632898307274842,
  "training_recall-overall": 0.8529299119111452,
  "training_f1-measure-overall": 0.8580786026200373,
  "training_loss": 9.242501566333702,
  "training_worker_0_memory_MB": 0.0,
  "training_gpu_0_memory_MB": 979.04736328125,
  "validation_accuracy": 0.9703282582453955,
  "validation_accuracy3": 0.9748646859545967,
  "validation_precision-overall": 0.8460761199056922,
  "validation_recall-overall": 0.845506563446651,
  "validation_f1-measure-overall": 0.845791245791196,
  "validation_loss": 11.783755617141724,
  "best_validation_accuracy": 0.9703282582453955,
  "best_validation_accuracy3": 0.9748646859545967,
  "best_validation_precision-overall": 0.8460761199056922,
  "best_validation_recall-overall": 0.845506563446651,
  "best_validation_f1-measure-overall": 0.845791245791196,
  "best_validation_loss": 11.783755617141724
}