{
  "best_epoch": 51,
  "peak_worker_0_memory_MB": 0,
  "peak_gpu_0_memory_MB": 979.04736328125,
  "training_duration": "1:13:49.583305",
  "training_start_epoch": 0,
  "training_epochs": 51,
  "epoch": 51,
  "training_accuracy": 0.9979029667863334,
  "training_accuracy3": 0.9981436099420001,
  "training_precision-overall": 0.9899974461564655,
  "training_recall-overall": 0.989786799438274,
  "training_f1-measure-overall": 0.9898921115910381,
  "training_loss": 0.6498497199333435,
  "training_worker_0_memory_MB": 0.0,
  "training_gpu_0_memory_MB": 979.04736328125,
  "validation_accuracy": 0.9808613371753436,
  "validation_accuracy3": 0.9837817841984347,
  "validation_precision-overall": 0.9181377639321564,
  "validation_recall-overall": 0.8927970380343319,
  "validation_f1-measure-overall": 0.9052901023890284,
  "validation_loss": 14.462703958658071,
  "best_validation_accuracy": 0.9808613371753436,
  "best_validation_accuracy3": 0.9837817841984347,
  "best_validation_precision-overall": 0.9181377639321564,
  "best_validation_recall-overall": 0.8927970380343319,
  "best_validation_f1-measure-overall": 0.9052901023890284,
  "best_validation_loss": 14.462703958658071
}