{
  "best_epoch": 6,
  "peak_worker_0_memory_MB": 0,
  "peak_gpu_0_memory_MB": 979.04736328125,
  "training_duration": "0:09:58.602692",
  "training_start_epoch": 0,
  "training_epochs": 6,
  "epoch": 6,
  "training_accuracy": 0.9749829339802869,
  "training_accuracy3": 0.9786858919266677,
  "training_precision-overall": 0.8801875026878252,
  "training_recall-overall": 0.8709732329035278,
  "training_f1-measure-overall": 0.8755561259410862,
  "training_loss": 8.156944328016234,
  "training_worker_0_memory_MB": 0.0,
  "training_gpu_0_memory_MB": 979.04736328125,
  "validation_accuracy": 0.9722557532806355,
  "validation_accuracy3": 0.9762859701725011,
  "validation_precision-overall": 0.8567800914169629,
  "validation_recall-overall": 0.8517334230898688,
  "validation_f1-measure-overall": 0.854249303738662,
  "validation_loss": 11.115113911261925,
  "best_validation_accuracy": 0.9722557532806355,
  "best_validation_accuracy3": 0.9762859701725011,
  "best_validation_precision-overall": 0.8567800914169629,
  "best_validation_recall-overall": 0.8517334230898688,
  "best_validation_f1-measure-overall": 0.854249303738662,
  "best_validation_loss": 11.115113911261925
}