{
  "best_epoch": 20,
  "peak_worker_0_memory_MB": 0,
  "peak_gpu_0_memory_MB": 979.04736328125,
  "training_duration": "0:38:22.260171",
  "training_start_epoch": 0,
  "training_epochs": 26,
  "epoch": 26,
  "training_accuracy": 0.9947549614234288,
  "training_accuracy3": 0.9954818019752383,
  "training_precision-overall": 0.9735643437912392,
  "training_recall-overall": 0.9732329035278097,
  "training_f1-measure-overall": 0.9733985954457897,
  "training_loss": 1.637332207622053,
  "training_worker_0_memory_MB": 0.0,
  "training_gpu_0_memory_MB": 979.04736328125,
  "validation_accuracy": 0.9783886920291266,
  "validation_accuracy3": 0.9813870176395,
  "validation_precision-overall": 0.9099476439790576,
  "validation_recall-overall": 0.8774823291820936,
  "validation_f1-measure-overall": 0.8934201507881612,
  "validation_loss": 12.911003058506893,
  "best_validation_accuracy": 0.9797126280129278,
  "best_validation_accuracy3": 0.982574666095557,
  "best_validation_precision-overall": 0.91028522039758,
  "best_validation_recall-overall": 0.8862335913833727,
  "best_validation_f1-measure-overall": 0.8980984053892228,
  "best_validation_loss": 11.348183199075551
}