{
  "best_epoch": 82,
  "peak_worker_0_memory_MB": 0,
  "peak_gpu_0_memory_MB": 979.04736328125,
  "training_duration": "2:16:08.200031",
  "training_start_epoch": 0,
  "training_epochs": 95,
  "epoch": 95,
  "training_accuracy": 0.9988999170026667,
  "training_accuracy3": 0.9990472495469525,
  "training_precision-overall": 0.9951886230094524,
  "training_recall-overall": 0.9946380697050938,
  "training_f1-measure-overall": 0.9949132701925647,
  "training_loss": 0.3208245891693224,
  "training_worker_0_memory_MB": 0.0,
  "training_gpu_0_memory_MB": 979.04736328125,
  "validation_accuracy": 0.9809197461158055,
  "validation_accuracy3": 0.983470269849305,
  "validation_precision-overall": 0.9143004646360351,
  "validation_recall-overall": 0.8941433860652979,
  "validation_f1-measure-overall": 0.904109589041046,
  "validation_loss": 16.564026254507212,
  "best_validation_accuracy": 0.9813286086990382,
  "best_validation_accuracy3": 0.984015419960282,
  "best_validation_precision-overall": 0.9193854652166408,
  "best_validation_recall-overall": 0.8963312016156176,
  "best_validation_f1-measure-overall": 0.9077119727310962,
  "best_validation_loss": 15.969168470822847
}