{
  "best_epoch": 100,
  "peak_worker_0_memory_MB": 0,
  "peak_gpu_0_memory_MB": 979.04736328125,
  "training_duration": "2:23:12.683381",
  "training_start_epoch": 0,
  "training_epochs": 100,
  "epoch": 100,
  "training_accuracy": 0.9989686721900001,
  "training_accuracy3": 0.9991012714798572,
  "training_precision-overall": 0.9950197931298684,
  "training_recall-overall": 0.9947657347121154,
  "training_f1-measure-overall": 0.9948927477016866,
  "training_loss": 0.2923920868978806,
  "training_worker_0_memory_MB": 0.0,
  "training_gpu_0_memory_MB": 979.04736328125,
  "validation_accuracy": 0.9815233051672443,
  "validation_accuracy3": 0.9841517074880262,
  "validation_precision-overall": 0.9222241468906981,
  "validation_recall-overall": 0.8959946146078761,
  "validation_f1-measure-overall": 0.9089201877933771,
  "validation_loss": 16.574418274806096,
  "best_validation_accuracy": 0.9815233051672443,
  "best_validation_accuracy3": 0.9841517074880262,
  "best_validation_precision-overall": 0.9222241468906981,
  "best_validation_recall-overall": 0.8959946146078761,
  "best_validation_f1-measure-overall": 0.9089201877933771,
  "best_validation_loss": 16.574418274806096
}