{
  "best_epoch": 0,
  "peak_worker_0_memory_MB": 0,
  "peak_gpu_0_memory_MB": 522.6904296875,
  "training_duration": "0:05:44.762614",
  "training_start_epoch": 0,
  "training_epochs": 0,
  "epoch": 0,
  "training_accuracy": 0.6429936008564932,
  "training_accuracy3": 0.656405773471302,
  "training_precision-overall": 0.04609554575386718,
  "training_recall-overall": 0.09472743521000894,
  "training_f1-measure-overall": 0.06201420810693464,
  "training_loss": 256.8660783733762,
  "training_worker_0_memory_MB": 0.0,
  "training_gpu_0_memory_MB": 522.6904296875,
  "validation_accuracy": 0.822689926404735,
  "validation_accuracy3": 0.83536466648495,
  "validation_precision-overall": 0.18209687308399755,
  "validation_recall-overall": 0.049983170649612926,
  "validation_f1-measure-overall": 0.07843655090449546,
  "validation_loss": 152.94954743605393,
  "best_validation_accuracy": 0.822689926404735,
  "best_validation_accuracy3": 0.83536466648495,
  "best_validation_precision-overall": 0.18209687308399755,
  "best_validation_recall-overall": 0.049983170649612926,
  "best_validation_f1-measure-overall": 0.07843655090449546,
  "best_validation_loss": 152.94954743605393
}