{
  "best_epoch": 58,
  "peak_worker_0_memory_MB": 0,
  "peak_gpu_0_memory_MB": 3106.154296875,
  "training_duration": "4:07:55.142194",
  "training_start_epoch": 0,
  "training_epochs": 58,
  "epoch": 58,
  "training_accuracy": 0.9976475903762382,
  "training_accuracy3": 0.9980797658394763,
  "training_precision-overall": 0.9866655306096366,
  "training_recall-overall": 0.985573854206562,
  "training_f1-measure-overall": 0.9861193902750075,
  "training_loss": 1.9217078504189054,
  "training_worker_0_memory_MB": 0.0,
  "training_gpu_0_memory_MB": 3106.154296875,
  "validation_accuracy": 0.9886491959035864,
  "validation_accuracy3": 0.9902262372960554,
  "validation_precision-overall": 0.9416401140365588,
  "validation_recall-overall": 0.9449680242342645,
  "validation_f1-measure-overall": 0.9433011339772704,
  "validation_loss": 9.455154728522668,
  "best_validation_accuracy": 0.9886491959035864,
  "best_validation_accuracy3": 0.9902262372960554,
  "best_validation_precision-overall": 0.9416401140365588,
  "best_validation_recall-overall": 0.9449680242342645,
  "best_validation_f1-measure-overall": 0.9433011339772704,
  "best_validation_loss": 9.455154728522668
}