{
  "best_epoch": 0,
  "peak_worker_0_memory_MB": 0,
  "peak_gpu_0_memory_MB": 3106.154296875,
  "training_duration": "0:18:07.665750",
  "training_start_epoch": 0,
  "training_epochs": 3,
  "epoch": 3,
  "training_accuracy": 0.8293152474450082,
  "training_accuracy3": 0.8449766969025788,
  "training_precision-overall": 0.12065698041692988,
  "training_recall-overall": 0.0406400272352015,
  "training_f1-measure-overall": 0.06080091678865525,
  "training_loss": 92.5055812628668,
  "training_worker_0_memory_MB": 0.0,
  "training_gpu_0_memory_MB": 3106.154296875,
  "validation_accuracy": 0.8325026284023208,
  "validation_accuracy3": 0.8459172150617188,
  "validation_precision-overall": 0.12525090325170615,
  "validation_recall-overall": 0.052507573207674185,
  "validation_f1-measure-overall": 0.07399501956594913,
  "validation_loss": 90.98421757918138,
  "best_validation_accuracy": 0.822689926404735,
  "best_validation_accuracy3": 0.83536466648495,
  "best_validation_precision-overall": 0.18209687308399755,
  "best_validation_recall-overall": 0.049983170649612926,
  "best_validation_f1-measure-overall": 0.07843655090449546,
  "best_validation_loss": 152.94954743605393
}