{
  "best_epoch": 43,
  "peak_worker_0_memory_MB": 0,
  "peak_gpu_0_memory_MB": 3106.154296875,
  "training_duration": "3:09:09.711261",
  "training_start_epoch": 0,
  "training_epochs": 44,
  "epoch": 44,
  "training_accuracy": 0.9954572465511907,
  "training_accuracy3": 0.9964394635130954,
  "training_precision-overall": 0.9740320654954802,
  "training_recall-overall": 0.9720839184646155,
  "training_f1-measure-overall": 0.9730570168898992,
  "training_loss": 3.605884913108527,
  "training_worker_0_memory_MB": 0.0,
  "training_gpu_0_memory_MB": 3106.154296875,
  "validation_accuracy": 0.988220863673533,
  "validation_accuracy3": 0.9899147229469257,
  "validation_precision-overall": 0.9366834170854271,
  "validation_recall-overall": 0.9410972736452373,
  "validation_f1-measure-overall": 0.9388851578239931,
  "validation_loss": 9.47788871031541,
  "best_validation_accuracy": 0.9881040457926094,
  "best_validation_accuracy3": 0.9897784354191815,
  "best_validation_precision-overall": 0.9370395177494977,
  "best_validation_recall-overall": 0.9417704476607203,
  "best_validation_f1-measure-overall": 0.9393990263554981,
  "best_validation_loss": 9.61488385127141
}