{
  "best_epoch": 43,
  "peak_worker_0_memory_MB": 0,
  "peak_gpu_0_memory_MB": 3106.154296875,
  "training_duration": "3:04:59.527460",
  "training_start_epoch": 0,
  "training_epochs": 43,
  "epoch": 43,
  "training_accuracy": 0.9952608031588097,
  "training_accuracy3": 0.996164442763762,
  "training_precision-overall": 0.9729833383048536,
  "training_recall-overall": 0.9716583684412102,
  "training_f1-measure-overall": 0.9723204019928812,
  "training_loss": 3.8250515975137622,
  "training_worker_0_memory_MB": 0.0,
  "training_gpu_0_memory_MB": 3106.154296875,
  "validation_accuracy": 0.9881040457926094,
  "validation_accuracy3": 0.9897784354191815,
  "validation_precision-overall": 0.9370395177494977,
  "validation_recall-overall": 0.9417704476607203,
  "validation_f1-measure-overall": 0.9393990263554981,
  "validation_loss": 9.61488385127141,
  "best_validation_accuracy": 0.9881040457926094,
  "best_validation_accuracy3": 0.9897784354191815,
  "best_validation_precision-overall": 0.9370395177494977,
  "best_validation_recall-overall": 0.9417704476607203,
  "best_validation_f1-measure-overall": 0.9393990263554981,
  "best_validation_loss": 9.61488385127141
}