{
  "best_epoch": 36,
  "peak_worker_0_memory_MB": 0,
  "peak_gpu_0_memory_MB": 3106.154296875,
  "training_duration": "2:35:46.054990",
  "training_start_epoch": 0,
  "training_epochs": 36,
  "epoch": 36,
  "training_accuracy": 0.9926775725490004,
  "training_accuracy3": 0.9944210076563812,
  "training_precision-overall": 0.9590366581415175,
  "training_recall-overall": 0.9574449976594749,
  "training_f1-measure-overall": 0.9582401669541016,
  "training_loss": 5.5684044917707345,
  "training_worker_0_memory_MB": 0.0,
  "training_gpu_0_memory_MB": 3106.154296875,
  "validation_accuracy": 0.987325259919785,
  "validation_accuracy3": 0.9891554067209221,
  "validation_precision-overall": 0.9329196713063894,
  "validation_recall-overall": 0.9362167620329855,
  "validation_f1-measure-overall": 0.9345653086937762,
  "validation_loss": 10.22469513966487,
  "best_validation_accuracy": 0.987325259919785,
  "best_validation_accuracy3": 0.9891554067209221,
  "best_validation_precision-overall": 0.9329196713063894,
  "best_validation_recall-overall": 0.9362167620329855,
  "best_validation_f1-measure-overall": 0.9345653086937762,
  "best_validation_loss": 10.22469513966487
}