{
  "best_epoch": 35,
  "peak_worker_0_memory_MB": 0,
  "peak_gpu_0_memory_MB": 3106.154296875,
  "training_duration": "2:31:34.963151",
  "training_start_epoch": 0,
  "training_epochs": 35,
  "epoch": 35,
  "training_accuracy": 0.9921766418984289,
  "training_accuracy3": 0.9939544545994765,
  "training_precision-overall": 0.9572933998890738,
  "training_recall-overall": 0.9548491425167028,
  "training_f1-measure-overall": 0.9560697089777507,
  "training_loss": 6.040555078024542,
  "training_worker_0_memory_MB": 0.0,
  "training_gpu_0_memory_MB": 3106.154296875,
  "validation_accuracy": 0.9871500330983995,
  "validation_accuracy3": 0.9889801798995366,
  "validation_precision-overall": 0.9313462826523777,
  "validation_recall-overall": 0.9360484685291148,
  "validation_f1-measure-overall": 0.9336914554305359,
  "validation_loss": 10.351181415411142,
  "best_validation_accuracy": 0.9871500330983995,
  "best_validation_accuracy3": 0.9889801798995366,
  "best_validation_precision-overall": 0.9313462826523777,
  "best_validation_recall-overall": 0.9360484685291148,
  "best_validation_f1-measure-overall": 0.9336914554305359,
  "best_validation_loss": 10.351181415411142
}