{
  "best_epoch": 41,
  "peak_worker_0_memory_MB": 0,
  "peak_gpu_0_memory_MB": 3106.154296875,
  "training_duration": "3:00:49.363296",
  "training_start_epoch": 0,
  "training_epochs": 42,
  "epoch": 42,
  "training_accuracy": 0.9951625814626193,
  "training_accuracy3": 0.9961791760181906,
  "training_precision-overall": 0.9725799573560767,
  "training_recall-overall": 0.9705519383803566,
  "training_f1-measure-overall": 0.9715648895609631,
  "training_loss": 3.967835636410425,
  "training_worker_0_memory_MB": 0.0,
  "training_gpu_0_memory_MB": 3106.154296875,
  "validation_accuracy": 0.987773061796659,
  "validation_accuracy3": 0.9895447996573342,
  "validation_precision-overall": 0.9356028844541339,
  "validation_recall-overall": 0.9389094580949175,
  "validation_f1-measure-overall": 0.9372532549348513,
  "validation_loss": 9.801246136885423,
  "best_validation_accuracy": 0.9881429850862505,
  "best_validation_accuracy3": 0.9898368443596434,
  "best_validation_precision-overall": 0.9375524592915897,
  "best_validation_recall-overall": 0.939919219118142,
  "best_validation_f1-measure-overall": 0.9387343474241032,
  "best_validation_loss": 9.782102649395283
}