{
  "best_epoch": 24,
  "peak_worker_0_memory_MB": 0,
  "peak_gpu_0_memory_MB": 3106.154296875,
  "training_duration": "1:45:41.700460",
  "training_start_epoch": 0,
  "training_epochs": 24,
  "epoch": 24,
  "training_accuracy": 0.9804931711365723,
  "training_accuracy3": 0.9842010401677627,
  "training_precision-overall": 0.8924566768603466,
  "training_recall-overall": 0.894165709179114,
  "training_f1-measure-overall": 0.8933103756137502,
  "training_loss": 13.56522942488728,
  "training_worker_0_memory_MB": 0.0,
  "training_gpu_0_memory_MB": 3106.154296875,
  "validation_accuracy": 0.9794984618979011,
  "validation_accuracy3": 0.9824383785678128,
  "validation_precision-overall": 0.8909881290754055,
  "validation_recall-overall": 0.8968360821272299,
  "validation_f1-measure-overall": 0.893902541306668,
  "validation_loss": 15.956055454841026,
  "best_validation_accuracy": 0.9794984618979011,
  "best_validation_accuracy3": 0.9824383785678128,
  "best_validation_precision-overall": 0.8909881290754055,
  "best_validation_recall-overall": 0.8968360821272299,
  "best_validation_f1-measure-overall": 0.893902541306668,
  "best_validation_loss": 15.956055454841026
}