{
  "best_epoch": 60,
  "peak_worker_0_memory_MB": 0,
  "peak_gpu_0_memory_MB": 3106.154296875,
  "training_duration": "4:24:44.010537",
  "training_start_epoch": 0,
  "training_epochs": 62,
  "epoch": 62,
  "training_accuracy": 0.9979520776344286,
  "training_accuracy3": 0.9983007646559049,
  "training_precision-overall": 0.9883270140161036,
  "training_recall-overall": 0.9872334992978424,
  "training_f1-measure-overall": 0.9877799540151079,
  "training_loss": 1.6433725474143792,
  "training_worker_0_memory_MB": 0.0,
  "training_gpu_0_memory_MB": 3106.154296875,
  "validation_accuracy": 0.9886881351972275,
  "validation_accuracy3": 0.9902262372960554,
  "validation_precision-overall": 0.9419268210808996,
  "validation_recall-overall": 0.9444631437226523,
  "validation_f1-measure-overall": 0.9431932773108743,
  "validation_loss": 9.612576847076417,
  "best_validation_accuracy": 0.9887660137845099,
  "best_validation_accuracy3": 0.9903625248237997,
  "best_validation_precision-overall": 0.9428859398622543,
  "best_validation_recall-overall": 0.9446314372265231,
  "best_validation_f1-measure-overall": 0.9437578814627495,
  "best_validation_loss": 9.826928316263052
}