{
  "best_epoch": 70,
  "peak_worker_0_memory_MB": 0,
  "peak_gpu_0_memory_MB": 3106.154296875,
  "training_duration": "5:02:24.764839",
  "training_start_epoch": 0,
  "training_epochs": 71,
  "epoch": 71,
  "training_accuracy": 0.9985021191330953,
  "training_accuracy3": 0.9987967842216667,
  "training_precision-overall": 0.9914806611006985,
  "training_recall-overall": 0.9905102344780629,
  "training_f1-measure-overall": 0.9909952102181512,
  "training_loss": 1.2068552198783358,
  "training_worker_0_memory_MB": 0.0,
  "training_gpu_0_memory_MB": 3106.154296875,
  "validation_accuracy": 0.9891554067209221,
  "validation_accuracy3": 0.9906350998792882,
  "validation_precision-overall": 0.9432541011047874,
  "validation_recall-overall": 0.9483338943116796,
  "validation_f1-measure-overall": 0.9457871769049517,
  "validation_loss": 9.607056694030762,
  "best_validation_accuracy": 0.9893111638954869,
  "best_validation_accuracy3": 0.9907908570538531,
  "best_validation_precision-overall": 0.9449479691171534,
  "best_validation_recall-overall": 0.9474924267923258,
  "best_validation_f1-measure-overall": 0.9462184873949081,
  "best_validation_loss": 9.727543996664194
}