{
  "best_epoch": 19,
  "peak_worker_0_memory_MB": 0,
  "peak_gpu_0_memory_MB": 3106.154296875,
  "training_duration": "1:24:50.392994",
  "training_start_epoch": 0,
  "training_epochs": 19,
  "epoch": 19,
  "training_accuracy": 0.9644928568271446,
  "training_accuracy3": 0.9706906458567633,
  "training_precision-overall": 0.8005601289994059,
  "training_recall-overall": 0.802842674156347,
  "training_f1-measure-overall": 0.8016997769042312,
  "training_loss": 21.625099624348707,
  "training_worker_0_memory_MB": 0.0,
  "training_gpu_0_memory_MB": 3106.154296875,
  "validation_accuracy": 0.9660644055916826,
  "validation_accuracy3": 0.9715548459950937,
  "validation_precision-overall": 0.8164016736401674,
  "validation_recall-overall": 0.8209357118815214,
  "validation_f1-measure-overall": 0.8186624150372915,
  "validation_loss": 22.960855874281663,
  "best_validation_accuracy": 0.9660644055916826,
  "best_validation_accuracy3": 0.9715548459950937,
  "best_validation_precision-overall": 0.8164016736401674,
  "best_validation_recall-overall": 0.8209357118815214,
  "best_validation_f1-measure-overall": 0.8186624150372915,
  "best_validation_loss": 22.960855874281663
}