{
  "best_epoch": 60,
  "peak_worker_0_memory_MB": 0,
  "peak_gpu_0_memory_MB": 3106.154296875,
  "training_duration": "4:16:20.091943",
  "training_start_epoch": 0,
  "training_epochs": 60,
  "epoch": 60,
  "training_accuracy": 0.9978931446167144,
  "training_accuracy3": 0.9982762092318572,
  "training_precision-overall": 0.9880318582563141,
  "training_recall-overall": 0.9871909442955019,
  "training_f1-measure-overall": 0.987611222274206,
  "training_loss": 1.7784133052486542,
  "training_worker_0_memory_MB": 0.0,
  "training_gpu_0_memory_MB": 3106.154296875,
  "validation_accuracy": 0.9887660137845099,
  "validation_accuracy3": 0.9903625248237997,
  "validation_precision-overall": 0.9428859398622543,
  "validation_recall-overall": 0.9446314372265231,
  "validation_f1-measure-overall": 0.9437578814627495,
  "validation_loss": 9.826928316263052,
  "best_validation_accuracy": 0.9887660137845099,
  "best_validation_accuracy3": 0.9903625248237997,
  "best_validation_precision-overall": 0.9428859398622543,
  "best_validation_recall-overall": 0.9446314372265231,
  "best_validation_f1-measure-overall": 0.9437578814627495,
  "best_validation_loss": 9.826928316263052
}