{
  "best_epoch": 8,
  "peak_worker_0_memory_MB": 0,
  "peak_gpu_0_memory_MB": 3106.154296875,
  "training_duration": "0:38:55.199252",
  "training_start_epoch": 0,
  "training_epochs": 8,
  "epoch": 8,
  "training_accuracy": 0.8951336060622431,
  "training_accuracy3": 0.9085801562707186,
  "training_precision-overall": 0.3699224189377362,
  "training_recall-overall": 0.39567641176220264,
  "training_f1-measure-overall": 0.3823662458361963,
  "training_loss": 56.697994147331265,
  "training_worker_0_memory_MB": 0.0,
  "training_gpu_0_memory_MB": 3106.154296875,
  "validation_accuracy": 0.9072076632529886,
  "validation_accuracy3": 0.9196682372181768,
  "validation_precision-overall": 0.4249008723235527,
  "validation_recall-overall": 0.4508582968697408,
  "validation_f1-measure-overall": 0.4374948967093482,
  "validation_loss": 58.121041456369255,
  "best_validation_accuracy": 0.9072076632529886,
  "best_validation_accuracy3": 0.9196682372181768,
  "best_validation_precision-overall": 0.4249008723235527,
  "best_validation_recall-overall": 0.4508582968697408,
  "best_validation_f1-measure-overall": 0.4374948967093482,
  "best_validation_loss": 58.121041456369255
}