{
  "best_epoch": 10,
  "peak_worker_0_memory_MB": 0,
  "peak_gpu_0_memory_MB": 3106.154296875,
  "training_duration": "0:47:15.742860",
  "training_start_epoch": 0,
  "training_epochs": 10,
  "epoch": 10,
  "training_accuracy": 0.9080055593480044,
  "training_accuracy3": 0.9214079097931942,
  "training_precision-overall": 0.42479699929928694,
  "training_recall-overall": 0.438571854121452,
  "training_f1-measure-overall": 0.4315745393634341,
  "training_loss": 48.376219910658975,
  "training_worker_0_memory_MB": 0.0,
  "training_gpu_0_memory_MB": 3106.154296875,
  "validation_accuracy": 0.9191620264008411,
  "validation_accuracy3": 0.9315641914255676,
  "validation_precision-overall": 0.4793307086614173,
  "validation_recall-overall": 0.4917536183103332,
  "validation_f1-measure-overall": 0.48546270144537285,
  "validation_loss": 49.14605560596173,
  "best_validation_accuracy": 0.9191620264008411,
  "best_validation_accuracy3": 0.9315641914255676,
  "best_validation_precision-overall": 0.4793307086614173,
  "best_validation_recall-overall": 0.4917536183103332,
  "best_validation_f1-measure-overall": 0.48546270144537285,
  "best_validation_loss": 49.14605560596173
}