{
  "best_epoch": 52,
  "peak_worker_0_memory_MB": 0,
  "peak_gpu_0_memory_MB": 3106.154296875,
  "training_duration": "3:51:01.550360",
  "training_start_epoch": 0,
  "training_epochs": 54,
  "epoch": 54,
  "training_accuracy": 0.9971712151497144,
  "training_accuracy3": 0.9977359899028097,
  "training_precision-overall": 0.9834689616974138,
  "training_recall-overall": 0.9822971190263415,
  "training_f1-measure-overall": 0.9828826910793624,
  "training_loss": 2.2563919425434915,
  "training_worker_0_memory_MB": 0.0,
  "training_gpu_0_memory_MB": 3106.154296875,
  "validation_accuracy": 0.9884350297885597,
  "validation_accuracy3": 0.9901094194151319,
  "validation_precision-overall": 0.9399328859060403,
  "validation_recall-overall": 0.9427802086839449,
  "validation_f1-measure-overall": 0.941354394219409,
  "validation_loss": 9.460550796802227,
  "best_validation_accuracy": 0.9885518476694832,
  "best_validation_accuracy3": 0.9901288890619524,
  "best_validation_precision-overall": 0.9415617128463476,
  "best_validation_recall-overall": 0.9436216762032985,
  "best_validation_f1-measure-overall": 0.9425905690509714,
  "best_validation_loss": 9.544657206902137
}