{
  "best_epoch": 39,
  "peak_worker_0_memory_MB": 0,
  "peak_gpu_0_memory_MB": 3106.154296875,
  "training_duration": "2:48:16.590246",
  "training_start_epoch": 0,
  "training_epochs": 39,
  "epoch": 39,
  "training_accuracy": 0.9939348102602383,
  "training_accuracy3": 0.9954032246182859,
  "training_precision-overall": 0.9652336926419838,
  "training_recall-overall": 0.9640835780245968,
  "training_f1-measure-overall": 0.9646582925270951,
  "training_loss": 4.7145650030455135,
  "training_worker_0_memory_MB": 0.0,
  "training_gpu_0_memory_MB": 3106.154296875,
  "validation_accuracy": 0.9880066975585063,
  "validation_accuracy3": 0.9897394961255402,
  "validation_precision-overall": 0.9363377450159156,
  "validation_recall-overall": 0.9405923931336251,
  "validation_f1-measure-overall": 0.9384602468306108,
  "validation_loss": 9.83973952293396,
  "best_validation_accuracy": 0.9880066975585063,
  "best_validation_accuracy3": 0.9897394961255402,
  "best_validation_precision-overall": 0.9363377450159156,
  "best_validation_recall-overall": 0.9405923931336251,
  "best_validation_f1-measure-overall": 0.9384602468306108,
  "best_validation_loss": 9.83973952293396
}