{
  "best_epoch": 17,
  "peak_worker_0_memory_MB": 0,
  "peak_gpu_0_memory_MB": 3106.154296875,
  "training_duration": "1:16:29.227199",
  "training_start_epoch": 0,
  "training_epochs": 17,
  "epoch": 17,
  "training_accuracy": 0.9557953256294783,
  "training_accuracy3": 0.9632896410488113,
  "training_precision-overall": 0.7368019012052283,
  "training_recall-overall": 0.7388399506361973,
  "training_f1-measure-overall": 0.7378195185176816,
  "training_loss": 25.943959802919434,
  "training_worker_0_memory_MB": 0.0,
  "training_gpu_0_memory_MB": 3106.154296875,
  "validation_accuracy": 0.9584517736848254,
  "validation_accuracy3": 0.9647404696078813,
  "validation_precision-overall": 0.765099548268362,
  "validation_recall-overall": 0.7696061932009425,
  "validation_f1-measure-overall": 0.7673462538803092,
  "validation_loss": 27.26684220093947,
  "best_validation_accuracy": 0.9584517736848254,
  "best_validation_accuracy3": 0.9647404696078813,
  "best_validation_precision-overall": 0.765099548268362,
  "best_validation_recall-overall": 0.7696061932009425,
  "best_validation_f1-measure-overall": 0.7673462538803092,
  "best_validation_loss": 27.26684220093947
}