{
  "best_epoch": 37,
  "peak_worker_0_memory_MB": 0,
  "peak_gpu_0_memory_MB": 3106.154296875,
  "training_duration": "2:39:55.830982",
  "training_start_epoch": 0,
  "training_epochs": 37,
  "epoch": 37,
  "training_accuracy": 0.993144125605905,
  "training_accuracy3": 0.9948286276955717,
  "training_precision-overall": 0.9607617586912065,
  "training_recall-overall": 0.9596578577811822,
  "training_f1-measure-overall": 0.9602094909624589,
  "training_loss": 5.31247026623356,
  "training_worker_0_memory_MB": 0.0,
  "training_gpu_0_memory_MB": 3106.154296875,
  "validation_accuracy": 0.987675713562556,
  "validation_accuracy3": 0.9895447996573342,
  "validation_precision-overall": 0.934461951055984,
  "validation_recall-overall": 0.9382362840794345,
  "validation_f1-measure-overall": 0.9363453140745218,
  "validation_loss": 10.158509976313665,
  "best_validation_accuracy": 0.987675713562556,
  "best_validation_accuracy3": 0.9895447996573342,
  "best_validation_precision-overall": 0.934461951055984,
  "best_validation_recall-overall": 0.9382362840794345,
  "best_validation_f1-measure-overall": 0.9363453140745218,
  "best_validation_loss": 10.158509976313665
}