{
  "best_epoch": 39,
  "peak_worker_0_memory_MB": 0,
  "peak_gpu_0_memory_MB": 3106.154296875,
  "training_duration": "2:52:28.386576",
  "training_start_epoch": 0,
  "training_epochs": 40,
  "epoch": 40,
  "training_accuracy": 0.994371896808286,
  "training_accuracy3": 0.9956487788587621,
  "training_precision-overall": 0.9673528534288028,
  "training_recall-overall": 0.9658708881228989,
  "training_f1-measure-overall": 0.9666113027553694,
  "training_loss": 4.4652734269450995,
  "training_worker_0_memory_MB": 0.0,
  "training_gpu_0_memory_MB": 3106.154296875,
  "validation_accuracy": 0.9879093493244032,
  "validation_accuracy3": 0.9896616175382579,
  "validation_precision-overall": 0.9370594159113796,
  "validation_recall-overall": 0.9395826321104005,
  "validation_f1-measure-overall": 0.9383193277310424,
  "validation_loss": 9.935302961789645,
  "best_validation_accuracy": 0.9880066975585063,
  "best_validation_accuracy3": 0.9897394961255402,
  "best_validation_precision-overall": 0.9363377450159156,
  "best_validation_recall-overall": 0.9405923931336251,
  "best_validation_f1-measure-overall": 0.9384602468306108,
  "best_validation_loss": 9.83973952293396
}