{
  "best_epoch": 23,
  "peak_worker_0_memory_MB": 0,
  "peak_gpu_0_memory_MB": 3106.154296875,
  "training_duration": "1:41:30.950600",
  "training_start_epoch": 0,
  "training_epochs": 23,
  "epoch": 23,
  "training_accuracy": 0.9775661645900963,
  "training_accuracy3": 0.9815343211161913,
  "training_precision-overall": 0.8781161082091137,
  "training_recall-overall": 0.8799097833950381,
  "training_f1-measure-overall": 0.8790120307783371,
  "training_loss": 14.940777027903927,
  "training_worker_0_memory_MB": 0.0,
  "training_gpu_0_memory_MB": 3106.154296875,
  "validation_accuracy": 0.9782134652077411,
  "validation_accuracy3": 0.9815233051672443,
  "validation_precision-overall": 0.8836509528585758,
  "validation_recall-overall": 0.8895994614607876,
  "validation_f1-measure-overall": 0.8866152297886116,
  "validation_loss": 16.934952832001905,
  "best_validation_accuracy": 0.9782134652077411,
  "best_validation_accuracy3": 0.9815233051672443,
  "best_validation_precision-overall": 0.8836509528585758,
  "best_validation_recall-overall": 0.8895994614607876,
  "best_validation_f1-measure-overall": 0.8866152297886116,
  "best_validation_loss": 16.934952832001905
}