{
  "best_epoch": 22,
  "peak_worker_0_memory_MB": 0,
  "peak_gpu_0_memory_MB": 3106.154296875,
  "training_duration": "1:37:19.654100",
  "training_start_epoch": 0,
  "training_epochs": 22,
  "epoch": 22,
  "training_accuracy": 0.9749141787929536,
  "training_accuracy3": 0.9793046886126676,
  "training_precision-overall": 0.8628881724079416,
  "training_recall-overall": 0.8655687476062811,
  "training_f1-measure-overall": 0.8642263814237567,
  "training_loss": 16.379706796293156,
  "training_worker_0_memory_MB": 0.0,
  "training_gpu_0_memory_MB": 3106.154296875,
  "validation_accuracy": 0.9757992290019859,
  "validation_accuracy3": 0.9793427047233363,
  "validation_precision-overall": 0.8708653524891413,
  "validation_recall-overall": 0.8773140356782229,
  "validation_f1-measure-overall": 0.8740778001340882,
  "validation_loss": 18.213885160592888,
  "best_validation_accuracy": 0.9757992290019859,
  "best_validation_accuracy3": 0.9793427047233363,
  "best_validation_precision-overall": 0.8708653524891413,
  "best_validation_recall-overall": 0.8773140356782229,
  "best_validation_f1-measure-overall": 0.8740778001340882,
  "best_validation_loss": 18.213885160592888
}