{
  "best_epoch": 38,
  "peak_worker_0_memory_MB": 0,
  "peak_gpu_0_memory_MB": 3106.154296875,
  "training_duration": "2:44:06.008479",
  "training_start_epoch": 0,
  "training_epochs": 38,
  "epoch": 38,
  "training_accuracy": 0.9938513218184765,
  "training_accuracy3": 0.9953541137701907,
  "training_precision-overall": 0.9653805158814751,
  "training_recall-overall": 0.9635729179965105,
  "training_f1-measure-overall": 0.964475870000376,
  "training_loss": 4.9025611482056854,
  "training_worker_0_memory_MB": 0.0,
  "training_gpu_0_memory_MB": 3106.154296875,
  "validation_accuracy": 0.987773061796659,
  "validation_accuracy3": 0.9895837389509754,
  "validation_precision-overall": 0.9362523066599564,
  "validation_recall-overall": 0.9392460451026591,
  "validation_f1-measure-overall": 0.9377467865243557,
  "validation_loss": 10.143821556384747,
  "best_validation_accuracy": 0.987773061796659,
  "best_validation_accuracy3": 0.9895837389509754,
  "best_validation_precision-overall": 0.9362523066599564,
  "best_validation_recall-overall": 0.9392460451026591,
  "best_validation_f1-measure-overall": 0.9377467865243557,
  "best_validation_loss": 10.143821556384747
}