{
  "best_epoch": 46,
  "peak_worker_0_memory_MB": 0,
  "peak_gpu_0_memory_MB": 3106.154296875,
  "training_duration": "3:21:41.162275",
  "training_start_epoch": 0,
  "training_epochs": 47,
  "epoch": 47,
  "training_accuracy": 0.9959237996080954,
  "training_accuracy3": 0.9967292175168573,
  "training_precision-overall": 0.9769840593299804,
  "training_recall-overall": 0.975445763649517,
  "training_f1-measure-overall": 0.9762143054874822,
  "training_loss": 3.114187418608479,
  "training_worker_0_memory_MB": 0.0,
  "training_gpu_0_memory_MB": 3106.154296875,
  "validation_accuracy": 0.9879872279116857,
  "validation_accuracy3": 0.9895837389509754,
  "validation_precision-overall": 0.9364016736401674,
  "validation_recall-overall": 0.9416021541568496,
  "validation_f1-measure-overall": 0.9389947134345393,
  "validation_loss": 9.422664287273701,
  "best_validation_accuracy": 0.988220863673533,
  "best_validation_accuracy3": 0.9899341925937464,
  "best_validation_precision-overall": 0.9379922909334674,
  "best_validation_recall-overall": 0.9419387411645911,
  "best_validation_f1-measure-overall": 0.9399613737508947,
  "best_validation_loss": 9.474615045694204
}