{
  "best_epoch": 55,
  "peak_worker_0_memory_MB": 0,
  "peak_gpu_0_memory_MB": 3106.154296875,
  "training_duration": "3:59:24.548546",
  "training_start_epoch": 0,
  "training_epochs": 56,
  "epoch": 56,
  "training_accuracy": 0.997598479528143,
  "training_accuracy3": 0.9981190545179525,
  "training_precision-overall": 0.985941893158388,
  "training_recall-overall": 0.9848929741691136,
  "training_f1-measure-overall": 0.9854171545355344,
  "training_loss": 2.0414705200127434,
  "training_worker_0_memory_MB": 0.0,
  "training_gpu_0_memory_MB": 3106.154296875,
  "validation_accuracy": 0.9883766208480979,
  "validation_accuracy3": 0.9899926015342082,
  "validation_precision-overall": 0.9393228293664097,
  "validation_recall-overall": 0.9431167956916863,
  "validation_f1-measure-overall": 0.9412159892508738,
  "validation_loss": 9.368632529332087,
  "best_validation_accuracy": 0.9886491959035864,
  "best_validation_accuracy3": 0.9903235855301585,
  "best_validation_precision-overall": 0.9425113464447806,
  "best_validation_recall-overall": 0.9436216762032985,
  "best_validation_f1-measure-overall": 0.9430661845092428,
  "best_validation_loss": 9.518603704892673
}