{
  "best_epoch": 0,
  "peak_worker_0_memory_MB": 0,
  "peak_gpu_0_memory_MB": 3098.63916015625,
  "training_duration": "0:09:49.723912",
  "training_start_epoch": 0,
  "training_epochs": 1,
  "epoch": 1,
  "training_accuracy": 0.8169638691490564,
  "training_accuracy3": 0.8316332794751032,
  "training_precision-overall": 0.1322202166064982,
  "training_recall-overall": 0.04987446274309545,
  "training_f1-measure-overall": 0.07242839044583978,
  "training_loss": 133.83961774547754,
  "training_worker_0_memory_MB": 0.0,
  "training_gpu_0_memory_MB": 3098.63916015625,
  "validation_accuracy": 0.8228067442856587,
  "validation_accuracy3": 0.8389470814999416,
  "validation_precision-overall": 0.0959409594095941,
  "validation_recall-overall": 0.021878155503197577,
  "validation_f1-measure-overall": 0.03563108126624357,
  "validation_loss": 134.84230508070726,
  "best_validation_accuracy": 0.822689926404735,
  "best_validation_accuracy3": 0.83536466648495,
  "best_validation_precision-overall": 0.18209687308399755,
  "best_validation_recall-overall": 0.049983170649612926,
  "best_validation_f1-measure-overall": 0.07843655090449546,
  "best_validation_loss": 152.94954743605393
}