{
  "best_epoch": 4,
  "peak_worker_0_memory_MB": 5898.87109375,
  "peak_gpu_0_memory_MB": 7448.09716796875,
  "training_duration": "0:43:50.510801",
  "training_start_epoch": 0,
  "training_epochs": 4,
  "epoch": 4,
  "training_accuracy": 0.990217119059429,
  "training_accuracy3": 0.9918132216225242,
  "training_precision-overall": 0.9457678661936137,
  "training_recall-overall": 0.9528916124090386,
  "training_f1-measure-overall": 0.9493163751986782,
  "training_loss": 6.551674831429484,
  "training_worker_0_memory_MB": 5898.87109375,
  "training_gpu_0_memory_MB": 7448.09716796875,
  "validation_accuracy": 0.9898563140064639,
  "validation_accuracy3": 0.9907908570538531,
  "validation_precision-overall": 0.9444444444444444,
  "validation_recall-overall": 0.9527095254123191,
  "validation_f1-measure-overall": 0.9485589812331939,
  "validation_loss": 7.708808758334973,
  "best_validation_accuracy": 0.9898563140064639,
  "best_validation_accuracy3": 0.9907908570538531,
  "best_validation_precision-overall": 0.9444444444444444,
  "best_validation_recall-overall": 0.9527095254123191,
  "best_validation_f1-measure-overall": 0.9485589812331939,
  "best_validation_loss": 7.708808758334973
}