{
  "best_epoch": 2,
  "peak_worker_0_memory_MB": 5898.87109375,
  "peak_gpu_0_memory_MB": 7448.09716796875,
  "training_duration": "0:26:22.047558",
  "training_start_epoch": 0,
  "training_epochs": 2,
  "epoch": 2,
  "training_accuracy": 0.9751597330334297,
  "training_accuracy3": 0.9782046056153344,
  "training_precision-overall": 0.8728138564625564,
  "training_recall-overall": 0.8813566534746159,
  "training_f1-measure-overall": 0.877064453290371,
  "training_loss": 13.425779592746483,
  "training_worker_0_memory_MB": 5898.87109375,
  "training_gpu_0_memory_MB": 7448.09716796875,
  "validation_accuracy": 0.9809002764689848,
  "validation_accuracy3": 0.9832561037342783,
  "validation_precision-overall": 0.9015578389128273,
  "validation_recall-overall": 0.9155166610568832,
  "validation_f1-measure-overall": 0.9084836339344858,
  "validation_loss": 10.43754299999162,
  "best_validation_accuracy": 0.9809002764689848,
  "best_validation_accuracy3": 0.9832561037342783,
  "best_validation_precision-overall": 0.9015578389128273,
  "best_validation_recall-overall": 0.9155166610568832,
  "best_validation_f1-measure-overall": 0.9084836339344858,
  "best_validation_loss": 10.43754299999162
}