{
  "best_epoch": 0,
  "peak_worker_0_memory_MB": 5898.87109375,
  "peak_gpu_0_memory_MB": 1403.65673828125,
  "training_duration": "0:08:40.535028",
  "training_start_epoch": 0,
  "training_epochs": 0,
  "epoch": 0,
  "training_accuracy": 0.8429238634521979,
  "training_accuracy3": 0.8595233301083877,
  "training_precision-overall": 0.18216000724834647,
  "training_recall-overall": 0.17111366441125153,
  "training_f1-measure-overall": 0.17646413446553275,
  "training_loss": 69.40870103423308,
  "training_worker_0_memory_MB": 5898.87109375,
  "training_gpu_0_memory_MB": 1403.65673828125,
  "validation_accuracy": 0.9123476500136287,
  "validation_accuracy3": 0.926093220668977,
  "validation_precision-overall": 0.4733831241061497,
  "validation_recall-overall": 0.501346348030966,
  "validation_f1-measure-overall": 0.48696362893333783,
  "validation_loss": 39.89593791258716,
  "best_validation_accuracy": 0.9123476500136287,
  "best_validation_accuracy3": 0.926093220668977,
  "best_validation_precision-overall": 0.4733831241061497,
  "best_validation_recall-overall": 0.501346348030966,
  "best_validation_f1-measure-overall": 0.48696362893333783,
  "best_validation_loss": 39.89593791258716
}