{
  "best_epoch": 6,
  "peak_worker_0_memory_MB": 5898.87109375,
  "peak_gpu_0_memory_MB": 7448.09716796875,
  "training_duration": "1:19:02.846347",
  "training_start_epoch": 0,
  "training_epochs": 8,
  "epoch": 8,
  "training_accuracy": 0.9960220213042859,
  "training_accuracy3": 0.9966850177535715,
  "training_precision-overall": 0.9789016972223403,
  "training_recall-overall": 0.9793182688625048,
  "training_f1-measure-overall": 0.9791099387337826,
  "training_loss": 2.8313192043597715,
  "training_worker_0_memory_MB": 5898.87109375,
  "training_gpu_0_memory_MB": 7448.09716796875,
  "validation_accuracy": 0.9912775982243682,
  "validation_accuracy3": 0.9921537323312956,
  "validation_precision-overall": 0.9541422594142259,
  "validation_recall-overall": 0.9594412655671491,
  "validation_f1-measure-overall": 0.9567844256104225,
  "validation_loss": 6.944354070199503,
  "best_validation_accuracy": 0.9905572212920057,
  "best_validation_accuracy3": 0.9912970678711888,
  "best_validation_precision-overall": 0.9532866199532867,
  "best_validation_recall-overall": 0.9616290811174689,
  "best_validation_f1-measure-overall": 0.9574396782841325,
  "best_validation_loss": 6.943898408360212
}