{
  "best_epoch": 5,
  "peak_worker_0_memory_MB": 5898.87109375,
  "peak_gpu_0_memory_MB": 7448.09716796875,
  "training_duration": "0:52:35.042222",
  "training_start_epoch": 0,
  "training_epochs": 5,
  "epoch": 5,
  "training_accuracy": 0.9930557260793337,
  "training_accuracy3": 0.9942049199247622,
  "training_precision-overall": 0.9617637073501952,
  "training_recall-overall": 0.964424018043321,
  "training_f1-measure-overall": 0.9630920255826796,
  "training_loss": 4.875684555136261,
  "training_worker_0_memory_MB": 5898.87109375,
  "training_gpu_0_memory_MB": 7448.09716796875,
  "validation_accuracy": 0.9900899497683112,
  "validation_accuracy3": 0.9911413106966239,
  "validation_precision-overall": 0.9472718171199733,
  "validation_recall-overall": 0.9554022214742511,
  "validation_f1-measure-overall": 0.9513196480937918,
  "validation_loss": 7.232699411799925,
  "best_validation_accuracy": 0.9900899497683112,
  "best_validation_accuracy3": 0.9911413106966239,
  "best_validation_precision-overall": 0.9472718171199733,
  "best_validation_recall-overall": 0.9554022214742511,
  "best_validation_f1-measure-overall": 0.9513196480937918,
  "best_validation_loss": 7.232699411799925
}