{
  "best_epoch": 6,
  "peak_worker_0_memory_MB": 5898.87109375,
  "peak_gpu_0_memory_MB": 7448.09716796875,
  "training_duration": "1:10:16.647999",
  "training_start_epoch": 0,
  "training_epochs": 7,
  "epoch": 7,
  "training_accuracy": 0.9959532661169526,
  "training_accuracy3": 0.9966751955839526,
  "training_precision-overall": 0.978814821117114,
  "training_recall-overall": 0.9791480488531427,
  "training_f1-measure-overall": 0.978981406628891,
  "training_loss": 3.116494191534698,
  "training_worker_0_memory_MB": 5898.87109375,
  "training_gpu_0_memory_MB": 7448.09716796875,
  "validation_accuracy": 0.9902457069428761,
  "validation_accuracy3": 0.9910244928157004,
  "validation_precision-overall": 0.94712337878284,
  "validation_recall-overall": 0.9585997980477954,
  "validation_f1-measure-overall": 0.9528270324522752,
  "validation_loss": 7.741297651567389,
  "best_validation_accuracy": 0.9905572212920057,
  "best_validation_accuracy3": 0.9912970678711888,
  "best_validation_precision-overall": 0.9532866199532867,
  "best_validation_recall-overall": 0.9616290811174689,
  "best_validation_f1-measure-overall": 0.9574396782841325,
  "best_validation_loss": 6.943898408360212
}