{
  "best_epoch": 6,
  "peak_worker_0_memory_MB": 5898.87109375,
  "peak_gpu_0_memory_MB": 7448.09716796875,
  "training_duration": "1:27:42.958544",
  "training_start_epoch": 0,
  "training_epochs": 9,
  "epoch": 9,
  "training_accuracy": 0.9966850177535715,
  "training_accuracy3": 0.9972448814218573,
  "training_precision-overall": 0.9815893532888303,
  "training_recall-overall": 0.9824247840333631,
  "training_f1-measure-overall": 0.9820068909778735,
  "training_loss": 2.292857167389507,
  "training_worker_0_memory_MB": 5898.87109375,
  "training_gpu_0_memory_MB": 7448.09716796875,
  "validation_accuracy": 0.9908103267006737,
  "validation_accuracy3": 0.9915891125734979,
  "validation_precision-overall": 0.9492343541944075,
  "validation_recall-overall": 0.9597778525748906,
  "validation_f1-measure-overall": 0.9544769874476488,
  "validation_loss": 7.29113980124565,
  "best_validation_accuracy": 0.9905572212920057,
  "best_validation_accuracy3": 0.9912970678711888,
  "best_validation_precision-overall": 0.9532866199532867,
  "best_validation_recall-overall": 0.9616290811174689,
  "best_validation_f1-measure-overall": 0.9574396782841325,
  "best_validation_loss": 6.943898408360212
}