{
  "best_epoch": 1,
  "peak_worker_0_memory_MB": 5898.87109375,
  "peak_gpu_0_memory_MB": 7448.09716796875,
  "training_duration": "0:17:27.075271",
  "training_start_epoch": 0,
  "training_epochs": 1,
  "epoch": 1,
  "training_accuracy": 0.9371086479292411,
  "training_accuracy3": 0.9464151536432883,
  "training_precision-overall": 0.637985822537277,
  "training_recall-overall": 0.6664113366526235,
  "training_f1-measure-overall": 0.6518888541991382,
  "training_loss": 26.94244792493981,
  "training_worker_0_memory_MB": 5898.87109375,
  "training_gpu_0_memory_MB": 7448.09716796875,
  "validation_accuracy": 0.9692963669639033,
  "validation_accuracy3": 0.971340679880067,
  "validation_precision-overall": 0.8586448598130841,
  "validation_recall-overall": 0.8658700774150118,
  "validation_f1-measure-overall": 0.8622423328305182,
  "validation_loss": 15.213509925167449,
  "best_validation_accuracy": 0.9692963669639033,
  "best_validation_accuracy3": 0.971340679880067,
  "best_validation_precision-overall": 0.8586448598130841,
  "best_validation_recall-overall": 0.8658700774150118,
  "best_validation_f1-measure-overall": 0.8622423328305182,
  "best_validation_loss": 15.213509925167449
}