{
  "best_epoch": 6,
  "peak_worker_0_memory_MB": 5898.87109375,
  "peak_gpu_0_memory_MB": 7448.09716796875,
  "training_duration": "1:01:27.849263",
  "training_start_epoch": 0,
  "training_epochs": 6,
  "epoch": 6,
  "training_accuracy": 0.9948924717980955,
  "training_accuracy3": 0.9958206668270955,
  "training_precision-overall": 0.9716628430622822,
  "training_recall-overall": 0.9732754585301502,
  "training_f1-measure-overall": 0.9724684822585975,
  "training_loss": 3.7649177771765987,
  "training_worker_0_memory_MB": 5898.87109375,
  "training_gpu_0_memory_MB": 7448.09716796875,
  "validation_accuracy": 0.9905572212920057,
  "validation_accuracy3": 0.9912970678711888,
  "validation_precision-overall": 0.9532866199532867,
  "validation_recall-overall": 0.9616290811174689,
  "validation_f1-measure-overall": 0.9574396782841325,
  "validation_loss": 6.943898408360212,
  "best_validation_accuracy": 0.9905572212920057,
  "best_validation_accuracy3": 0.9912970678711888,
  "best_validation_precision-overall": 0.9532866199532867,
  "best_validation_recall-overall": 0.9616290811174689,
  "best_validation_f1-measure-overall": 0.9574396782841325,
  "best_validation_loss": 6.943898408360212
}