{
  "best_epoch": 3,
  "peak_worker_0_memory_MB": 5898.87109375,
  "peak_gpu_0_memory_MB": 7448.09716796875,
  "training_duration": "0:35:08.397722",
  "training_start_epoch": 0,
  "training_epochs": 3,
  "epoch": 3,
  "training_accuracy": 0.9852421901473817,
  "training_accuracy3": 0.9874472672268577,
  "training_precision-overall": 0.9216265238115324,
  "training_recall-overall": 0.9297842461381335,
  "training_f1-measure-overall": 0.9256874126169903,
  "training_loss": 8.774553625214343,
  "training_worker_0_memory_MB": 5898.87109375,
  "training_gpu_0_memory_MB": 7448.09716796875,
  "validation_accuracy": 0.9872668509793232,
  "validation_accuracy3": 0.9884934387290214,
  "validation_precision-overall": 0.9330675967447268,
  "validation_recall-overall": 0.9454729047458769,
  "validation_f1-measure-overall": 0.9392292903117447,
  "validation_loss": 9.060084902390802,
  "best_validation_accuracy": 0.9872668509793232,
  "best_validation_accuracy3": 0.9884934387290214,
  "best_validation_precision-overall": 0.9330675967447268,
  "best_validation_recall-overall": 0.9454729047458769,
  "best_validation_f1-measure-overall": 0.9392292903117447,
  "best_validation_loss": 9.060084902390802
}