{
  "best_epoch": 3,
  "peak_worker_0_memory_MB": 5898.9296875,
  "peak_gpu_0_memory_MB": 9128.03857421875,
  "training_duration": "1:14:27.997887",
  "training_start_epoch": 0,
  "training_epochs": 6,
  "epoch": 6,
  "training_accuracy": 0.994578162370286,
  "training_accuracy3": 0.9954621576360002,
  "training_precision-overall": 0.9699158664060509,
  "training_recall-overall": 0.9713604834248266,
  "training_f1-measure-overall": 0.9706376374034753,
  "training_loss": 5247.058913524167,
  "training_reg_loss": 5244.09994972594,
  "training_worker_0_memory_MB": 5898.9296875,
  "training_gpu_0_memory_MB": 9128.03857421875,
  "validation_accuracy": 0.9847357968926443,
  "validation_accuracy3": 0.9855145827654687,
  "validation_precision-overall": 0.9202535869202536,
  "validation_recall-overall": 0.9283069673510602,
  "validation_f1-measure-overall": 0.9242627345844004,
  "validation_loss": 8.660935028154396,
  "validation_reg_loss": 0.0,
  "best_validation_accuracy": 0.9893695728359487,
  "best_validation_accuracy3": 0.9904014641174409,
  "best_validation_precision-overall": 0.9431232329951771,
  "best_validation_recall-overall": 0.9543924604510265,
  "best_validation_f1-measure-overall": 0.948724383103254,
  "best_validation_loss": 6.577741679104579,
  "best_validation_reg_loss": 0.0
}