{
  "best_epoch": 3,
  "peak_worker_0_memory_MB": 5898.9296875,
  "peak_gpu_0_memory_MB": 9128.03857421875,
  "training_duration": "1:35:41.163587",
  "training_start_epoch": 0,
  "training_epochs": 8,
  "epoch": 8,
  "training_accuracy": 0.9954523354663811,
  "training_accuracy3": 0.996164442763762,
  "training_precision-overall": 0.9749478967291906,
  "training_recall-overall": 0.975445763649517,
  "training_f1-measure-overall": 0.9751967666453446,
  "training_loss": 3843.1558707200315,
  "training_reg_loss": 3840.7773401351615,
  "training_worker_0_memory_MB": 5898.9296875,
  "training_gpu_0_memory_MB": 9128.03857421875,
  "validation_accuracy": 0.9882598029671742,
  "validation_accuracy3": 0.9894474514232312,
  "validation_precision-overall": 0.9365026595744681,
  "validation_recall-overall": 0.9481656008078089,
  "validation_f1-measure-overall": 0.9422980431509786,
  "validation_loss": 6.613865957113389,
  "validation_reg_loss": 0.0,
  "best_validation_accuracy": 0.9893695728359487,
  "best_validation_accuracy3": 0.9904014641174409,
  "best_validation_precision-overall": 0.9431232329951771,
  "best_validation_recall-overall": 0.9543924604510265,
  "best_validation_f1-measure-overall": 0.948724383103254,
  "best_validation_loss": 6.577741679104579,
  "best_validation_reg_loss": 0.0
}