{
  "best_epoch": 3,
  "peak_worker_0_memory_MB": 5898.9296875,
  "peak_gpu_0_memory_MB": 9128.03857421875,
  "training_duration": "1:25:04.412750",
  "training_start_epoch": 0,
  "training_epochs": 7,
  "epoch": 7,
  "training_accuracy": 0.9953737581094287,
  "training_accuracy3": 0.9961546205941431,
  "training_precision-overall": 0.9748202968823104,
  "training_recall-overall": 0.9753180986424954,
  "training_f1-measure-overall": 0.9750691342267103,
  "training_loss": 4476.7295864513635,
  "training_reg_loss": 4474.175943639664,
  "training_worker_0_memory_MB": 5898.9296875,
  "training_gpu_0_memory_MB": 9128.03857421875,
  "validation_accuracy": 0.9819905766909388,
  "validation_accuracy3": 0.9832366340874577,
  "validation_precision-overall": 0.9106276150627615,
  "validation_recall-overall": 0.9156849545607539,
  "validation_f1-measure-overall": 0.9131492825375014,
  "validation_loss": 10.32229485520091,
  "validation_reg_loss": 0.0,
  "best_validation_accuracy": 0.9893695728359487,
  "best_validation_accuracy3": 0.9904014641174409,
  "best_validation_precision-overall": 0.9431232329951771,
  "best_validation_recall-overall": 0.9543924604510265,
  "best_validation_f1-measure-overall": 0.948724383103254,
  "best_validation_loss": 6.577741679104579,
  "best_validation_reg_loss": 0.0
}