{
  "best_epoch": 3,
  "peak_worker_0_memory_MB": 5898.9296875,
  "peak_gpu_0_memory_MB": 9127.97607421875,
  "training_duration": "0:42:31.018294",
  "training_start_epoch": 0,
  "training_epochs": 3,
  "epoch": 3,
  "training_accuracy": 0.9878745316052863,
  "training_accuracy3": 0.9898389655290957,
  "training_precision-overall": 0.9339355819156571,
  "training_recall-overall": 0.9414868717817779,
  "training_f1-measure-overall": 0.9376960244129363,
  "training_loss": 8486.701875378169,
  "training_reg_loss": 8480.175685595814,
  "training_worker_0_memory_MB": 5898.9296875,
  "training_gpu_0_memory_MB": 9127.97607421875,
  "validation_accuracy": 0.9893695728359487,
  "validation_accuracy3": 0.9904014641174409,
  "validation_precision-overall": 0.9431232329951771,
  "validation_recall-overall": 0.9543924604510265,
  "validation_f1-measure-overall": 0.948724383103254,
  "validation_loss": 6.577741679104579,
  "validation_reg_loss": 0.0,
  "best_validation_accuracy": 0.9893695728359487,
  "best_validation_accuracy3": 0.9904014641174409,
  "best_validation_precision-overall": 0.9431232329951771,
  "best_validation_recall-overall": 0.9543924604510265,
  "best_validation_f1-measure-overall": 0.948724383103254,
  "best_validation_loss": 6.577741679104579,
  "best_validation_reg_loss": 0.0
}