{
  "best_epoch": 3,
  "peak_worker_0_memory_MB": 5898.9296875,
  "peak_gpu_0_memory_MB": 9128.03857421875,
  "training_duration": "1:03:42.949121",
  "training_start_epoch": 0,
  "training_epochs": 5,
  "epoch": 5,
  "training_accuracy": 0.9935517456450955,
  "training_accuracy3": 0.9947156727449527,
  "training_precision-overall": 0.9640599142869266,
  "training_recall-overall": 0.9668496531767309,
  "training_f1-measure-overall": 0.9654527684527608,
  "training_loss": 6166.076269197572,
  "training_reg_loss": 6162.474285985994,
  "training_worker_0_memory_MB": 5898.9296875,
  "training_gpu_0_memory_MB": 9128.03857421875,
  "validation_accuracy": 0.9890775281336397,
  "validation_accuracy3": 0.9899926015342082,
  "validation_precision-overall": 0.9427519250083696,
  "validation_recall-overall": 0.9478290138000673,
  "validation_f1-measure-overall": 0.9452836522322428,
  "validation_loss": 6.737221636651914,
  "validation_reg_loss": 0.0,
  "best_validation_accuracy": 0.9893695728359487,
  "best_validation_accuracy3": 0.9904014641174409,
  "best_validation_precision-overall": 0.9431232329951771,
  "best_validation_recall-overall": 0.9543924604510265,
  "best_validation_f1-measure-overall": 0.948724383103254,
  "best_validation_loss": 6.577741679104579,
  "best_validation_reg_loss": 0.0
}