{
  "best_epoch": 0,
  "peak_worker_0_memory_MB": 5898.9296875,
  "peak_gpu_0_memory_MB": 1403.65673828125,
  "training_duration": "0:10:30.535070",
  "training_start_epoch": 0,
  "training_epochs": 0,
  "epoch": 0,
  "training_accuracy": 0.8420742457801503,
  "training_accuracy3": 0.8587915784717687,
  "training_precision-overall": 0.1810120217580107,
  "training_recall-overall": 0.1685178092684795,
  "training_f1-measure-overall": 0.1745416078983986,
  "training_loss": 13963.935861087877,
  "training_reg_loss": 13895.457891581542,
  "training_worker_0_memory_MB": 5898.9296875,
  "training_gpu_0_memory_MB": 1403.65673828125,
  "validation_accuracy": 0.9117051516685487,
  "validation_accuracy3": 0.9272224601845722,
  "validation_precision-overall": 0.4644904458598726,
  "validation_recall-overall": 0.4909121507909795,
  "validation_f1-measure-overall": 0.47733595156270564,
  "validation_loss": 37.202726726157074,
  "validation_reg_loss": 0.0,
  "best_validation_accuracy": 0.9117051516685487,
  "best_validation_accuracy3": 0.9272224601845722,
  "best_validation_precision-overall": 0.4644904458598726,
  "best_validation_recall-overall": 0.4909121507909795,
  "best_validation_f1-measure-overall": 0.47733595156270564,
  "best_validation_loss": 37.202726726157074,
  "best_validation_reg_loss": 0.0
}