{
  "best_epoch": 1,
  "peak_worker_0_memory_MB": 5898.9296875,
  "peak_gpu_0_memory_MB": 9116.13671875,
  "training_duration": "0:21:06.148765",
  "training_start_epoch": 0,
  "training_epochs": 1,
  "epoch": 1,
  "training_accuracy": 0.9400700320693838,
  "training_accuracy3": 0.9492488495783834,
  "training_precision-overall": 0.6617938553022795,
  "training_recall-overall": 0.6819864675092557,
  "training_f1-measure-overall": 0.6717384470291862,
  "training_loss": 11713.660424304171,
  "training_reg_loss": 11689.221254804954,
  "training_worker_0_memory_MB": 5898.9296875,
  "training_gpu_0_memory_MB": 9116.13671875,
  "validation_accuracy": 0.9693158366107238,
  "validation_accuracy3": 0.9712822709396052,
  "validation_precision-overall": 0.8511059755694949,
  "validation_recall-overall": 0.86772130595759,
  "validation_f1-measure-overall": 0.8593333333332833,
  "validation_loss": 13.599853035453844,
  "validation_reg_loss": 0.0,
  "best_validation_accuracy": 0.9693158366107238,
  "best_validation_accuracy3": 0.9712822709396052,
  "best_validation_precision-overall": 0.8511059755694949,
  "best_validation_recall-overall": 0.86772130595759,
  "best_validation_f1-measure-overall": 0.8593333333332833,
  "best_validation_loss": 13.599853035453844,
  "best_validation_reg_loss": 0.0
}