{
  "best_epoch": 3,
  "peak_worker_0_memory_MB": 5898.9296875,
  "peak_gpu_0_memory_MB": 9128.03857421875,
  "training_duration": "1:46:24.692347",
  "training_start_epoch": 0,
  "training_epochs": 9,
  "epoch": 9,
  "training_accuracy": 0.9957077118764764,
  "training_accuracy3": 0.9964689300219526,
  "training_precision-overall": 0.9752125850340136,
  "training_recall-overall": 0.9760840886846249,
  "training_f1-measure-overall": 0.975648142240321,
  "training_loss": 3327.119859421715,
  "training_reg_loss": 3324.9930314257367,
  "training_worker_0_memory_MB": 5898.9296875,
  "training_gpu_0_memory_MB": 9128.03857421875,
  "validation_accuracy": 0.9876951832093765,
  "validation_accuracy3": 0.9892722246018457,
  "validation_precision-overall": 0.9349634065202928,
  "validation_recall-overall": 0.9459777852574891,
  "validation_f1-measure-overall": 0.9404383469967712,
  "validation_loss": 8.208374728581738,
  "validation_reg_loss": 0.0,
  "best_validation_accuracy": 0.9893695728359487,
  "best_validation_accuracy3": 0.9904014641174409,
  "best_validation_precision-overall": 0.9431232329951771,
  "best_validation_recall-overall": 0.9543924604510265,
  "best_validation_f1-measure-overall": 0.948724383103254,
  "best_validation_loss": 6.577741679104579,
  "best_validation_reg_loss": 0.0
}