{
  "best_epoch": 2,
  "peak_worker_0_memory_MB": 5898.9296875,
  "peak_gpu_0_memory_MB": 9127.97607421875,
  "training_duration": "0:31:44.345433",
  "training_start_epoch": 0,
  "training_epochs": 2,
  "epoch": 2,
  "training_accuracy": 0.9776840306255249,
  "training_accuracy3": 0.9805226376454295,
  "training_precision-overall": 0.8851209031931924,
  "training_recall-overall": 0.8941231541767735,
  "training_f1-measure-overall": 0.8895992548213824,
  "training_loss": 9956.550044935222,
  "training_reg_loss": 9945.553747642012,
  "training_worker_0_memory_MB": 5898.9296875,
  "training_gpu_0_memory_MB": 9127.97607421875,
  "validation_accuracy": 0.9852809470036213,
  "validation_accuracy3": 0.986877458042911,
  "validation_precision-overall": 0.9238604107530473,
  "validation_recall-overall": 0.931167956916863,
  "validation_f1-measure-overall": 0.9274997904617722,
  "validation_loss": 8.996281899137504,
  "validation_reg_loss": 0.0,
  "best_validation_accuracy": 0.9852809470036213,
  "best_validation_accuracy3": 0.986877458042911,
  "best_validation_precision-overall": 0.9238604107530473,
  "best_validation_recall-overall": 0.931167956916863,
  "best_validation_f1-measure-overall": 0.9274997904617722,
  "best_validation_loss": 8.996281899137504,
  "best_validation_reg_loss": 0.0
}