{
  "best_epoch": 3,
  "peak_worker_0_memory_MB": 5898.9296875,
  "peak_gpu_0_memory_MB": 9127.97607421875,
  "training_duration": "0:53:05.525554",
  "training_start_epoch": 0,
  "training_epochs": 4,
  "epoch": 4,
  "training_accuracy": 0.991464534601048,
  "training_accuracy3": 0.9930508149945242,
  "training_precision-overall": 0.9516149515302883,
  "training_recall-overall": 0.9566364526150049,
  "training_f1-measure-overall": 0.9541190951147583,
  "training_loss": 7234.643617252011,
  "training_reg_loss": 7229.905933840671,
  "training_worker_0_memory_MB": 5898.9296875,
  "training_gpu_0_memory_MB": 9127.97607421875,
  "validation_accuracy": 0.9893890424827694,
  "validation_accuracy3": 0.9906156302324676,
  "validation_precision-overall": 0.9424388620861753,
  "validation_recall-overall": 0.9533826994278021,
  "validation_f1-measure-overall": 0.9478791935078561,
  "validation_loss": 6.672051471377265,
  "validation_reg_loss": 0.0,
  "best_validation_accuracy": 0.9893695728359487,
  "best_validation_accuracy3": 0.9904014641174409,
  "best_validation_precision-overall": 0.9431232329951771,
  "best_validation_recall-overall": 0.9543924604510265,
  "best_validation_f1-measure-overall": 0.948724383103254,
  "best_validation_loss": 6.577741679104579,
  "best_validation_reg_loss": 0.0
}