{
  "best_epoch": 15,
  "peak_worker_0_memory_MB": 0,
  "peak_gpu_0_memory_MB": 44.44921875,
  "training_duration": "0:22:44.085684",
  "training_start_epoch": 0,
  "training_epochs": 23,
  "epoch": 23,
  "training_accuracy": 0.987186979731953,
  "training_accuracy3": 0.9890679252140006,
  "training_precision-overall": 0.9419205948972178,
  "training_recall-overall": 0.9379122515851739,
  "training_f1-measure-overall": 0.9399121497717953,
  "training_loss": 11.944128737091203,
  "training_worker_0_memory_MB": 0.0,
  "training_gpu_0_memory_MB": 44.44921875,
  "validation_accuracy": 0.9804330049452903,
  "validation_accuracy3": 0.9833145126747401,
  "validation_precision-overall": 0.8943850267379679,
  "validation_recall-overall": 0.9007068327162572,
  "validation_f1-measure-overall": 0.8975347979204599,
  "validation_loss": 29.602820022433413,
  "best_validation_accuracy": 0.9798878548343133,
  "best_validation_accuracy3": 0.9828083018574043,
  "best_validation_precision-overall": 0.8920863309352518,
  "best_validation_recall-overall": 0.8973409626388421,
  "best_validation_f1-measure-overall": 0.8947059317056302,
  "best_validation_loss": 26.585130046395694
}