{
  "best_epoch": 15,
  "peak_worker_0_memory_MB": 0,
  "peak_gpu_0_memory_MB": 44.57275390625,
  "training_duration": "0:53:00.099462",
  "training_start_epoch": 0,
  "training_epochs": 55,
  "epoch": 55,
  "training_accuracy": 0.9942540307728575,
  "training_accuracy3": 0.9949268493917621,
  "training_precision-overall": 0.973480003410932,
  "training_recall-overall": 0.9716158134388697,
  "training_f1-measure-overall": 0.9725470151001565,
  "training_loss": 5.191044641790194,
  "training_worker_0_memory_MB": 0.0,
  "training_gpu_0_memory_MB": 44.57275390625,
  "validation_accuracy": 0.9818737588100152,
  "validation_accuracy3": 0.9844437521903353,
  "validation_precision-overall": 0.8990336554481839,
  "validation_recall-overall": 0.9081117468865701,
  "validation_f1-measure-overall": 0.9035498995310952,
  "validation_loss": 35.018133902082255,
  "best_validation_accuracy": 0.9798878548343133,
  "best_validation_accuracy3": 0.9828083018574043,
  "best_validation_precision-overall": 0.8920863309352518,
  "best_validation_recall-overall": 0.8973409626388421,
  "best_validation_f1-measure-overall": 0.8947059317056302,
  "best_validation_loss": 26.585130046395694
}