{
  "best_epoch": 15,
  "peak_worker_0_memory_MB": 0,
  "peak_gpu_0_memory_MB": 44.57275390625,
  "training_duration": "0:36:54.427459",
  "training_start_epoch": 0,
  "training_epochs": 38,
  "epoch": 38,
  "training_accuracy": 0.9909341374416195,
  "training_accuracy3": 0.9920685980326194,
  "training_precision-overall": 0.9602151455647571,
  "training_recall-overall": 0.9572322226477722,
  "training_f1-measure-overall": 0.9587213638784795,
  "training_loss": 7.798290134290899,
  "training_worker_0_memory_MB": 0.0,
  "training_gpu_0_memory_MB": 44.57275390625,
  "validation_accuracy": 0.9812701997585764,
  "validation_accuracy3": 0.9841711771348468,
  "validation_precision-overall": 0.8953779409310862,
  "validation_recall-overall": 0.9030629417704477,
  "validation_f1-measure-overall": 0.8992040217846169,
  "validation_loss": 32.2737715104047,
  "best_validation_accuracy": 0.9798878548343133,
  "best_validation_accuracy3": 0.9828083018574043,
  "best_validation_precision-overall": 0.8920863309352518,
  "best_validation_recall-overall": 0.8973409626388421,
  "best_validation_f1-measure-overall": 0.8947059317056302,
  "best_validation_loss": 26.585130046395694
}