{
  "best_epoch": 15,
  "peak_worker_0_memory_MB": 0,
  "peak_gpu_0_memory_MB": 46.54345703125,
  "training_duration": "1:16:42.501214",
  "training_start_epoch": 0,
  "training_epochs": 80,
  "epoch": 80,
  "training_accuracy": 0.9956242234347145,
  "training_accuracy3": 0.9961497095093336,
  "training_precision-overall": 0.9798892202812101,
  "training_recall-overall": 0.9786799438273969,
  "training_f1-measure-overall": 0.97928420873337,
  "training_loss": 3.706348364879982,
  "training_worker_0_memory_MB": 0.0,
  "training_gpu_0_memory_MB": 46.54345703125,
  "validation_accuracy": 0.9814064872863206,
  "validation_accuracy3": 0.9842685253689498,
  "validation_precision-overall": 0.8938640132669984,
  "validation_recall-overall": 0.9071019858633457,
  "validation_f1-measure-overall": 0.9004343468091717,
  "validation_loss": 41.56548977833168,
  "best_validation_accuracy": 0.9798878548343133,
  "best_validation_accuracy3": 0.9828083018574043,
  "best_validation_precision-overall": 0.8920863309352518,
  "best_validation_recall-overall": 0.8973409626388421,
  "best_validation_f1-measure-overall": 0.8947059317056302,
  "best_validation_loss": 26.585130046395694
}