{
  "best_epoch": 15,
  "peak_worker_0_memory_MB": 0,
  "peak_gpu_0_memory_MB": 44.57275390625,
  "training_duration": "0:56:47.444021",
  "training_start_epoch": 0,
  "training_epochs": 59,
  "epoch": 59,
  "training_accuracy": 0.9941214314830003,
  "training_accuracy3": 0.994887560713286,
  "training_precision-overall": 0.9730708594315907,
  "training_recall-overall": 0.9718285884505724,
  "training_f1-measure-overall": 0.9724493272014489,
  "training_loss": 5.1154521299114535,
  "training_worker_0_memory_MB": 0.0,
  "training_gpu_0_memory_MB": 44.57275390625,
  "validation_accuracy": 0.9812507301117558,
  "validation_accuracy3": 0.984015419960282,
  "validation_precision-overall": 0.8916542226646756,
  "validation_recall-overall": 0.9044092898014137,
  "validation_f1-measure-overall": 0.8979864650346229,
  "validation_loss": 39.18189329259536,
  "best_validation_accuracy": 0.9798878548343133,
  "best_validation_accuracy3": 0.9828083018574043,
  "best_validation_precision-overall": 0.8920863309352518,
  "best_validation_recall-overall": 0.8973409626388421,
  "best_validation_f1-measure-overall": 0.8947059317056302,
  "best_validation_loss": 26.585130046395694
}