{
  "best_epoch": 15,
  "peak_worker_0_memory_MB": 0,
  "peak_gpu_0_memory_MB": 44.57275390625,
  "training_duration": "0:59:38.229890",
  "training_start_epoch": 0,
  "training_epochs": 62,
  "epoch": 62,
  "training_accuracy": 0.9942098310095717,
  "training_accuracy3": 0.9949857824094764,
  "training_precision-overall": 0.9738255605763492,
  "training_recall-overall": 0.972126473466956,
  "training_f1-measure-overall": 0.9729752752517761,
  "training_loss": 4.979115752261429,
  "training_worker_0_memory_MB": 0.0,
  "training_gpu_0_memory_MB": 44.57275390625,
  "validation_accuracy": 0.9816206534013473,
  "validation_accuracy3": 0.984112768194385,
  "validation_precision-overall": 0.8950248756218906,
  "validation_recall-overall": 0.908280040390441,
  "validation_f1-measure-overall": 0.901603742064768,
  "validation_loss": 37.15313340168373,
  "best_validation_accuracy": 0.9798878548343133,
  "best_validation_accuracy3": 0.9828083018574043,
  "best_validation_precision-overall": 0.8920863309352518,
  "best_validation_recall-overall": 0.8973409626388421,
  "best_validation_f1-measure-overall": 0.8947059317056302,
  "best_validation_loss": 26.585130046395694
}