{
  "best_epoch": 15,
  "peak_worker_0_memory_MB": 0,
  "peak_gpu_0_memory_MB": 44.44921875,
  "training_duration": "0:19:53.320994",
  "training_start_epoch": 0,
  "training_epochs": 20,
  "epoch": 20,
  "training_accuracy": 0.9867302488446673,
  "training_accuracy3": 0.988527705884953,
  "training_precision-overall": 0.9402206448302403,
  "training_recall-overall": 0.9356993914634665,
  "training_f1-measure-overall": 0.9379545696917491,
  "training_loss": 12.656141176853744,
  "training_worker_0_memory_MB": 0.0,
  "training_gpu_0_memory_MB": 44.44921875,
  "validation_accuracy": 0.9806277014134963,
  "validation_accuracy3": 0.983119816206534,
  "validation_precision-overall": 0.8980207983898021,
  "validation_recall-overall": 0.9010434197239987,
  "validation_f1-measure-overall": 0.8995295698924232,
  "validation_loss": 27.433594180088416,
  "best_validation_accuracy": 0.9798878548343133,
  "best_validation_accuracy3": 0.9828083018574043,
  "best_validation_precision-overall": 0.8920863309352518,
  "best_validation_recall-overall": 0.8973409626388421,
  "best_validation_f1-measure-overall": 0.8947059317056302,
  "best_validation_loss": 26.585130046395694
}