{
  "best_epoch": 15,
  "peak_worker_0_memory_MB": 0,
  "peak_gpu_0_memory_MB": 46.54345703125,
  "training_duration": "1:28:05.698901",
  "training_start_epoch": 0,
  "training_epochs": 92,
  "epoch": 92,
  "training_accuracy": 0.9967390396864764,
  "training_accuracy3": 0.997185948404143,
  "training_precision-overall": 0.984701269922441,
  "training_recall-overall": 0.9833184390825142,
  "training_f1-measure-overall": 0.9840093686787533,
  "training_loss": 2.98335421872845,
  "training_worker_0_memory_MB": 0.0,
  "training_gpu_0_memory_MB": 46.54345703125,
  "validation_accuracy": 0.9818737588100152,
  "validation_accuracy3": 0.9845021611307971,
  "validation_precision-overall": 0.8989529665946485,
  "validation_recall-overall": 0.9102995624368899,
  "validation_f1-measure-overall": 0.9045906848398195,
  "validation_loss": 38.41151805952484,
  "best_validation_accuracy": 0.9798878548343133,
  "best_validation_accuracy3": 0.9828083018574043,
  "best_validation_precision-overall": 0.8920863309352518,
  "best_validation_recall-overall": 0.8973409626388421,
  "best_validation_f1-measure-overall": 0.8947059317056302,
  "best_validation_loss": 26.585130046395694
}