{
  "best_epoch": 15,
  "peak_worker_0_memory_MB": 0,
  "peak_gpu_0_memory_MB": 44.44921875,
  "training_duration": "0:24:37.357420",
  "training_start_epoch": 0,
  "training_epochs": 25,
  "epoch": 25,
  "training_accuracy": 0.9884294841887624,
  "training_accuracy3": 0.9899715648189529,
  "training_precision-overall": 0.9481690381575012,
  "training_recall-overall": 0.9442955019362526,
  "training_f1-measure-overall": 0.9462283058291259,
  "training_loss": 10.802832760952057,
  "training_worker_0_memory_MB": 0.0,
  "training_gpu_0_memory_MB": 44.44921875,
  "validation_accuracy": 0.9802188388302636,
  "validation_accuracy3": 0.983217164440637,
  "validation_precision-overall": 0.889888389138764,
  "validation_recall-overall": 0.8990238976775496,
  "validation_f1-measure-overall": 0.8944328170782255,
  "validation_loss": 29.4373696271111,
  "best_validation_accuracy": 0.9798878548343133,
  "best_validation_accuracy3": 0.9828083018574043,
  "best_validation_precision-overall": 0.8920863309352518,
  "best_validation_recall-overall": 0.8973409626388421,
  "best_validation_f1-measure-overall": 0.8947059317056302,
  "best_validation_loss": 26.585130046395694
}