{
  "best_epoch": 15,
  "peak_worker_0_memory_MB": 0,
  "peak_gpu_0_memory_MB": 46.54345703125,
  "training_duration": "1:29:59.426517",
  "training_start_epoch": 0,
  "training_epochs": 94,
  "epoch": 94,
  "training_accuracy": 0.9961005986612382,
  "training_accuracy3": 0.9966309958206668,
  "training_precision-overall": 0.982355197545071,
  "training_recall-overall": 0.9808502489467636,
  "training_f1-measure-overall": 0.9816021464162015,
  "training_loss": 3.29327904879368,
  "training_worker_0_memory_MB": 0.0,
  "training_gpu_0_memory_MB": 46.54345703125,
  "validation_accuracy": 0.9822242124527861,
  "validation_accuracy3": 0.9848720844203886,
  "validation_precision-overall": 0.8991861816973925,
  "validation_recall-overall": 0.9111410299562437,
  "validation_f1-measure-overall": 0.9051241327425732,
  "validation_loss": 38.05143078635721,
  "best_validation_accuracy": 0.9798878548343133,
  "best_validation_accuracy3": 0.9828083018574043,
  "best_validation_precision-overall": 0.8920863309352518,
  "best_validation_recall-overall": 0.8973409626388421,
  "best_validation_f1-measure-overall": 0.8947059317056302,
  "best_validation_loss": 26.585130046395694
}