{
  "best_epoch": 15,
  "peak_worker_0_memory_MB": 0,
  "peak_gpu_0_memory_MB": 44.57275390625,
  "training_duration": "1:08:10.703380",
  "training_start_epoch": 0,
  "training_epochs": 71,
  "epoch": 71,
  "training_accuracy": 0.9952657142436193,
  "training_accuracy3": 0.9958845109296193,
  "training_precision-overall": 0.9782701320835109,
  "training_recall-overall": 0.9770628537384569,
  "training_f1-measure-overall": 0.9776661202068949,
  "training_loss": 4.323403067903801,
  "training_worker_0_memory_MB": 0.0,
  "training_gpu_0_memory_MB": 44.57275390625,
  "validation_accuracy": 0.9818542891631946,
  "validation_accuracy3": 0.9845216307776177,
  "validation_precision-overall": 0.8971637087410848,
  "validation_recall-overall": 0.9102995624368899,
  "validation_f1-measure-overall": 0.9036839027649656,
  "validation_loss": 36.93049406537823,
  "best_validation_accuracy": 0.9798878548343133,
  "best_validation_accuracy3": 0.9828083018574043,
  "best_validation_precision-overall": 0.8920863309352518,
  "best_validation_recall-overall": 0.8973409626388421,
  "best_validation_f1-measure-overall": 0.8947059317056302,
  "best_validation_loss": 26.585130046395694
}