{
  "best_epoch": 15,
  "peak_worker_0_memory_MB": 0,
  "peak_gpu_0_memory_MB": 44.44921875,
  "training_duration": "0:18:56.476400",
  "training_start_epoch": 0,
  "training_epochs": 19,
  "epoch": 19,
  "training_accuracy": 0.9858658979181911,
  "training_accuracy3": 0.987805776417953,
  "training_precision-overall": 0.9360892612859097,
  "training_recall-overall": 0.9318268862504787,
  "training_f1-measure-overall": 0.9339532106373858,
  "training_loss": 13.67260473355617,
  "training_worker_0_memory_MB": 0.0,
  "training_gpu_0_memory_MB": 44.44921875,
  "validation_accuracy": 0.9801604298898018,
  "validation_accuracy3": 0.9830419376192516,
  "validation_precision-overall": 0.8932330827067669,
  "validation_recall-overall": 0.8996970716930327,
  "validation_f1-measure-overall": 0.8964534250020461,
  "validation_loss": 27.53668429804783,
  "best_validation_accuracy": 0.9798878548343133,
  "best_validation_accuracy3": 0.9828083018574043,
  "best_validation_precision-overall": 0.8920863309352518,
  "best_validation_recall-overall": 0.8973409626388421,
  "best_validation_f1-measure-overall": 0.8947059317056302,
  "best_validation_loss": 26.585130046395694
}