{
  "best_epoch": 6,
  "peak_worker_0_memory_MB": 0,
  "peak_gpu_0_memory_MB": 44.44921875,
  "training_duration": "0:09:29.607012",
  "training_start_epoch": 0,
  "training_epochs": 9,
  "epoch": 9,
  "training_accuracy": 0.979083689796239,
  "training_accuracy3": 0.9821580288870009,
  "training_precision-overall": 0.9059465497980579,
  "training_recall-overall": 0.8972722243499723,
  "training_f1-measure-overall": 0.901588523293303,
  "training_loss": 21.23184960306641,
  "training_worker_0_memory_MB": 0.0,
  "training_gpu_0_memory_MB": 44.44921875,
  "validation_accuracy": 0.9780577080331763,
  "validation_accuracy3": 0.9810755032903703,
  "validation_precision-overall": 0.8850786216125794,
  "validation_recall-overall": 0.8904409289801414,
  "validation_f1-measure-overall": 0.887751677852299,
  "validation_loss": 28.091991331063063,
  "best_validation_accuracy": 0.9780577080331763,
  "best_validation_accuracy3": 0.9811728515244733,
  "best_validation_precision-overall": 0.8881446751507033,
  "best_validation_recall-overall": 0.8926287445304611,
  "best_validation_f1-measure-overall": 0.8903810642940578,
  "best_validation_loss": 26.738022738812017
}