{
  "best_epoch": 0,
  "peak_worker_0_memory_MB": 0,
  "peak_gpu_0_memory_MB": 11.599609375,
  "training_duration": "0:00:58.370609",
  "training_start_epoch": 0,
  "training_epochs": 0,
  "epoch": 0,
  "training_accuracy": 0.9016309712652428,
  "training_accuracy3": 0.9124648243550518,
  "training_precision-overall": 0.6293226928586044,
  "training_recall-overall": 0.5235116387931401,
  "training_f1-measure-overall": 0.5715613167003011,
  "training_loss": 179.01312327113402,
  "training_worker_0_memory_MB": 0.0,
  "training_gpu_0_memory_MB": 11.599609375,
  "validation_accuracy": 0.9615669171761224,
  "validation_accuracy3": 0.9659670573575795,
  "validation_precision-overall": 0.8159769335142469,
  "validation_recall-overall": 0.8096600471221811,
  "validation_f1-measure-overall": 0.8128062172663801,
  "validation_loss": 52.65978837480732,
  "best_validation_accuracy": 0.9615669171761224,
  "best_validation_accuracy3": 0.9659670573575795,
  "best_validation_precision-overall": 0.8159769335142469,
  "best_validation_recall-overall": 0.8096600471221811,
  "best_validation_f1-measure-overall": 0.8128062172663801,
  "best_validation_loss": 52.65978837480732
}