{
  "best_epoch": 15,
  "peak_worker_0_memory_MB": 0,
  "peak_gpu_0_memory_MB": 44.57275390625,
  "training_duration": "1:11:57.869057",
  "training_start_epoch": 0,
  "training_epochs": 75,
  "epoch": 75,
  "training_accuracy": 0.9955112684840954,
  "training_accuracy3": 0.996041665643524,
  "training_precision-overall": 0.9790689743371132,
  "training_recall-overall": 0.9773607387548406,
  "training_f1-measure-overall": 0.978214110782155,
  "training_loss": 3.7797737371405598,
  "training_worker_0_memory_MB": 0.0,
  "training_gpu_0_memory_MB": 44.57275390625,
  "validation_accuracy": 0.9816011837545267,
  "validation_accuracy3": 0.984404812896694,
  "validation_precision-overall": 0.8963799402191963,
  "validation_recall-overall": 0.9084483338943117,
  "validation_f1-measure-overall": 0.902373788030709,
  "validation_loss": 39.30508239596498,
  "best_validation_accuracy": 0.9798878548343133,
  "best_validation_accuracy3": 0.9828083018574043,
  "best_validation_precision-overall": 0.8920863309352518,
  "best_validation_recall-overall": 0.8973409626388421,
  "best_validation_f1-measure-overall": 0.8947059317056302,
  "best_validation_loss": 26.585130046395694
}