{
  "best_epoch": 15,
  "peak_worker_0_memory_MB": 0,
  "peak_gpu_0_memory_MB": 46.54345703125,
  "training_duration": "1:14:48.588298",
  "training_start_epoch": 0,
  "training_epochs": 78,
  "epoch": 78,
  "training_accuracy": 0.9955947569258573,
  "training_accuracy3": 0.9961251540852859,
  "training_precision-overall": 0.9799378114750606,
  "training_recall-overall": 0.9790203838461211,
  "training_f1-measure-overall": 0.9794788828337375,
  "training_loss": 3.721264271638388,
  "training_worker_0_memory_MB": 0.0,
  "training_gpu_0_memory_MB": 46.54345703125,
  "validation_accuracy": 0.9813091390522176,
  "validation_accuracy3": 0.9840543592539231,
  "validation_precision-overall": 0.8946671083140113,
  "validation_recall-overall": 0.9091215079097947,
  "validation_f1-measure-overall": 0.9018363939899334,
  "validation_loss": 40.76714736340093,
  "best_validation_accuracy": 0.9798878548343133,
  "best_validation_accuracy3": 0.9828083018574043,
  "best_validation_precision-overall": 0.8920863309352518,
  "best_validation_recall-overall": 0.8973409626388421,
  "best_validation_f1-measure-overall": 0.8947059317056302,
  "best_validation_loss": 26.585130046395694
}