{
  "best_epoch": 5,
  "peak_worker_0_memory_MB": 0,
  "peak_gpu_0_memory_MB": 44.44921875,
  "training_duration": "0:05:42.354244",
  "training_start_epoch": 0,
  "training_epochs": 5,
  "epoch": 5,
  "training_accuracy": 0.9733622759931442,
  "training_accuracy3": 0.9774679428939058,
  "training_precision-overall": 0.877852406785499,
  "training_recall-overall": 0.8676539427209669,
  "training_f1-measure-overall": 0.8727233814873765,
  "training_loss": 28.059045648248972,
  "training_worker_0_memory_MB": 0.0,
  "training_gpu_0_memory_MB": 44.44921875,
  "validation_accuracy": 0.9770063471048636,
  "validation_accuracy3": 0.9802188388302636,
  "validation_precision-overall": 0.8837951301427373,
  "validation_recall-overall": 0.8857287108717603,
  "validation_f1-measure-overall": 0.8847608640833324,
  "validation_loss": 29.231034297569124,
  "best_validation_accuracy": 0.9770063471048636,
  "best_validation_accuracy3": 0.9802188388302636,
  "best_validation_precision-overall": 0.8837951301427373,
  "best_validation_recall-overall": 0.8857287108717603,
  "best_validation_f1-measure-overall": 0.8847608640833324,
  "best_validation_loss": 29.231034297569124
}