{
  "best_epoch": 15,
  "peak_worker_0_memory_MB": 0,
  "peak_gpu_0_memory_MB": 44.57275390625,
  "training_duration": "1:12:54.915944",
  "training_start_epoch": 0,
  "training_epochs": 76,
  "epoch": 76,
  "training_accuracy": 0.9957175340460954,
  "training_accuracy3": 0.9962773977143812,
  "training_precision-overall": 0.9807479342363064,
  "training_recall-overall": 0.9798714838929317,
  "training_f1-measure-overall": 0.9803095131659675,
  "training_loss": 3.777784106400127,
  "training_worker_0_memory_MB": 0.0,
  "training_gpu_0_memory_MB": 44.57275390625,
  "validation_accuracy": 0.9817958802227328,
  "validation_accuracy3": 0.9845216307776177,
  "validation_precision-overall": 0.8975723312271366,
  "validation_recall-overall": 0.9084483338943117,
  "validation_f1-measure-overall": 0.9029775844763636,
  "validation_loss": 38.42451420952292,
  "best_validation_accuracy": 0.9798878548343133,
  "best_validation_accuracy3": 0.9828083018574043,
  "best_validation_precision-overall": 0.8920863309352518,
  "best_validation_recall-overall": 0.8973409626388421,
  "best_validation_f1-measure-overall": 0.8947059317056302,
  "best_validation_loss": 26.585130046395694
}