{
  "best_epoch": 6,
  "peak_worker_0_memory_MB": 0,
  "peak_gpu_0_memory_MB": 44.44921875,
  "training_duration": "0:07:35.686158",
  "training_start_epoch": 0,
  "training_epochs": 7,
  "epoch": 7,
  "training_accuracy": 0.9765937697978107,
  "training_accuracy3": 0.9798940187898105,
  "training_precision-overall": 0.8931901181525241,
  "training_recall-overall": 0.8846759436571769,
  "training_f1-measure-overall": 0.888912643776407,
  "training_loss": 23.825337771674224,
  "training_worker_0_memory_MB": 0.0,
  "training_gpu_0_memory_MB": 44.44921875,
  "validation_accuracy": 0.9775125579221993,
  "validation_accuracy3": 0.9806277014134963,
  "validation_precision-overall": 0.8860355824102047,
  "validation_recall-overall": 0.8884214069336923,
  "validation_f1-measure-overall": 0.8872268907562525,
  "validation_loss": 29.222238232107724,
  "best_validation_accuracy": 0.9780577080331763,
  "best_validation_accuracy3": 0.9811728515244733,
  "best_validation_precision-overall": 0.8881446751507033,
  "best_validation_recall-overall": 0.8926287445304611,
  "best_validation_f1-measure-overall": 0.8903810642940578,
  "best_validation_loss": 26.738022738812017
}