{
  "best_epoch": 15,
  "peak_worker_0_memory_MB": 0,
  "peak_gpu_0_memory_MB": 44.44921875,
  "training_duration": "0:28:24.397731",
  "training_start_epoch": 0,
  "training_epochs": 29,
  "epoch": 29,
  "training_accuracy": 0.9895295671860957,
  "training_accuracy3": 0.9910274480530005,
  "training_precision-overall": 0.952039291052744,
  "training_recall-overall": 0.9486361121749862,
  "training_f1-measure-overall": 0.9503346549004063,
  "training_loss": 9.787514447622799,
  "training_worker_0_memory_MB": 0.0,
  "training_gpu_0_memory_MB": 44.44921875,
  "validation_accuracy": 0.9806277014134963,
  "validation_accuracy3": 0.983470269849305,
  "validation_precision-overall": 0.891662506240639,
  "validation_recall-overall": 0.9017165937394817,
  "validation_f1-measure-overall": 0.8966613672495526,
  "validation_loss": 32.302716993818095,
  "best_validation_accuracy": 0.9798878548343133,
  "best_validation_accuracy3": 0.9828083018574043,
  "best_validation_precision-overall": 0.8920863309352518,
  "best_validation_recall-overall": 0.8973409626388421,
  "best_validation_f1-measure-overall": 0.8947059317056302,
  "best_validation_loss": 26.585130046395694
}