{
  "best_epoch": 6,
  "peak_worker_0_memory_MB": 0,
  "peak_gpu_0_memory_MB": 44.44921875,
  "training_duration": "0:14:12.914734",
  "training_start_epoch": 0,
  "training_epochs": 14,
  "epoch": 14,
  "training_accuracy": 0.9835527769729056,
  "training_accuracy3": 0.9859002755118578,
  "training_precision-overall": 0.9246631016042781,
  "training_recall-overall": 0.9197838205881101,
  "training_f1-measure-overall": 0.9222170072961057,
  "training_loss": 16.434536275668133,
  "training_worker_0_memory_MB": 0.0,
  "training_gpu_0_memory_MB": 44.44921875,
  "validation_accuracy": 0.9788949028464624,
  "validation_accuracy3": 0.981932167750477,
  "validation_precision-overall": 0.8864395457581831,
  "validation_recall-overall": 0.8933019185459441,
  "validation_f1-measure-overall": 0.8898575020955075,
  "validation_loss": 29.73312681796504,
  "best_validation_accuracy": 0.9780577080331763,
  "best_validation_accuracy3": 0.9811728515244733,
  "best_validation_precision-overall": 0.8881446751507033,
  "best_validation_recall-overall": 0.8926287445304611,
  "best_validation_f1-measure-overall": 0.8903810642940578,
  "best_validation_loss": 26.738022738812017
}