{
  "best_epoch": 15,
  "peak_worker_0_memory_MB": 0,
  "peak_gpu_0_memory_MB": 44.57275390625,
  "training_duration": "0:38:47.973252",
  "training_start_epoch": 0,
  "training_epochs": 40,
  "epoch": 40,
  "training_accuracy": 0.991980198506048,
  "training_accuracy3": 0.9930066152312385,
  "training_precision-overall": 0.9639201637666326,
  "training_recall-overall": 0.961828162900549,
  "training_f1-measure-overall": 0.9628730270304312,
  "training_loss": 7.022681622950525,
  "training_worker_0_memory_MB": 0.0,
  "training_gpu_0_memory_MB": 44.57275390625,
  "validation_accuracy": 0.9822436820996067,
  "validation_accuracy3": 0.9846968575990032,
  "validation_precision-overall": 0.9015820149875104,
  "validation_recall-overall": 0.9111410299562437,
  "validation_f1-measure-overall": 0.9063363187410566,
  "validation_loss": 29.822943743537454,
  "best_validation_accuracy": 0.9798878548343133,
  "best_validation_accuracy3": 0.9828083018574043,
  "best_validation_precision-overall": 0.8920863309352518,
  "best_validation_recall-overall": 0.8973409626388421,
  "best_validation_f1-measure-overall": 0.8947059317056302,
  "best_validation_loss": 26.585130046395694
}