{
  "best_epoch": 15,
  "peak_worker_0_memory_MB": 0,
  "peak_gpu_0_memory_MB": 44.57275390625,
  "training_duration": "0:47:19.252770",
  "training_start_epoch": 0,
  "training_epochs": 49,
  "epoch": 49,
  "training_accuracy": 0.9930557260793337,
  "training_accuracy3": 0.9939053437513813,
  "training_precision-overall": 0.9686633979961629,
  "training_recall-overall": 0.9668496531767309,
  "training_f1-measure-overall": 0.9677556757677227,
  "training_loss": 5.779477119445801,
  "training_worker_0_memory_MB": 0.0,
  "training_gpu_0_memory_MB": 44.57275390625,
  "validation_accuracy": 0.9816595926949885,
  "validation_accuracy3": 0.9840738289007437,
  "validation_precision-overall": 0.8981389165835826,
  "validation_recall-overall": 0.909626388421407,
  "validation_f1-measure-overall": 0.9038461538461039,
  "validation_loss": 31.933733145395916,
  "best_validation_accuracy": 0.9798878548343133,
  "best_validation_accuracy3": 0.9828083018574043,
  "best_validation_precision-overall": 0.8920863309352518,
  "best_validation_recall-overall": 0.8973409626388421,
  "best_validation_f1-measure-overall": 0.8947059317056302,
  "best_validation_loss": 26.585130046395694
}