{
  "best_epoch": 15,
  "peak_worker_0_memory_MB": 0,
  "peak_gpu_0_memory_MB": 46.54345703125,
  "training_duration": "1:19:33.515702",
  "training_start_epoch": 0,
  "training_epochs": 83,
  "epoch": 83,
  "training_accuracy": 0.9957568227245717,
  "training_accuracy3": 0.9962282868662858,
  "training_precision-overall": 0.9808265871325096,
  "training_recall-overall": 0.9796161538788885,
  "training_f1-measure-overall": 0.9802209968276449,
  "training_loss": 3.634897912010245,
  "training_worker_0_memory_MB": 0.0,
  "training_gpu_0_memory_MB": 46.54345703125,
  "validation_accuracy": 0.981094972937191,
  "validation_accuracy3": 0.9839959503134613,
  "validation_precision-overall": 0.8913043478260869,
  "validation_recall-overall": 0.9039044092898014,
  "validation_f1-measure-overall": 0.8975601604277575,
  "validation_loss": 42.68267304289575,
  "best_validation_accuracy": 0.9798878548343133,
  "best_validation_accuracy3": 0.9828083018574043,
  "best_validation_precision-overall": 0.8920863309352518,
  "best_validation_recall-overall": 0.8973409626388421,
  "best_validation_f1-measure-overall": 0.8947059317056302,
  "best_validation_loss": 26.585130046395694
}