{
  "best_epoch": 15,
  "peak_worker_0_memory_MB": 0,
  "peak_gpu_0_memory_MB": 44.57275390625,
  "training_duration": "1:05:19.332319",
  "training_start_epoch": 0,
  "training_epochs": 68,
  "epoch": 68,
  "training_accuracy": 0.9952460699043811,
  "training_accuracy3": 0.9958206668270955,
  "training_precision-overall": 0.9778932572304809,
  "training_recall-overall": 0.9769777437337759,
  "training_f1-measure-overall": 0.9774352861034922,
  "training_loss": 4.165699189779156,
  "training_worker_0_memory_MB": 0.0,
  "training_gpu_0_memory_MB": 44.57275390625,
  "validation_accuracy": 0.9809586854094466,
  "validation_accuracy3": 0.983859662785717,
  "validation_precision-overall": 0.8904722452361227,
  "validation_recall-overall": 0.9044092898014137,
  "validation_f1-measure-overall": 0.8973866577606581,
  "validation_loss": 40.15133122836842,
  "best_validation_accuracy": 0.9798878548343133,
  "best_validation_accuracy3": 0.9828083018574043,
  "best_validation_precision-overall": 0.8920863309352518,
  "best_validation_recall-overall": 0.8973409626388421,
  "best_validation_f1-measure-overall": 0.8947059317056302,
  "best_validation_loss": 26.585130046395694
}