{
  "best_epoch": 15,
  "peak_worker_0_memory_MB": 0,
  "peak_gpu_0_memory_MB": 44.57275390625,
  "training_duration": "1:07:13.347622",
  "training_start_epoch": 0,
  "training_epochs": 70,
  "epoch": 70,
  "training_accuracy": 0.9950250710879526,
  "training_accuracy3": 0.9955947569258573,
  "training_precision-overall": 0.9773308334753708,
  "training_recall-overall": 0.9760415336822843,
  "training_f1-measure-overall": 0.9766857580854142,
  "training_loss": 4.4568935157497815,
  "training_worker_0_memory_MB": 0.0,
  "training_gpu_0_memory_MB": 44.57275390625,
  "validation_accuracy": 0.9817180016354503,
  "validation_accuracy3": 0.9844242825435147,
  "validation_precision-overall": 0.8962311140627595,
  "validation_recall-overall": 0.9084483338943117,
  "validation_f1-measure-overall": 0.9022983702465025,
  "validation_loss": 36.92902812770769,
  "best_validation_accuracy": 0.9798878548343133,
  "best_validation_accuracy3": 0.9828083018574043,
  "best_validation_precision-overall": 0.8920863309352518,
  "best_validation_recall-overall": 0.8973409626388421,
  "best_validation_f1-measure-overall": 0.8947059317056302,
  "best_validation_loss": 26.585130046395694
}