{
  "best_epoch": 15,
  "peak_worker_0_memory_MB": 0,
  "peak_gpu_0_memory_MB": 46.54345703125,
  "training_duration": "1:26:12.126137",
  "training_start_epoch": 0,
  "training_epochs": 90,
  "epoch": 90,
  "training_accuracy": 0.9960269323890955,
  "training_accuracy3": 0.9965327741244764,
  "training_precision-overall": 0.9818979470142261,
  "training_recall-overall": 0.9810204689561258,
  "training_f1-measure-overall": 0.9814590118568162,
  "training_loss": 3.2803746421136184,
  "training_worker_0_memory_MB": 0.0,
  "training_gpu_0_memory_MB": 46.54345703125,
  "validation_accuracy": 0.9815233051672443,
  "validation_accuracy3": 0.984210116428488,
  "validation_precision-overall": 0.8964659034345446,
  "validation_recall-overall": 0.9092898014136654,
  "validation_f1-measure-overall": 0.9028323168183977,
  "validation_loss": 41.49546347412409,
  "best_validation_accuracy": 0.9798878548343133,
  "best_validation_accuracy3": 0.9828083018574043,
  "best_validation_precision-overall": 0.8920863309352518,
  "best_validation_recall-overall": 0.8973409626388421,
  "best_validation_f1-measure-overall": 0.8947059317056302,
  "best_validation_loss": 26.585130046395694
}