{
  "best_epoch": 6,
  "peak_worker_0_memory_MB": 0,
  "peak_gpu_0_memory_MB": 44.44921875,
  "training_duration": "0:08:32.601252",
  "training_start_epoch": 0,
  "training_epochs": 8,
  "epoch": 8,
  "training_accuracy": 0.9781702280216678,
  "training_accuracy3": 0.9814311883351914,
  "training_precision-overall": 0.9007820556892403,
  "training_recall-overall": 0.8920805140644282,
  "training_f1-measure-overall": 0.8964101686942263,
  "training_loss": 22.858353832045015,
  "training_worker_0_memory_MB": 0.0,
  "training_gpu_0_memory_MB": 44.44921875,
  "validation_accuracy": 0.9779798294458939,
  "validation_accuracy3": 0.9807250496475994,
  "validation_precision-overall": 0.8882175226586103,
  "validation_recall-overall": 0.8906092224840121,
  "validation_f1-measure-overall": 0.8894117647058325,
  "validation_loss": 28.072630676568725,
  "best_validation_accuracy": 0.9780577080331763,
  "best_validation_accuracy3": 0.9811728515244733,
  "best_validation_precision-overall": 0.8881446751507033,
  "best_validation_recall-overall": 0.8926287445304611,
  "best_validation_f1-measure-overall": 0.8903810642940578,
  "best_validation_loss": 26.738022738812017
}