{
  "best_epoch": 15,
  "peak_worker_0_memory_MB": 0,
  "peak_gpu_0_memory_MB": 44.44921875,
  "training_duration": "0:21:47.343745",
  "training_start_epoch": 0,
  "training_epochs": 22,
  "epoch": 22,
  "training_accuracy": 0.987103491290191,
  "training_accuracy3": 0.9887781712102386,
  "training_precision-overall": 0.942930371636053,
  "training_recall-overall": 0.9393591216647517,
  "training_f1-measure-overall": 0.9411413588010329,
  "training_loss": 11.86290901831451,
  "training_worker_0_memory_MB": 0.0,
  "training_gpu_0_memory_MB": 44.44921875,
  "validation_accuracy": 0.9804524745921109,
  "validation_accuracy3": 0.9834508002024843,
  "validation_precision-overall": 0.8944203140661544,
  "validation_recall-overall": 0.9010434197239987,
  "validation_f1-measure-overall": 0.8977196512407282,
  "validation_loss": 29.003482257618625,
  "best_validation_accuracy": 0.9798878548343133,
  "best_validation_accuracy3": 0.9828083018574043,
  "best_validation_precision-overall": 0.8920863309352518,
  "best_validation_recall-overall": 0.8973409626388421,
  "best_validation_f1-measure-overall": 0.8947059317056302,
  "best_validation_loss": 26.585130046395694
}