{
  "best_epoch": 15,
  "peak_worker_0_memory_MB": 0,
  "peak_gpu_0_memory_MB": 46.54345703125,
  "training_duration": "1:32:49.338092",
  "training_start_epoch": 0,
  "training_epochs": 97,
  "epoch": 97,
  "training_accuracy": 0.9964296413434763,
  "training_accuracy3": 0.9968618168067145,
  "training_precision-overall": 0.9835967790038771,
  "training_recall-overall": 0.9824247840333631,
  "training_f1-measure-overall": 0.98301043219071,
  "training_loss": 3.190365751131792,
  "training_worker_0_memory_MB": 0.0,
  "training_gpu_0_memory_MB": 46.54345703125,
  "validation_accuracy": 0.981640123048168,
  "validation_accuracy3": 0.9844632218371558,
  "validation_precision-overall": 0.8967581047381546,
  "validation_recall-overall": 0.9077751598788287,
  "validation_f1-measure-overall": 0.9022330015889773,
  "validation_loss": 39.29102717193903,
  "best_validation_accuracy": 0.9798878548343133,
  "best_validation_accuracy3": 0.9828083018574043,
  "best_validation_precision-overall": 0.8920863309352518,
  "best_validation_recall-overall": 0.8973409626388421,
  "best_validation_f1-measure-overall": 0.8947059317056302,
  "best_validation_loss": 26.585130046395694
}