{
  "best_epoch": 15,
  "peak_worker_0_memory_MB": 0,
  "peak_gpu_0_memory_MB": 44.57275390625,
  "training_duration": "0:31:14.363949",
  "training_start_epoch": 0,
  "training_epochs": 32,
  "epoch": 32,
  "training_accuracy": 0.9907671605580957,
  "training_accuracy3": 0.9919752874212385,
  "training_precision-overall": 0.9582710460000854,
  "training_recall-overall": 0.9547640325120218,
  "training_f1-measure-overall": 0.9565143246929922,
  "training_loss": 8.687415301664,
  "training_worker_0_memory_MB": 0.0,
  "training_gpu_0_memory_MB": 44.57275390625,
  "validation_accuracy": 0.9809781550562673,
  "validation_accuracy3": 0.9840543592539231,
  "validation_precision-overall": 0.8912934909272515,
  "validation_recall-overall": 0.9010434197239987,
  "validation_f1-measure-overall": 0.8961419365636794,
  "validation_loss": 32.917842537749046,
  "best_validation_accuracy": 0.9798878548343133,
  "best_validation_accuracy3": 0.9828083018574043,
  "best_validation_precision-overall": 0.8920863309352518,
  "best_validation_recall-overall": 0.8973409626388421,
  "best_validation_f1-measure-overall": 0.8947059317056302,
  "best_validation_loss": 26.585130046395694
}