{
  "best_epoch": 15,
  "peak_worker_0_memory_MB": 0,
  "peak_gpu_0_memory_MB": 44.57275390625,
  "training_duration": "0:37:51.210315",
  "training_start_epoch": 0,
  "training_epochs": 39,
  "epoch": 39,
  "training_accuracy": 0.9921717308136194,
  "training_accuracy3": 0.9931343034362861,
  "training_precision-overall": 0.964061900498785,
  "training_recall-overall": 0.9623388229286353,
  "training_f1-measure-overall": 0.9631995911065179,
  "training_loss": 7.234519071079332,
  "training_worker_0_memory_MB": 0.0,
  "training_gpu_0_memory_MB": 44.57275390625,
  "validation_accuracy": 0.981192321171294,
  "validation_accuracy3": 0.9840348896071025,
  "validation_precision-overall": 0.8956420103523126,
  "validation_recall-overall": 0.9027263547627061,
  "validation_f1-measure-overall": 0.8991702288156403,
  "validation_loss": 33.26321694430183,
  "best_validation_accuracy": 0.9798878548343133,
  "best_validation_accuracy3": 0.9828083018574043,
  "best_validation_precision-overall": 0.8920863309352518,
  "best_validation_recall-overall": 0.8973409626388421,
  "best_validation_f1-measure-overall": 0.8947059317056302,
  "best_validation_loss": 26.585130046395694
}