{
  "best_epoch": 15,
  "peak_worker_0_memory_MB": 0,
  "peak_gpu_0_memory_MB": 44.57275390625,
  "training_duration": "0:54:53.402109",
  "training_start_epoch": 0,
  "training_epochs": 57,
  "epoch": 57,
  "training_accuracy": 0.9939298991754288,
  "training_accuracy3": 0.9946665618968574,
  "training_precision-overall": 0.9726296043656207,
  "training_recall-overall": 0.9708498233967403,
  "training_f1-measure-overall": 0.9717388989457492,
  "training_loss": 5.22354245294471,
  "training_worker_0_memory_MB": 0.0,
  "training_gpu_0_memory_MB": 44.57275390625,
  "validation_accuracy": 0.9814843658736031,
  "validation_accuracy3": 0.9840738289007437,
  "validation_precision-overall": 0.8961621531815916,
  "validation_recall-overall": 0.9077751598788287,
  "validation_f1-measure-overall": 0.9019312766490596,
  "validation_loss": 35.31350777195949,
  "best_validation_accuracy": 0.9798878548343133,
  "best_validation_accuracy3": 0.9828083018574043,
  "best_validation_precision-overall": 0.8920863309352518,
  "best_validation_recall-overall": 0.8973409626388421,
  "best_validation_f1-measure-overall": 0.8947059317056302,
  "best_validation_loss": 26.585130046395694
}