{
  "best_epoch": 15,
  "peak_worker_0_memory_MB": 0,
  "peak_gpu_0_memory_MB": 44.57275390625,
  "training_duration": "0:43:31.753336",
  "training_start_epoch": 0,
  "training_epochs": 45,
  "epoch": 45,
  "training_accuracy": 0.9925597065135718,
  "training_accuracy3": 0.9935173680514289,
  "training_precision-overall": 0.9663113006396589,
  "training_recall-overall": 0.9642963530362995,
  "training_f1-measure-overall": 0.9653027753519277,
  "training_loss": 6.523094094695697,
  "training_worker_0_memory_MB": 0.0,
  "training_gpu_0_memory_MB": 44.57275390625,
  "validation_accuracy": 0.9813091390522176,
  "validation_accuracy3": 0.9841322378412055,
  "validation_precision-overall": 0.8970686209193871,
  "validation_recall-overall": 0.9064288118478627,
  "validation_f1-measure-overall": 0.9017244265862552,
  "validation_loss": 31.299263972862093,
  "best_validation_accuracy": 0.9798878548343133,
  "best_validation_accuracy3": 0.9828083018574043,
  "best_validation_precision-overall": 0.8920863309352518,
  "best_validation_recall-overall": 0.8973409626388421,
  "best_validation_f1-measure-overall": 0.8947059317056302,
  "best_validation_loss": 26.585130046395694
}