{
  "best_epoch": 6,
  "peak_worker_0_memory_MB": 0,
  "peak_gpu_0_memory_MB": 44.44921875,
  "training_duration": "0:11:23.261018",
  "training_start_epoch": 0,
  "training_epochs": 11,
  "epoch": 11,
  "training_accuracy": 0.9806945256137628,
  "training_accuracy3": 0.9834005333438103,
  "training_precision-overall": 0.9117936854731611,
  "training_recall-overall": 0.9057406698157369,
  "training_f1-measure-overall": 0.9087570983305081,
  "training_loss": 19.172060902406525,
  "training_worker_0_memory_MB": 0.0,
  "training_gpu_0_memory_MB": 44.44921875,
  "validation_accuracy": 0.9781355866204587,
  "validation_accuracy3": 0.9812701997585764,
  "validation_precision-overall": 0.8821077205269301,
  "validation_recall-overall": 0.8902726354762707,
  "validation_f1-measure-overall": 0.8861713711365612,
  "validation_loss": 30.070891716900995,
  "best_validation_accuracy": 0.9780577080331763,
  "best_validation_accuracy3": 0.9811728515244733,
  "best_validation_precision-overall": 0.8881446751507033,
  "best_validation_recall-overall": 0.8926287445304611,
  "best_validation_f1-measure-overall": 0.8903810642940578,
  "best_validation_loss": 26.738022738812017
}