{
  "best_epoch": 15,
  "peak_worker_0_memory_MB": 0,
  "peak_gpu_0_memory_MB": 44.57275390625,
  "training_duration": "0:48:15.949244",
  "training_start_epoch": 0,
  "training_epochs": 50,
  "epoch": 50,
  "training_accuracy": 0.9933749465919527,
  "training_accuracy3": 0.9941705423310955,
  "training_precision-overall": 0.9694721582672465,
  "training_recall-overall": 0.9676156432188604,
  "training_f1-measure-overall": 0.9685430110961527,
  "training_loss": 5.939752347377004,
  "training_worker_0_memory_MB": 0.0,
  "training_gpu_0_memory_MB": 44.57275390625,
  "validation_accuracy": 0.9809197461158055,
  "validation_accuracy3": 0.9837233752579728,
  "validation_precision-overall": 0.8958263772954925,
  "validation_recall-overall": 0.9030629417704477,
  "validation_f1-measure-overall": 0.8994301039221759,
  "validation_loss": 33.03038461535585,
  "best_validation_accuracy": 0.9798878548343133,
  "best_validation_accuracy3": 0.9828083018574043,
  "best_validation_precision-overall": 0.8920863309352518,
  "best_validation_recall-overall": 0.8973409626388421,
  "best_validation_f1-measure-overall": 0.8947059317056302,
  "best_validation_loss": 26.585130046395694
}