{
  "best_epoch": 15,
  "peak_worker_0_memory_MB": 0,
  "peak_gpu_0_memory_MB": 44.57275390625,
  "training_duration": "1:10:04.070375",
  "training_start_epoch": 0,
  "training_epochs": 73,
  "epoch": 73,
  "training_accuracy": 0.9954768908904288,
  "training_accuracy3": 0.9960072880498574,
  "training_precision-overall": 0.9793370824812543,
  "training_recall-overall": 0.9782118388016511,
  "training_f1-measure-overall": 0.9787741372335622,
  "training_loss": 3.9235965005357607,
  "training_worker_0_memory_MB": 0.0,
  "training_gpu_0_memory_MB": 44.57275390625,
  "validation_accuracy": 0.9821073945718625,
  "validation_accuracy3": 0.9849110237140298,
  "validation_precision-overall": 0.8990688393747922,
  "validation_recall-overall": 0.9099629754291484,
  "validation_f1-measure-overall": 0.9044831047172468,
  "validation_loss": 38.308509826660156,
  "best_validation_accuracy": 0.9798878548343133,
  "best_validation_accuracy3": 0.9828083018574043,
  "best_validation_precision-overall": 0.8920863309352518,
  "best_validation_recall-overall": 0.8973409626388421,
  "best_validation_f1-measure-overall": 0.8947059317056302,
  "best_validation_loss": 26.585130046395694
}