{
  "best_epoch": 15,
  "peak_worker_0_memory_MB": 0,
  "peak_gpu_0_memory_MB": 44.57275390625,
  "training_duration": "1:06:16.403518",
  "training_start_epoch": 0,
  "training_epochs": 69,
  "epoch": 69,
  "training_accuracy": 0.9949857824094764,
  "training_accuracy3": 0.9955554682473812,
  "training_precision-overall": 0.9776357827476039,
  "training_recall-overall": 0.9766373037150518,
  "training_f1-measure-overall": 0.9771362881593574,
  "training_loss": 4.207052052699895,
  "training_worker_0_memory_MB": 0.0,
  "training_gpu_0_memory_MB": 44.57275390625,
  "validation_accuracy": 0.9809976247030879,
  "validation_accuracy3": 0.9836844359643316,
  "validation_precision-overall": 0.8909151193633952,
  "validation_recall-overall": 0.9044092898014137,
  "validation_f1-measure-overall": 0.8976114915650076,
  "validation_loss": 40.86979145162246,
  "best_validation_accuracy": 0.9798878548343133,
  "best_validation_accuracy3": 0.9828083018574043,
  "best_validation_precision-overall": 0.8920863309352518,
  "best_validation_recall-overall": 0.8973409626388421,
  "best_validation_f1-measure-overall": 0.8947059317056302,
  "best_validation_loss": 26.585130046395694
}