{
  "best_epoch": 15,
  "peak_worker_0_memory_MB": 0,
  "peak_gpu_0_memory_MB": 44.57275390625,
  "training_duration": "0:34:04.118001",
  "training_start_epoch": 0,
  "training_epochs": 35,
  "epoch": 35,
  "training_accuracy": 0.9903595405189052,
  "training_accuracy3": 0.9916413336541908,
  "training_precision-overall": 0.9566626855485412,
  "training_recall-overall": 0.9544235924932976,
  "training_f1-measure-overall": 0.9555418273224475,
  "training_loss": 8.745120186469006,
  "training_worker_0_memory_MB": 0.0,
  "training_gpu_0_memory_MB": 44.57275390625,
  "validation_accuracy": 0.9811728515244733,
  "validation_accuracy3": 0.9840348896071025,
  "validation_precision-overall": 0.8942036206610198,
  "validation_recall-overall": 0.9060922248401212,
  "validation_f1-measure-overall": 0.9001086683941657,
  "validation_loss": 31.307807426826628,
  "best_validation_accuracy": 0.9798878548343133,
  "best_validation_accuracy3": 0.9828083018574043,
  "best_validation_precision-overall": 0.8920863309352518,
  "best_validation_recall-overall": 0.8973409626388421,
  "best_validation_f1-measure-overall": 0.8947059317056302,
  "best_validation_loss": 26.585130046395694
}