{
  "best_epoch": 15,
  "peak_worker_0_memory_MB": 0,
  "peak_gpu_0_memory_MB": 44.57275390625,
  "training_duration": "0:40:41.340182",
  "training_start_epoch": 0,
  "training_epochs": 42,
  "epoch": 42,
  "training_accuracy": 0.9924958624110479,
  "training_accuracy3": 0.9935124569666194,
  "training_precision-overall": 0.9658320180864224,
  "training_recall-overall": 0.9635303629941699,
  "training_f1-measure-overall": 0.9646798176472596,
  "training_loss": 7.002095466865765,
  "training_worker_0_memory_MB": 0.0,
  "training_gpu_0_memory_MB": 44.57275390625,
  "validation_accuracy": 0.9810365639967291,
  "validation_accuracy3": 0.9839764806666407,
  "validation_precision-overall": 0.893783244680851,
  "validation_recall-overall": 0.9049141703130259,
  "validation_f1-measure-overall": 0.8993142665997159,
  "validation_loss": 32.713006814320885,
  "best_validation_accuracy": 0.9798878548343133,
  "best_validation_accuracy3": 0.9828083018574043,
  "best_validation_precision-overall": 0.8920863309352518,
  "best_validation_recall-overall": 0.8973409626388421,
  "best_validation_f1-measure-overall": 0.8947059317056302,
  "best_validation_loss": 26.585130046395694
}