{
  "best_epoch": 15,
  "peak_worker_0_memory_MB": 0,
  "peak_gpu_0_memory_MB": 44.44921875,
  "training_duration": "0:25:34.117690",
  "training_start_epoch": 0,
  "training_epochs": 26,
  "epoch": 26,
  "training_accuracy": 0.9888272820583338,
  "training_accuracy3": 0.990300607501191,
  "training_precision-overall": 0.9493551968571184,
  "training_recall-overall": 0.9460828120345547,
  "training_f1-measure-overall": 0.9477161796363291,
  "training_loss": 10.5132696275559,
  "training_worker_0_memory_MB": 0.0,
  "training_gpu_0_memory_MB": 44.44921875,
  "validation_accuracy": 0.9816206534013473,
  "validation_accuracy3": 0.9843853432498735,
  "validation_precision-overall": 0.9022468142186452,
  "validation_recall-overall": 0.905587344328509,
  "validation_f1-measure-overall": 0.9039139929446838,
  "validation_loss": 27.22989699419807,
  "best_validation_accuracy": 0.9798878548343133,
  "best_validation_accuracy3": 0.9828083018574043,
  "best_validation_precision-overall": 0.8920863309352518,
  "best_validation_recall-overall": 0.8973409626388421,
  "best_validation_f1-measure-overall": 0.8947059317056302,
  "best_validation_loss": 26.585130046395694
}