{
  "best_epoch": 6,
  "peak_worker_0_memory_MB": 0,
  "peak_gpu_0_memory_MB": 44.44921875,
  "training_duration": "0:06:39.115097",
  "training_start_epoch": 0,
  "training_epochs": 6,
  "epoch": 6,
  "training_accuracy": 0.9755673530726202,
  "training_accuracy3": 0.9791426228139534,
  "training_precision-overall": 0.8875714224341624,
  "training_recall-overall": 0.8791863483552491,
  "training_f1-measure-overall": 0.8833589875149149,
  "training_loss": 25.869557200368824,
  "training_worker_0_memory_MB": 0.0,
  "training_gpu_0_memory_MB": 44.44921875,
  "validation_accuracy": 0.9780577080331763,
  "validation_accuracy3": 0.9811728515244733,
  "validation_precision-overall": 0.8881446751507033,
  "validation_recall-overall": 0.8926287445304611,
  "validation_f1-measure-overall": 0.8903810642940578,
  "validation_loss": 26.738022738812017,
  "best_validation_accuracy": 0.9780577080331763,
  "best_validation_accuracy3": 0.9811728515244733,
  "best_validation_precision-overall": 0.8881446751507033,
  "best_validation_recall-overall": 0.8926287445304611,
  "best_validation_f1-measure-overall": 0.8903810642940578,
  "best_validation_loss": 26.738022738812017
}