{
  "best_epoch": 15,
  "peak_worker_0_memory_MB": 0,
  "peak_gpu_0_memory_MB": 44.57275390625,
  "training_duration": "0:51:06.037905",
  "training_start_epoch": 0,
  "training_epochs": 53,
  "epoch": 53,
  "training_accuracy": 0.9934977237121908,
  "training_accuracy3": 0.9942834972817146,
  "training_precision-overall": 0.9707988745843635,
  "training_recall-overall": 0.9691050683007788,
  "training_f1-measure-overall": 0.9699512319781428,
  "training_loss": 5.663385863727752,
  "training_worker_0_memory_MB": 0.0,
  "training_gpu_0_memory_MB": 44.57275390625,
  "validation_accuracy": 0.981192321171294,
  "validation_accuracy3": 0.9839375413729995,
  "validation_precision-overall": 0.8944130362487529,
  "validation_recall-overall": 0.9052507573207674,
  "validation_f1-measure-overall": 0.8997992639678323,
  "validation_loss": 34.924086682936725,
  "best_validation_accuracy": 0.9798878548343133,
  "best_validation_accuracy3": 0.9828083018574043,
  "best_validation_precision-overall": 0.8920863309352518,
  "best_validation_recall-overall": 0.8973409626388421,
  "best_validation_f1-measure-overall": 0.8947059317056302,
  "best_validation_loss": 26.585130046395694
}