{
  "best_epoch": 15,
  "peak_worker_0_memory_MB": 0,
  "peak_gpu_0_memory_MB": 44.57275390625,
  "training_duration": "0:33:07.454112",
  "training_start_epoch": 0,
  "training_epochs": 34,
  "epoch": 34,
  "training_accuracy": 0.9909144931023813,
  "training_accuracy3": 0.9920784202022385,
  "training_precision-overall": 0.9586301019320169,
  "training_recall-overall": 0.9565087876079833,
  "training_f1-measure-overall": 0.9575682699271004,
  "training_loss": 8.36864609272985,
  "training_worker_0_memory_MB": 0.0,
  "training_gpu_0_memory_MB": 44.57275390625,
  "validation_accuracy": 0.9811339122308321,
  "validation_accuracy3": 0.9840932985475643,
  "validation_precision-overall": 0.8949208992506245,
  "validation_recall-overall": 0.9044092898014137,
  "validation_f1-measure-overall": 0.89964007700673,
  "validation_loss": 30.898199829400756,
  "best_validation_accuracy": 0.9798878548343133,
  "best_validation_accuracy3": 0.9828083018574043,
  "best_validation_precision-overall": 0.8920863309352518,
  "best_validation_recall-overall": 0.8973409626388421,
  "best_validation_f1-measure-overall": 0.8947059317056302,
  "best_validation_loss": 26.585130046395694
}