{
  "best_epoch": 15,
  "peak_worker_0_memory_MB": 0,
  "peak_gpu_0_memory_MB": 44.57275390625,
  "training_duration": "1:04:22.395768",
  "training_start_epoch": 0,
  "training_epochs": 67,
  "epoch": 67,
  "training_accuracy": 0.9950250710879526,
  "training_accuracy3": 0.9955947569258573,
  "training_precision-overall": 0.977613849565069,
  "training_recall-overall": 0.9756585386612197,
  "training_f1-measure-overall": 0.9766352154373209,
  "training_loss": 4.342823738932338,
  "training_worker_0_memory_MB": 0.0,
  "training_gpu_0_memory_MB": 44.57275390625,
  "validation_accuracy": 0.981192321171294,
  "validation_accuracy3": 0.9840543592539231,
  "validation_precision-overall": 0.8919814446653412,
  "validation_recall-overall": 0.9060922248401212,
  "validation_f1-measure-overall": 0.8989814660209886,
  "validation_loss": 38.28945486218321,
  "best_validation_accuracy": 0.9798878548343133,
  "best_validation_accuracy3": 0.9828083018574043,
  "best_validation_precision-overall": 0.8920863309352518,
  "best_validation_recall-overall": 0.8973409626388421,
  "best_validation_f1-measure-overall": 0.8947059317056302,
  "best_validation_loss": 26.585130046395694
}