{
  "best_epoch": 15,
  "peak_worker_0_memory_MB": 0,
  "peak_gpu_0_memory_MB": 44.44921875,
  "training_duration": "0:27:27.900323",
  "training_start_epoch": 0,
  "training_epochs": 28,
  "epoch": 28,
  "training_accuracy": 0.9893871457266196,
  "training_accuracy3": 0.9907966270669528,
  "training_precision-overall": 0.9524114383269313,
  "training_recall-overall": 0.9496148772288182,
  "training_f1-measure-overall": 0.951011101877254,
  "training_loss": 9.975715099543265,
  "training_worker_0_memory_MB": 0.0,
  "training_gpu_0_memory_MB": 44.44921875,
  "validation_accuracy": 0.9802383084770843,
  "validation_accuracy3": 0.9832561037342783,
  "validation_precision-overall": 0.8922255588922255,
  "validation_recall-overall": 0.9000336587007741,
  "validation_f1-measure-overall": 0.896112600536143,
  "validation_loss": 30.116758131513407,
  "best_validation_accuracy": 0.9798878548343133,
  "best_validation_accuracy3": 0.9828083018574043,
  "best_validation_precision-overall": 0.8920863309352518,
  "best_validation_recall-overall": 0.8973409626388421,
  "best_validation_f1-measure-overall": 0.8947059317056302,
  "best_validation_loss": 26.585130046395694
}