{
  "best_epoch": 15,
  "peak_worker_0_memory_MB": 0,
  "peak_gpu_0_memory_MB": 44.57275390625,
  "training_duration": "0:45:25.156300",
  "training_start_epoch": 0,
  "training_epochs": 47,
  "epoch": 47,
  "training_accuracy": 0.9927708831603813,
  "training_accuracy3": 0.9937383668678574,
  "training_precision-overall": 0.9684286872306839,
  "training_recall-overall": 0.9659559981275799,
  "training_f1-measure-overall": 0.9671907622821095,
  "training_loss": 6.218549842443444,
  "training_worker_0_memory_MB": 0.0,
  "training_gpu_0_memory_MB": 44.57275390625,
  "validation_accuracy": 0.9808808068221643,
  "validation_accuracy3": 0.983762314551614,
  "validation_precision-overall": 0.8915642643639987,
  "validation_recall-overall": 0.9035678222820599,
  "validation_f1-measure-overall": 0.897525911066483,
  "validation_loss": 36.11714396757238,
  "best_validation_accuracy": 0.9798878548343133,
  "best_validation_accuracy3": 0.9828083018574043,
  "best_validation_precision-overall": 0.8920863309352518,
  "best_validation_recall-overall": 0.8973409626388421,
  "best_validation_f1-measure-overall": 0.8947059317056302,
  "best_validation_loss": 26.585130046395694
}