{
  "best_epoch": 15,
  "peak_worker_0_memory_MB": 0,
  "peak_gpu_0_memory_MB": 46.54345703125,
  "training_duration": "1:24:18.371758",
  "training_start_epoch": 0,
  "training_epochs": 88,
  "epoch": 88,
  "training_accuracy": 0.9959679993713811,
  "training_accuracy3": 0.9964738411067621,
  "training_precision-overall": 0.9820057990789698,
  "training_recall-overall": 0.9800417039022937,
  "training_f1-measure-overall": 0.9810227684180881,
  "training_loss": 3.564959881245954,
  "training_worker_0_memory_MB": 0.0,
  "training_gpu_0_memory_MB": 46.54345703125,
  "validation_accuracy": 0.9820879249250418,
  "validation_accuracy3": 0.9847163272458238,
  "validation_precision-overall": 0.8998671537695118,
  "validation_recall-overall": 0.9119824974755975,
  "validation_f1-measure-overall": 0.9058843196254933,
  "validation_loss": 38.99223186455521,
  "best_validation_accuracy": 0.9798878548343133,
  "best_validation_accuracy3": 0.9828083018574043,
  "best_validation_precision-overall": 0.8920863309352518,
  "best_validation_recall-overall": 0.8973409626388421,
  "best_validation_f1-measure-overall": 0.8947059317056302,
  "best_validation_loss": 26.585130046395694
}