{
  "best_epoch": 15,
  "peak_worker_0_memory_MB": 0,
  "peak_gpu_0_memory_MB": 46.54345703125,
  "training_duration": "1:34:43.321095",
  "training_start_epoch": 0,
  "training_epochs": 99,
  "epoch": 99,
  "training_accuracy": 0.9965376852092859,
  "training_accuracy3": 0.9968961944003811,
  "training_precision-overall": 0.9836574881899817,
  "training_recall-overall": 0.9835737690965572,
  "training_f1-measure-overall": 0.9836156268618106,
  "training_loss": 2.8824484212523442,
  "training_worker_0_memory_MB": 0.0,
  "training_gpu_0_memory_MB": 46.54345703125,
  "validation_accuracy": 0.9819516373972976,
  "validation_accuracy3": 0.9846968575990032,
  "validation_precision-overall": 0.8971760797342193,
  "validation_recall-overall": 0.9089532144059239,
  "validation_f1-measure-overall": 0.9030262497909549,
  "validation_loss": 41.08590201770558,
  "best_validation_accuracy": 0.9798878548343133,
  "best_validation_accuracy3": 0.9828083018574043,
  "best_validation_precision-overall": 0.8920863309352518,
  "best_validation_recall-overall": 0.8973409626388421,
  "best_validation_f1-measure-overall": 0.8947059317056302,
  "best_validation_loss": 26.585130046395694,
  "test_accuracy": 0.9678690642834069,
  "test_accuracy3": 0.9736836438031657,
  "test_precision-overall": 0.8383590462833099,
  "test_recall-overall": 0.8466713881019831,
  "test_f1-measure-overall": 0.842494714587688,
  "test_loss": 41.53386776535599
}