{
  "best_epoch": 15,
  "peak_worker_0_memory_MB": 0,
  "peak_gpu_0_memory_MB": 44.44921875,
  "training_duration": "0:26:31.588935",
  "training_start_epoch": 0,
  "training_epochs": 27,
  "epoch": 27,
  "training_accuracy": 0.9890433697899529,
  "training_accuracy3": 0.9905854504201433,
  "training_precision-overall": 0.9504185172531602,
  "training_recall-overall": 0.9470615770883868,
  "training_f1-measure-overall": 0.9487370776936516,
  "training_loss": 9.98697095254016,
  "training_worker_0_memory_MB": 0.0,
  "training_gpu_0_memory_MB": 44.44921875,
  "validation_accuracy": 0.9808029282348818,
  "validation_accuracy3": 0.9836844359643316,
  "validation_precision-overall": 0.8945963975983989,
  "validation_recall-overall": 0.9027263547627061,
  "validation_f1-measure-overall": 0.8986429887752894,
  "validation_loss": 28.141713067597035,
  "best_validation_accuracy": 0.9798878548343133,
  "best_validation_accuracy3": 0.9828083018574043,
  "best_validation_precision-overall": 0.8920863309352518,
  "best_validation_recall-overall": 0.8973409626388421,
  "best_validation_f1-measure-overall": 0.8947059317056302,
  "best_validation_loss": 26.585130046395694
}