{
  "best_epoch": 15,
  "peak_worker_0_memory_MB": 0,
  "peak_gpu_0_memory_MB": 44.57275390625,
  "training_duration": "1:09:07.631824",
  "training_start_epoch": 0,
  "training_epochs": 72,
  "epoch": 72,
  "training_accuracy": 0.9952951807524764,
  "training_accuracy3": 0.9959090663536668,
  "training_precision-overall": 0.9778071221673198,
  "training_recall-overall": 0.9768500787267543,
  "training_f1-measure-overall": 0.9773283661521586,
  "training_loss": 4.0965759265395665,
  "training_worker_0_memory_MB": 0.0,
  "training_gpu_0_memory_MB": 44.57275390625,
  "validation_accuracy": 0.9820489856314006,
  "validation_accuracy3": 0.9846773879521825,
  "validation_precision-overall": 0.898406374501992,
  "validation_recall-overall": 0.9108044429485022,
  "validation_f1-measure-overall": 0.9045629282967911,
  "validation_loss": 36.85376982127919,
  "best_validation_accuracy": 0.9798878548343133,
  "best_validation_accuracy3": 0.9828083018574043,
  "best_validation_precision-overall": 0.8920863309352518,
  "best_validation_recall-overall": 0.8973409626388421,
  "best_validation_f1-measure-overall": 0.8947059317056302,
  "best_validation_loss": 26.585130046395694
}