{
  "best_epoch": 15,
  "peak_worker_0_memory_MB": 0,
  "peak_gpu_0_memory_MB": 44.44921875,
  "training_duration": "0:23:40.455956",
  "training_start_epoch": 0,
  "training_epochs": 24,
  "epoch": 24,
  "training_accuracy": 0.9881888410330958,
  "training_accuracy3": 0.9896572553911434,
  "training_precision-overall": 0.9479892303089875,
  "training_recall-overall": 0.9439550619175284,
  "training_f1-measure-overall": 0.9459678451106157,
  "training_loss": 11.482078227475455,
  "training_worker_0_memory_MB": 0.0,
  "training_gpu_0_memory_MB": 44.44921875,
  "validation_accuracy": 0.9801214905961606,
  "validation_accuracy3": 0.9830808769128928,
  "validation_precision-overall": 0.8900732844770153,
  "validation_recall-overall": 0.8993604846852912,
  "validation_f1-measure-overall": 0.8946927841954966,
  "validation_loss": 29.632100254881617,
  "best_validation_accuracy": 0.9798878548343133,
  "best_validation_accuracy3": 0.9828083018574043,
  "best_validation_precision-overall": 0.8920863309352518,
  "best_validation_recall-overall": 0.8973409626388421,
  "best_validation_f1-measure-overall": 0.8947059317056302,
  "best_validation_loss": 26.585130046395694
}