{
  "best_epoch": 15,
  "peak_worker_0_memory_MB": 0,
  "peak_gpu_0_memory_MB": 46.54345703125,
  "training_duration": "1:23:21.032702",
  "training_start_epoch": 0,
  "training_epochs": 87,
  "epoch": 87,
  "training_accuracy": 0.996144798424524,
  "training_accuracy3": 0.9966555512447145,
  "training_precision-overall": 0.9819451541475047,
  "training_recall-overall": 0.9813183539725094,
  "training_f1-measure-overall": 0.9816316540024616,
  "training_loss": 3.352305926603174,
  "training_worker_0_memory_MB": 0.0,
  "training_gpu_0_memory_MB": 46.54345703125,
  "validation_accuracy": 0.9817569409290915,
  "validation_accuracy3": 0.9844437521903353,
  "validation_precision-overall": 0.8986228637796582,
  "validation_recall-overall": 0.9114776169639852,
  "validation_f1-measure-overall": 0.9050045952042277,
  "validation_loss": 39.54099081076828,
  "best_validation_accuracy": 0.9798878548343133,
  "best_validation_accuracy3": 0.9828083018574043,
  "best_validation_precision-overall": 0.8920863309352518,
  "best_validation_recall-overall": 0.8973409626388421,
  "best_validation_f1-measure-overall": 0.8947059317056302,
  "best_validation_loss": 26.585130046395694
}