{
  "best_epoch": 15,
  "peak_worker_0_memory_MB": 0,
  "peak_gpu_0_memory_MB": 46.54345703125,
  "training_duration": "1:21:26.670170",
  "training_start_epoch": 0,
  "training_epochs": 85,
  "epoch": 85,
  "training_accuracy": 0.9963215974776668,
  "training_accuracy3": 0.9967930616193811,
  "training_precision-overall": 0.9834626204074673,
  "training_recall-overall": 0.9819141240052768,
  "training_f1-measure-overall": 0.9826877621855934,
  "training_loss": 3.333739946534802,
  "training_worker_0_memory_MB": 0.0,
  "training_gpu_0_memory_MB": 46.54345703125,
  "validation_accuracy": 0.9818932284568358,
  "validation_accuracy3": 0.9846384486585413,
  "validation_precision-overall": 0.8966146697643544,
  "validation_recall-overall": 0.9092898014136654,
  "validation_f1-measure-overall": 0.9029077540106453,
  "validation_loss": 40.17000722885132,
  "best_validation_accuracy": 0.9798878548343133,
  "best_validation_accuracy3": 0.9828083018574043,
  "best_validation_precision-overall": 0.8920863309352518,
  "best_validation_recall-overall": 0.8973409626388421,
  "best_validation_f1-measure-overall": 0.8947059317056302,
  "best_validation_loss": 26.585130046395694
}