{
  "best_epoch": 15,
  "peak_worker_0_memory_MB": 0,
  "peak_gpu_0_memory_MB": 44.57275390625,
  "training_duration": "0:46:22.224790",
  "training_start_epoch": 0,
  "training_epochs": 48,
  "epoch": 48,
  "training_accuracy": 0.9929869708920004,
  "training_accuracy3": 0.9939053437513813,
  "training_precision-overall": 0.9685314685314685,
  "training_recall-overall": 0.9665943231626878,
  "training_f1-measure-overall": 0.9675619262635015,
  "training_loss": 6.270303807660496,
  "training_worker_0_memory_MB": 0.0,
  "training_gpu_0_memory_MB": 44.57275390625,
  "validation_accuracy": 0.9812507301117558,
  "validation_accuracy3": 0.984210116428488,
  "validation_precision-overall": 0.8941587618572142,
  "validation_recall-overall": 0.904240996297543,
  "validation_f1-measure-overall": 0.8991716174378215,
  "validation_loss": 34.18617899277631,
  "best_validation_accuracy": 0.9798878548343133,
  "best_validation_accuracy3": 0.9828083018574043,
  "best_validation_precision-overall": 0.8920863309352518,
  "best_validation_recall-overall": 0.8973409626388421,
  "best_validation_f1-measure-overall": 0.8947059317056302,
  "best_validation_loss": 26.585130046395694
}