{
  "best_epoch": 15,
  "peak_worker_0_memory_MB": 0,
  "peak_gpu_0_memory_MB": 46.54345703125,
  "training_duration": "1:13:51.945444",
  "training_start_epoch": 0,
  "training_epochs": 77,
  "epoch": 77,
  "training_accuracy": 0.9958059335726669,
  "training_accuracy3": 0.9963363307320954,
  "training_precision-overall": 0.9810773951585408,
  "training_recall-overall": 0.9796161538788885,
  "training_f1-measure-overall": 0.9803462300108096,
  "training_loss": 3.7355764938649934,
  "training_worker_0_memory_MB": 0.0,
  "training_gpu_0_memory_MB": 46.54345703125,
  "validation_accuracy": 0.9809586854094466,
  "validation_accuracy3": 0.9837233752579728,
  "validation_precision-overall": 0.8921519827443173,
  "validation_recall-overall": 0.9049141703130259,
  "validation_f1-measure-overall": 0.8984877600467376,
  "validation_loss": 40.76889226950851,
  "best_validation_accuracy": 0.9798878548343133,
  "best_validation_accuracy3": 0.9828083018574043,
  "best_validation_precision-overall": 0.8920863309352518,
  "best_validation_recall-overall": 0.8973409626388421,
  "best_validation_f1-measure-overall": 0.8947059317056302,
  "best_validation_loss": 26.585130046395694
}