{
  "best_epoch": 15,
  "peak_worker_0_memory_MB": 0,
  "peak_gpu_0_memory_MB": 44.57275390625,
  "training_duration": "1:03:25.495969",
  "training_start_epoch": 0,
  "training_epochs": 66,
  "epoch": 66,
  "training_accuracy": 0.9947647835930479,
  "training_accuracy3": 0.9953099140069049,
  "training_precision-overall": 0.9772059136807124,
  "training_recall-overall": 0.9760415336822843,
  "training_f1-measure-overall": 0.9766233766233268,
  "training_loss": 4.511627743618907,
  "training_worker_0_memory_MB": 0.0,
  "training_gpu_0_memory_MB": 44.57275390625,
  "validation_accuracy": 0.9809976247030879,
  "validation_accuracy3": 0.9836844359643316,
  "validation_precision-overall": 0.8940980881130507,
  "validation_recall-overall": 0.9050824638168967,
  "validation_f1-measure-overall": 0.8995567450028773,
  "validation_loss": 37.72467584235996,
  "best_validation_accuracy": 0.9798878548343133,
  "best_validation_accuracy3": 0.9828083018574043,
  "best_validation_precision-overall": 0.8920863309352518,
  "best_validation_recall-overall": 0.8973409626388421,
  "best_validation_f1-measure-overall": 0.8947059317056302,
  "best_validation_loss": 26.585130046395694
}