{
  "best_epoch": 15,
  "peak_worker_0_memory_MB": 0,
  "peak_gpu_0_memory_MB": 44.57275390625,
  "training_duration": "0:35:57.480409",
  "training_start_epoch": 0,
  "training_epochs": 37,
  "epoch": 37,
  "training_accuracy": 0.9910912921555243,
  "training_accuracy3": 0.9922650414250004,
  "training_precision-overall": 0.9598599368007515,
  "training_recall-overall": 0.9565513426103238,
  "training_f1-measure-overall": 0.9582027836391427,
  "training_loss": 7.8569465270075005,
  "training_worker_0_memory_MB": 0.0,
  "training_gpu_0_memory_MB": 44.57275390625,
  "validation_accuracy": 0.9809586854094466,
  "validation_accuracy3": 0.9837428449047935,
  "validation_precision-overall": 0.8941137235284309,
  "validation_recall-overall": 0.9023897677549647,
  "validation_f1-measure-overall": 0.898232682804205,
  "validation_loss": 32.2041844106188,
  "best_validation_accuracy": 0.9798878548343133,
  "best_validation_accuracy3": 0.9828083018574043,
  "best_validation_precision-overall": 0.8920863309352518,
  "best_validation_recall-overall": 0.8973409626388421,
  "best_validation_f1-measure-overall": 0.8947059317056302,
  "best_validation_loss": 26.585130046395694
}