{
  "best_epoch": 15,
  "peak_worker_0_memory_MB": 0,
  "peak_gpu_0_memory_MB": 44.44921875,
  "training_duration": "0:29:20.966801",
  "training_start_epoch": 0,
  "training_epochs": 30,
  "epoch": 30,
  "training_accuracy": 0.9900599643455242,
  "training_accuracy3": 0.991371223989667,
  "training_precision-overall": 0.9548888225001066,
  "training_recall-overall": 0.9521256223669092,
  "training_f1-measure-overall": 0.9535052205411816,
  "training_loss": 9.314548934510738,
  "training_worker_0_memory_MB": 0.0,
  "training_gpu_0_memory_MB": 44.44921875,
  "validation_accuracy": 0.9808223978817024,
  "validation_accuracy3": 0.983664966317511,
  "validation_precision-overall": 0.8926788685524126,
  "validation_recall-overall": 0.902894648266577,
  "validation_f1-measure-overall": 0.8977576974564427,
  "validation_loss": 32.990371984594006,
  "best_validation_accuracy": 0.9798878548343133,
  "best_validation_accuracy3": 0.9828083018574043,
  "best_validation_precision-overall": 0.8920863309352518,
  "best_validation_recall-overall": 0.8973409626388421,
  "best_validation_f1-measure-overall": 0.8947059317056302,
  "best_validation_loss": 26.585130046395694
}