{
  "best_epoch": 4,
  "peak_worker_0_memory_MB": 0,
  "peak_gpu_0_memory_MB": 44.44921875,
  "training_duration": "0:04:45.635391",
  "training_start_epoch": 0,
  "training_epochs": 4,
  "epoch": 4,
  "training_accuracy": 0.9714223974933823,
  "training_accuracy3": 0.9755427976485725,
  "training_precision-overall": 0.870198105081826,
  "training_recall-overall": 0.8598663772926507,
  "training_f1-measure-overall": 0.8650013912968527,
  "training_loss": 30.525045636031514,
  "training_worker_0_memory_MB": 0.0,
  "training_gpu_0_memory_MB": 44.44921875,
  "validation_accuracy": 0.9752735485378295,
  "validation_accuracy3": 0.9786612670846151,
  "validation_precision-overall": 0.87283044058745,
  "validation_recall-overall": 0.8801750252440256,
  "validation_f1-measure-overall": 0.8764873470755324,
  "validation_loss": 30.71242797608469,
  "best_validation_accuracy": 0.9752735485378295,
  "best_validation_accuracy3": 0.9786612670846151,
  "best_validation_precision-overall": 0.87283044058745,
  "best_validation_recall-overall": 0.8801750252440256,
  "best_validation_f1-measure-overall": 0.8764873470755324,
  "best_validation_loss": 30.71242797608469
}