{
  "best_epoch": 15,
  "peak_worker_0_memory_MB": 0,
  "peak_gpu_0_memory_MB": 46.54345703125,
  "training_duration": "1:33:46.385502",
  "training_start_epoch": 0,
  "training_epochs": 98,
  "epoch": 98,
  "training_accuracy": 0.9966506401599049,
  "training_accuracy3": 0.9970386158598573,
  "training_precision-overall": 0.9848407426332823,
  "training_recall-overall": 0.9842120941316652,
  "training_f1-measure-overall": 0.9845263180298757,
  "training_loss": 2.8782115199842866,
  "training_worker_0_memory_MB": 0.0,
  "training_gpu_0_memory_MB": 46.54345703125,
  "validation_accuracy": 0.9815233051672443,
  "validation_accuracy3": 0.9842685253689498,
  "validation_precision-overall": 0.8952349327577619,
  "validation_recall-overall": 0.9074385728710872,
  "validation_f1-measure-overall": 0.901295445048007,
  "validation_loss": 41.345768657385136,
  "best_validation_accuracy": 0.9798878548343133,
  "best_validation_accuracy3": 0.9828083018574043,
  "best_validation_precision-overall": 0.8920863309352518,
  "best_validation_recall-overall": 0.8973409626388421,
  "best_validation_f1-measure-overall": 0.8947059317056302,
  "best_validation_loss": 26.585130046395694
}