{
  "best_epoch": 15,
  "peak_worker_0_memory_MB": 0,
  "peak_gpu_0_memory_MB": 46.54345703125,
  "training_duration": "1:15:45.300494",
  "training_start_epoch": 0,
  "training_epochs": 79,
  "epoch": 79,
  "training_accuracy": 0.9956635121131907,
  "training_accuracy3": 0.9961251540852859,
  "training_precision-overall": 0.9802836094195801,
  "training_recall-overall": 0.9796161538788885,
  "training_f1-measure-overall": 0.979949767996204,
  "training_loss": 3.5926319140779674,
  "training_worker_0_memory_MB": 0.0,
  "training_gpu_0_memory_MB": 46.54345703125,
  "validation_accuracy": 0.9816595926949885,
  "validation_accuracy3": 0.9844632218371558,
  "validation_precision-overall": 0.8957676348547717,
  "validation_recall-overall": 0.908280040390441,
  "validation_f1-measure-overall": 0.9019804462270746,
  "validation_loss": 39.689274713104844,
  "best_validation_accuracy": 0.9798878548343133,
  "best_validation_accuracy3": 0.9828083018574043,
  "best_validation_precision-overall": 0.8920863309352518,
  "best_validation_recall-overall": 0.8973409626388421,
  "best_validation_f1-measure-overall": 0.8947059317056302,
  "best_validation_loss": 26.585130046395694
}