{
  "best_epoch": 15,
  "peak_worker_0_memory_MB": 0,
  "peak_gpu_0_memory_MB": 44.57275390625,
  "training_duration": "0:52:03.265016",
  "training_start_epoch": 0,
  "training_epochs": 54,
  "epoch": 54,
  "training_accuracy": 0.9938856994121431,
  "training_accuracy3": 0.9946321843031908,
  "training_precision-overall": 0.9725822957530275,
  "training_recall-overall": 0.9706370483850376,
  "training_f1-measure-overall": 0.9716086984302283,
  "training_loss": 5.296354062464895,
  "training_worker_0_memory_MB": 0.0,
  "training_gpu_0_memory_MB": 44.57275390625,
  "validation_accuracy": 0.9816790623418091,
  "validation_accuracy3": 0.9842295860753086,
  "validation_precision-overall": 0.8964196502914238,
  "validation_recall-overall": 0.9059239313362504,
  "validation_f1-measure-overall": 0.9011467313969534,
  "validation_loss": 35.55758764229569,
  "best_validation_accuracy": 0.9798878548343133,
  "best_validation_accuracy3": 0.9828083018574043,
  "best_validation_precision-overall": 0.8920863309352518,
  "best_validation_recall-overall": 0.8973409626388421,
  "best_validation_f1-measure-overall": 0.8947059317056302,
  "best_validation_loss": 26.585130046395694
}