{
  "best_epoch": 15,
  "peak_worker_0_memory_MB": 0,
  "peak_gpu_0_memory_MB": 44.57275390625,
  "training_duration": "0:39:44.688542",
  "training_start_epoch": 0,
  "training_epochs": 41,
  "epoch": 41,
  "training_accuracy": 0.991567667382048,
  "training_accuracy3": 0.9926088173616671,
  "training_precision-overall": 0.9630515569604032,
  "training_recall-overall": 0.9594450827694796,
  "training_f1-measure-overall": 0.9612449371135718,
  "training_loss": 7.288729098500315,
  "training_worker_0_memory_MB": 0.0,
  "training_gpu_0_memory_MB": 44.57275390625,
  "validation_accuracy": 0.9811144425840115,
  "validation_accuracy3": 0.9839375413729995,
  "validation_precision-overall": 0.8938965574588392,
  "validation_recall-overall": 0.9045775833052844,
  "validation_f1-measure-overall": 0.8992053534085658,
  "validation_loss": 33.12847260867848,
  "best_validation_accuracy": 0.9798878548343133,
  "best_validation_accuracy3": 0.9828083018574043,
  "best_validation_precision-overall": 0.8920863309352518,
  "best_validation_recall-overall": 0.8973409626388421,
  "best_validation_f1-measure-overall": 0.8947059317056302,
  "best_validation_loss": 26.585130046395694
}