{
  "best_epoch": 6,
  "peak_worker_0_memory_MB": 0,
  "peak_gpu_0_memory_MB": 44.44921875,
  "training_duration": "0:12:19.896413",
  "training_start_epoch": 0,
  "training_epochs": 12,
  "epoch": 12,
  "training_accuracy": 0.9815392322010009,
  "training_accuracy3": 0.9842354177614293,
  "training_precision-overall": 0.9173164253277354,
  "training_recall-overall": 0.9111877101153241,
  "training_f1-measure-overall": 0.9142417967165017,
  "training_loss": 18.091346569104726,
  "training_worker_0_memory_MB": 0.0,
  "training_gpu_0_memory_MB": 44.44921875,
  "validation_accuracy": 0.9787196760250769,
  "validation_accuracy3": 0.9813286086990382,
  "validation_precision-overall": 0.8862425049966689,
  "validation_recall-overall": 0.8954897340962639,
  "validation_f1-measure-overall": 0.8908421228862718,
  "validation_loss": 28.148137513329,
  "best_validation_accuracy": 0.9780577080331763,
  "best_validation_accuracy3": 0.9811728515244733,
  "best_validation_precision-overall": 0.8881446751507033,
  "best_validation_recall-overall": 0.8926287445304611,
  "best_validation_f1-measure-overall": 0.8903810642940578,
  "best_validation_loss": 26.738022738812017
}