{
  "best_epoch": 15,
  "peak_worker_0_memory_MB": 0,
  "peak_gpu_0_memory_MB": 44.57275390625,
  "training_duration": "0:55:50.236439",
  "training_start_epoch": 0,
  "training_epochs": 58,
  "epoch": 58,
  "training_accuracy": 0.9937039892741908,
  "training_accuracy3": 0.9945241404373812,
  "training_precision-overall": 0.9724958423947806,
  "training_recall-overall": 0.9705093833780161,
  "training_f1-measure-overall": 0.9715015974440395,
  "training_loss": 5.514494787316116,
  "training_worker_0_memory_MB": 0.0,
  "training_gpu_0_memory_MB": 44.57275390625,
  "validation_accuracy": 0.9816985319886298,
  "validation_accuracy3": 0.9840932985475643,
  "validation_precision-overall": 0.8959681433549029,
  "validation_recall-overall": 0.9087849209020532,
  "validation_f1-measure-overall": 0.9023310218062831,
  "validation_loss": 36.87305042790432,
  "best_validation_accuracy": 0.9798878548343133,
  "best_validation_accuracy3": 0.9828083018574043,
  "best_validation_precision-overall": 0.8920863309352518,
  "best_validation_recall-overall": 0.8973409626388421,
  "best_validation_f1-measure-overall": 0.8947059317056302,
  "best_validation_loss": 26.585130046395694
}