{
  "best_epoch": 15,
  "peak_worker_0_memory_MB": 0,
  "peak_gpu_0_memory_MB": 46.54345703125,
  "training_duration": "1:22:23.712158",
  "training_start_epoch": 0,
  "training_epochs": 86,
  "epoch": 86,
  "training_accuracy": 0.9964836632763812,
  "training_accuracy3": 0.9968912833155715,
  "training_precision-overall": 0.9835765646938689,
  "training_recall-overall": 0.9837439891059194,
  "training_f1-measure-overall": 0.9836602697757044,
  "training_loss": 3.253857194970029,
  "training_worker_0_memory_MB": 0.0,
  "training_gpu_0_memory_MB": 46.54345703125,
  "validation_accuracy": 0.9818542891631946,
  "validation_accuracy3": 0.9845411004244383,
  "validation_precision-overall": 0.8954951970851275,
  "validation_recall-overall": 0.9099629754291484,
  "validation_f1-measure-overall": 0.9026711185308347,
  "validation_loss": 41.52018715353573,
  "best_validation_accuracy": 0.9798878548343133,
  "best_validation_accuracy3": 0.9828083018574043,
  "best_validation_precision-overall": 0.8920863309352518,
  "best_validation_recall-overall": 0.8973409626388421,
  "best_validation_f1-measure-overall": 0.8947059317056302,
  "best_validation_loss": 26.585130046395694
}