{
  "best_epoch": 15,
  "peak_worker_0_memory_MB": 0,
  "peak_gpu_0_memory_MB": 44.57275390625,
  "training_duration": "0:41:38.118415",
  "training_start_epoch": 0,
  "training_epochs": 43,
  "epoch": 43,
  "training_accuracy": 0.9927168612274765,
  "training_accuracy3": 0.9936450562564765,
  "training_precision-overall": 0.966839996590231,
  "training_recall-overall": 0.9653176730924721,
  "training_f1-measure-overall": 0.9660782351312291,
  "training_loss": 6.6115816003369305,
  "training_worker_0_memory_MB": 0.0,
  "training_gpu_0_memory_MB": 44.57275390625,
  "validation_accuracy": 0.9811728515244733,
  "validation_accuracy3": 0.9839764806666407,
  "validation_precision-overall": 0.8958333333333334,
  "validation_recall-overall": 0.9045775833052844,
  "validation_f1-measure-overall": 0.900184223748066,
  "validation_loss": 32.66636012582218,
  "best_validation_accuracy": 0.9798878548343133,
  "best_validation_accuracy3": 0.9828083018574043,
  "best_validation_precision-overall": 0.8920863309352518,
  "best_validation_recall-overall": 0.8973409626388421,
  "best_validation_f1-measure-overall": 0.8947059317056302,
  "best_validation_loss": 26.585130046395694
}