{
  "best_epoch": 15,
  "peak_worker_0_memory_MB": 0,
  "peak_gpu_0_memory_MB": 46.54345703125,
  "training_duration": "1:25:15.024940",
  "training_start_epoch": 0,
  "training_epochs": 89,
  "epoch": 89,
  "training_accuracy": 0.9961300651700954,
  "training_accuracy3": 0.9965966182270002,
  "training_precision-overall": 0.9828695615119103,
  "training_recall-overall": 0.9815311289842121,
  "training_f1-measure-overall": 0.982199889281558,
  "training_loss": 3.2687756233171883,
  "training_worker_0_memory_MB": 0.0,
  "training_gpu_0_memory_MB": 46.54345703125,
  "validation_accuracy": 0.9817958802227328,
  "validation_accuracy3": 0.9844632218371558,
  "validation_precision-overall": 0.8975933609958506,
  "validation_recall-overall": 0.9101312689330192,
  "validation_f1-measure-overall": 0.9038188351298908,
  "validation_loss": 38.92187202678007,
  "best_validation_accuracy": 0.9798878548343133,
  "best_validation_accuracy3": 0.9828083018574043,
  "best_validation_precision-overall": 0.8920863309352518,
  "best_validation_recall-overall": 0.8973409626388421,
  "best_validation_f1-measure-overall": 0.8947059317056302,
  "best_validation_loss": 26.585130046395694
}