{
  "best_epoch": 15,
  "peak_worker_0_memory_MB": 0,
  "peak_gpu_0_memory_MB": 46.54345703125,
  "training_duration": "1:31:52.614652",
  "training_start_epoch": 0,
  "training_epochs": 96,
  "epoch": 96,
  "training_accuracy": 0.9963166863928573,
  "training_accuracy3": 0.9967930616193811,
  "training_precision-overall": 0.9832630637536732,
  "training_recall-overall": 0.9825098940380441,
  "training_f1-measure-overall": 0.9828863346104225,
  "training_loss": 3.2375059719780857,
  "training_worker_0_memory_MB": 0.0,
  "training_gpu_0_memory_MB": 46.54345703125,
  "validation_accuracy": 0.9827304232701218,
  "validation_accuracy3": 0.9854172345313656,
  "validation_precision-overall": 0.9022931206380858,
  "validation_recall-overall": 0.9138337260181757,
  "validation_f1-measure-overall": 0.9080267558527929,
  "validation_loss": 37.47979230506748,
  "best_validation_accuracy": 0.9798878548343133,
  "best_validation_accuracy3": 0.9828083018574043,
  "best_validation_precision-overall": 0.8920863309352518,
  "best_validation_recall-overall": 0.8973409626388421,
  "best_validation_f1-measure-overall": 0.8947059317056302,
  "best_validation_loss": 26.585130046395694
}