{
  "best_epoch": 15,
  "peak_worker_0_memory_MB": 0,
  "peak_gpu_0_memory_MB": 44.57275390625,
  "training_duration": "0:58:41.423931",
  "training_start_epoch": 0,
  "training_epochs": 61,
  "epoch": 61,
  "training_accuracy": 0.9943129637905717,
  "training_accuracy3": 0.9949612269854288,
  "training_precision-overall": 0.9751449522510232,
  "training_recall-overall": 0.9733605685348312,
  "training_f1-measure-overall": 0.974251943349966,
  "training_loss": 4.745628588291941,
  "training_worker_0_memory_MB": 0.0,
  "training_gpu_0_memory_MB": 44.57275390625,
  "validation_accuracy": 0.98074451929442,
  "validation_accuracy3": 0.983470269849305,
  "validation_precision-overall": 0.8907312220195656,
  "validation_recall-overall": 0.9040727027936721,
  "validation_f1-measure-overall": 0.8973523761796878,
  "validation_loss": 40.088710971907076,
  "best_validation_accuracy": 0.9798878548343133,
  "best_validation_accuracy3": 0.9828083018574043,
  "best_validation_precision-overall": 0.8920863309352518,
  "best_validation_recall-overall": 0.8973409626388421,
  "best_validation_f1-measure-overall": 0.8947059317056302,
  "best_validation_loss": 26.585130046395694
}