{
  "best_epoch": 15,
  "peak_worker_0_memory_MB": 0,
  "peak_gpu_0_memory_MB": 46.54345703125,
  "training_duration": "1:30:56.281949",
  "training_start_epoch": 0,
  "training_epochs": 95,
  "epoch": 95,
  "training_accuracy": 0.9963314196472859,
  "training_accuracy3": 0.9968077948738097,
  "training_precision-overall": 0.9835249042145594,
  "training_recall-overall": 0.9831482190731521,
  "training_f1-measure-overall": 0.9833365255697643,
  "training_loss": 3.0405261836996926,
  "training_worker_0_memory_MB": 0.0,
  "training_gpu_0_memory_MB": 46.54345703125,
  "validation_accuracy": 0.9819126981036564,
  "validation_accuracy3": 0.9846773879521825,
  "validation_precision-overall": 0.898040518100299,
  "validation_recall-overall": 0.9101312689330192,
  "validation_f1-measure-overall": 0.9040454697425111,
  "validation_loss": 39.55847190408146,
  "best_validation_accuracy": 0.9798878548343133,
  "best_validation_accuracy3": 0.9828083018574043,
  "best_validation_precision-overall": 0.8920863309352518,
  "best_validation_recall-overall": 0.8973409626388421,
  "best_validation_f1-measure-overall": 0.8947059317056302,
  "best_validation_loss": 26.585130046395694
}