{
  "best_epoch": 15,
  "peak_worker_0_memory_MB": 0,
  "peak_gpu_0_memory_MB": 44.44921875,
  "training_duration": "0:30:17.529850",
  "training_start_epoch": 0,
  "training_epochs": 31,
  "epoch": 31,
  "training_accuracy": 0.9900059424126195,
  "training_accuracy3": 0.9913663129048575,
  "training_precision-overall": 0.9545357524012806,
  "training_recall-overall": 0.9515298523341419,
  "training_f1-measure-overall": 0.9530304321881692,
  "training_loss": 9.234443358245363,
  "training_worker_0_memory_MB": 0.0,
  "training_gpu_0_memory_MB": 44.44921875,
  "validation_accuracy": 0.9804914138857521,
  "validation_accuracy3": 0.9837233752579728,
  "validation_precision-overall": 0.8904269513008672,
  "validation_recall-overall": 0.8985190171659374,
  "validation_f1-measure-overall": 0.8944546825263364,
  "validation_loss": 33.84441420143726,
  "best_validation_accuracy": 0.9798878548343133,
  "best_validation_accuracy3": 0.9828083018574043,
  "best_validation_precision-overall": 0.8920863309352518,
  "best_validation_recall-overall": 0.8973409626388421,
  "best_validation_f1-measure-overall": 0.8947059317056302,
  "best_validation_loss": 26.585130046395694
}