{
  "best_epoch": 3,
  "peak_worker_0_memory_MB": 0,
  "peak_gpu_0_memory_MB": 44.44921875,
  "training_duration": "0:03:48.832959",
  "training_start_epoch": 0,
  "training_epochs": 3,
  "epoch": 3,
  "training_accuracy": 0.9680877709077158,
  "training_accuracy3": 0.9728859007666203,
  "training_precision-overall": 0.8564764825292619,
  "training_recall-overall": 0.8438656964126133,
  "training_f1-measure-overall": 0.8501243247877406,
  "training_loss": 34.37652185131586,
  "training_worker_0_memory_MB": 0.0,
  "training_gpu_0_memory_MB": 44.44921875,
  "validation_accuracy": 0.9729761302129979,
  "validation_accuracy3": 0.9772789221603521,
  "validation_precision-overall": 0.8557404326123128,
  "validation_recall-overall": 0.8655334904072702,
  "validation_f1-measure-overall": 0.8606091030789326,
  "validation_loss": 36.0353713129081,
  "best_validation_accuracy": 0.9729761302129979,
  "best_validation_accuracy3": 0.9772789221603521,
  "best_validation_precision-overall": 0.8557404326123128,
  "best_validation_recall-overall": 0.8655334904072702,
  "best_validation_f1-measure-overall": 0.8606091030789326,
  "best_validation_loss": 36.0353713129081
}