{
  "best_epoch": 15,
  "peak_worker_0_memory_MB": 0,
  "peak_gpu_0_memory_MB": 44.57275390625,
  "training_duration": "0:53:57.127726",
  "training_start_epoch": 0,
  "training_epochs": 56,
  "epoch": 56,
  "training_accuracy": 0.993753100122286,
  "training_accuracy3": 0.9945486958614288,
  "training_precision-overall": 0.971312872975277,
  "training_recall-overall": 0.9697008383335461,
  "training_f1-measure-overall": 0.9705061862475277,
  "training_loss": 5.599660385714033,
  "training_worker_0_memory_MB": 0.0,
  "training_gpu_0_memory_MB": 44.57275390625,
  "validation_accuracy": 0.981192321171294,
  "validation_accuracy3": 0.984015419960282,
  "validation_precision-overall": 0.8945007476324971,
  "validation_recall-overall": 0.9060922248401212,
  "validation_f1-measure-overall": 0.9002591756541595,
  "validation_loss": 36.34766549690097,
  "best_validation_accuracy": 0.9798878548343133,
  "best_validation_accuracy3": 0.9828083018574043,
  "best_validation_precision-overall": 0.8920863309352518,
  "best_validation_recall-overall": 0.8973409626388421,
  "best_validation_f1-measure-overall": 0.8947059317056302,
  "best_validation_loss": 26.585130046395694
}