{
  "best_epoch": 15,
  "peak_worker_0_memory_MB": 0,
  "peak_gpu_0_memory_MB": 44.57275390625,
  "training_duration": "0:35:00.536703",
  "training_start_epoch": 0,
  "training_epochs": 36,
  "epoch": 36,
  "training_accuracy": 0.9908310046606195,
  "training_accuracy3": 0.9919507319971909,
  "training_precision-overall": 0.9579580861325707,
  "training_recall-overall": 0.955104472530746,
  "training_f1-measure-overall": 0.9565291510398409,
  "training_loss": 8.116109806747263,
  "training_worker_0_memory_MB": 0.0,
  "training_gpu_0_memory_MB": 44.57275390625,
  "validation_accuracy": 0.9810365639967291,
  "validation_accuracy3": 0.9839570110198201,
  "validation_precision-overall": 0.8943157192865477,
  "validation_recall-overall": 0.902894648266577,
  "validation_f1-measure-overall": 0.8985847081483465,
  "validation_loss": 30.837357474308387,
  "best_validation_accuracy": 0.9798878548343133,
  "best_validation_accuracy3": 0.9828083018574043,
  "best_validation_precision-overall": 0.8920863309352518,
  "best_validation_recall-overall": 0.8973409626388421,
  "best_validation_f1-measure-overall": 0.8947059317056302,
  "best_validation_loss": 26.585130046395694
}