{
  "best_epoch": 6,
  "peak_worker_0_memory_MB": 0,
  "peak_gpu_0_memory_MB": 44.44921875,
  "training_duration": "0:10:26.556857",
  "training_start_epoch": 0,
  "training_epochs": 10,
  "epoch": 10,
  "training_accuracy": 0.979673019973382,
  "training_accuracy3": 0.9826147597742866,
  "training_precision-overall": 0.9081742115425874,
  "training_recall-overall": 0.9006766245372143,
  "training_f1-measure-overall": 0.9044098794974289,
  "training_loss": 20.260671327760388,
  "training_worker_0_memory_MB": 0.0,
  "training_gpu_0_memory_MB": 44.44921875,
  "validation_accuracy": 0.9779214205054321,
  "validation_accuracy3": 0.9808029282348818,
  "validation_precision-overall": 0.8887207934106572,
  "validation_recall-overall": 0.8897677549646583,
  "validation_f1-measure-overall": 0.8892439660246746,
  "validation_loss": 29.164447429133396,
  "best_validation_accuracy": 0.9780577080331763,
  "best_validation_accuracy3": 0.9811728515244733,
  "best_validation_precision-overall": 0.8881446751507033,
  "best_validation_recall-overall": 0.8926287445304611,
  "best_validation_f1-measure-overall": 0.8903810642940578,
  "best_validation_loss": 26.738022738812017
}