{
  "best_epoch": 15,
  "peak_worker_0_memory_MB": 0,
  "peak_gpu_0_memory_MB": 44.57275390625,
  "training_duration": "1:00:34.897933",
  "training_start_epoch": 0,
  "training_epochs": 63,
  "epoch": 63,
  "training_accuracy": 0.9948138944411431,
  "training_accuracy3": 0.9954277800423336,
  "training_precision-overall": 0.9766221577577748,
  "training_recall-overall": 0.9742116685816418,
  "training_f1-measure-overall": 0.9754154239454123,
  "training_loss": 4.56027277401205,
  "training_worker_0_memory_MB": 0.0,
  "training_gpu_0_memory_MB": 44.57275390625,
  "validation_accuracy": 0.9808029282348818,
  "validation_accuracy3": 0.9836065573770492,
  "validation_precision-overall": 0.8908427339084274,
  "validation_recall-overall": 0.9037361157859307,
  "validation_f1-measure-overall": 0.8972431077693738,
  "validation_loss": 40.360642751057945,
  "best_validation_accuracy": 0.9798878548343133,
  "best_validation_accuracy3": 0.9828083018574043,
  "best_validation_precision-overall": 0.8920863309352518,
  "best_validation_recall-overall": 0.8973409626388421,
  "best_validation_f1-measure-overall": 0.8947059317056302,
  "best_validation_loss": 26.585130046395694
}