{
  "best_epoch": 15,
  "peak_worker_0_memory_MB": 0,
  "peak_gpu_0_memory_MB": 46.54345703125,
  "training_duration": "1:20:29.970420",
  "training_start_epoch": 0,
  "training_epochs": 84,
  "epoch": 84,
  "training_accuracy": 0.995928710692905,
  "training_accuracy3": 0.996464018937143,
  "training_precision-overall": 0.9817561807331628,
  "training_recall-overall": 0.9801268139069748,
  "training_f1-measure-overall": 0.9809408207158938,
  "training_loss": 3.4137612567675686,
  "training_worker_0_memory_MB": 0.0,
  "training_gpu_0_memory_MB": 46.54345703125,
  "validation_accuracy": 0.9816985319886298,
  "validation_accuracy3": 0.9844826914839765,
  "validation_precision-overall": 0.8931057341730195,
  "validation_recall-overall": 0.906933692359475,
  "validation_f1-measure-overall": 0.8999665998663494,
  "validation_loss": 41.179232485154095,
  "best_validation_accuracy": 0.9798878548343133,
  "best_validation_accuracy3": 0.9828083018574043,
  "best_validation_precision-overall": 0.8920863309352518,
  "best_validation_recall-overall": 0.8973409626388421,
  "best_validation_f1-measure-overall": 0.8947059317056302,
  "best_validation_loss": 26.585130046395694
}