{
  "best_epoch": 15,
  "peak_worker_0_memory_MB": 0,
  "peak_gpu_0_memory_MB": 46.54345703125,
  "training_duration": "1:17:39.544078",
  "training_start_epoch": 0,
  "training_epochs": 81,
  "epoch": 81,
  "training_accuracy": 0.9958108446574764,
  "training_accuracy3": 0.9962724866295716,
  "training_precision-overall": 0.9812928793625091,
  "training_recall-overall": 0.9799565938976127,
  "training_f1-measure-overall": 0.9806242813950018,
  "training_loss": 3.6202221492428444,
  "training_worker_0_memory_MB": 0.0,
  "training_gpu_0_memory_MB": 46.54345703125,
  "validation_accuracy": 0.9818932284568358,
  "validation_accuracy3": 0.9846384486585413,
  "validation_precision-overall": 0.8961060480530241,
  "validation_recall-overall": 0.9101312689330192,
  "validation_f1-measure-overall": 0.9030642063955415,
  "validation_loss": 40.48448625265383,
  "best_validation_accuracy": 0.9798878548343133,
  "best_validation_accuracy3": 0.9828083018574043,
  "best_validation_precision-overall": 0.8920863309352518,
  "best_validation_recall-overall": 0.8973409626388421,
  "best_validation_f1-measure-overall": 0.8947059317056302,
  "best_validation_loss": 26.585130046395694
}