{
  "best_epoch": 15,
  "peak_worker_0_memory_MB": 0,
  "peak_gpu_0_memory_MB": 44.57275390625,
  "training_duration": "0:49:12.457622",
  "training_start_epoch": 0,
  "training_epochs": 51,
  "epoch": 51,
  "training_accuracy": 0.9932128807932384,
  "training_accuracy3": 0.9940133876171907,
  "training_precision-overall": 0.9700289904502046,
  "training_recall-overall": 0.9682539682539683,
  "training_f1-measure-overall": 0.9691406665956267,
  "training_loss": 5.622528522595729,
  "training_worker_0_memory_MB": 0.0,
  "training_gpu_0_memory_MB": 44.57275390625,
  "validation_accuracy": 0.9817764105759121,
  "validation_accuracy3": 0.9844826914839765,
  "validation_precision-overall": 0.9012016021361816,
  "validation_recall-overall": 0.9087849209020532,
  "validation_f1-measure-overall": 0.904977375565561,
  "validation_loss": 31.385846194098978,
  "best_validation_accuracy": 0.9798878548343133,
  "best_validation_accuracy3": 0.9828083018574043,
  "best_validation_precision-overall": 0.8920863309352518,
  "best_validation_recall-overall": 0.8973409626388421,
  "best_validation_f1-measure-overall": 0.8947059317056302,
  "best_validation_loss": 26.585130046395694
}