{
  "best_epoch": 15,
  "peak_worker_0_memory_MB": 0,
  "peak_gpu_0_memory_MB": 44.44921875,
  "training_duration": "0:17:02.978426",
  "training_start_epoch": 0,
  "training_epochs": 17,
  "epoch": 17,
  "training_accuracy": 0.9847314373271912,
  "training_accuracy3": 0.9868333816256672,
  "training_precision-overall": 0.9308130324956116,
  "training_recall-overall": 0.9251883058853568,
  "training_f1-measure-overall": 0.9279921461498561,
  "training_loss": 14.713474039064725,
  "training_worker_0_memory_MB": 0.0,
  "training_gpu_0_memory_MB": 44.44921875,
  "validation_accuracy": 0.9796736887192866,
  "validation_accuracy3": 0.982574666095557,
  "validation_precision-overall": 0.8906328268492236,
  "validation_recall-overall": 0.8976775496465836,
  "validation_f1-measure-overall": 0.8941413125470962,
  "validation_loss": 27.046871288149966,
  "best_validation_accuracy": 0.9798878548343133,
  "best_validation_accuracy3": 0.9828083018574043,
  "best_validation_precision-overall": 0.8920863309352518,
  "best_validation_recall-overall": 0.8973409626388421,
  "best_validation_f1-measure-overall": 0.8947059317056302,
  "best_validation_loss": 26.585130046395694
}