{
  "best_epoch": 2,
  "peak_worker_0_memory_MB": 0,
  "peak_gpu_0_memory_MB": 44.44921875,
  "training_duration": "0:02:51.604849",
  "training_start_epoch": 0,
  "training_epochs": 2,
  "epoch": 2,
  "training_accuracy": 0.9643504353676684,
  "training_accuracy3": 0.9697575397429539,
  "training_precision-overall": 0.8372465777161671,
  "training_recall-overall": 0.8224605302353292,
  "training_f1-measure-overall": 0.8297876907884351,
  "training_loss": 39.74172233503337,
  "training_worker_0_memory_MB": 0.0,
  "training_gpu_0_memory_MB": 44.44921875,
  "validation_accuracy": 0.9706592422413457,
  "validation_accuracy3": 0.9751372610100852,
  "validation_precision-overall": 0.8526439878747053,
  "validation_recall-overall": 0.8520700100976102,
  "validation_f1-measure-overall": 0.8523569023568525,
  "validation_loss": 38.09358033479429,
  "best_validation_accuracy": 0.9706592422413457,
  "best_validation_accuracy3": 0.9751372610100852,
  "best_validation_precision-overall": 0.8526439878747053,
  "best_validation_recall-overall": 0.8520700100976102,
  "best_validation_f1-measure-overall": 0.8523569023568525,
  "best_validation_loss": 38.09358033479429
}