{
  "best_epoch": 15,
  "peak_worker_0_memory_MB": 0,
  "peak_gpu_0_memory_MB": 44.57275390625,
  "training_duration": "0:32:10.954713",
  "training_start_epoch": 0,
  "training_epochs": 33,
  "epoch": 33,
  "training_accuracy": 0.9902416744834767,
  "training_accuracy3": 0.9916020449757147,
  "training_precision-overall": 0.9566404916353705,
  "training_recall-overall": 0.9539129324652112,
  "training_f1-measure-overall": 0.9552747650806004,
  "training_loss": 8.694607325729857,
  "training_worker_0_memory_MB": 0.0,
  "training_gpu_0_memory_MB": 44.57275390625,
  "validation_accuracy": 0.9810755032903703,
  "validation_accuracy3": 0.9838012538452553,
  "validation_precision-overall": 0.8950083194675541,
  "validation_recall-overall": 0.9052507573207674,
  "validation_f1-measure-overall": 0.9001004016063758,
  "validation_loss": 30.407972008574244,
  "best_validation_accuracy": 0.9798878548343133,
  "best_validation_accuracy3": 0.9828083018574043,
  "best_validation_precision-overall": 0.8920863309352518,
  "best_validation_recall-overall": 0.8973409626388421,
  "best_validation_f1-measure-overall": 0.8947059317056302,
  "best_validation_loss": 26.585130046395694
}