{
  "best_epoch": 15,
  "peak_worker_0_memory_MB": 0,
  "peak_gpu_0_memory_MB": 44.57275390625,
  "training_duration": "0:42:35.012183",
  "training_start_epoch": 0,
  "training_epochs": 44,
  "epoch": 44,
  "training_accuracy": 0.9924958624110479,
  "training_accuracy3": 0.9934682572033336,
  "training_precision-overall": 0.966596988183098,
  "training_recall-overall": 0.9642112430316183,
  "training_f1-measure-overall": 0.9654026416701673,
  "training_loss": 6.8506413869271245,
  "training_worker_0_memory_MB": 0.0,
  "training_gpu_0_memory_MB": 44.57275390625,
  "validation_accuracy": 0.9811533818776528,
  "validation_accuracy3": 0.9838012538452553,
  "validation_precision-overall": 0.8967183075129103,
  "validation_recall-overall": 0.9059239313362504,
  "validation_f1-measure-overall": 0.9012976140644122,
  "validation_loss": 31.67110200021781,
  "best_validation_accuracy": 0.9798878548343133,
  "best_validation_accuracy3": 0.9828083018574043,
  "best_validation_precision-overall": 0.8920863309352518,
  "best_validation_recall-overall": 0.8973409626388421,
  "best_validation_f1-measure-overall": 0.8947059317056302,
  "best_validation_loss": 26.585130046395694
}