{
  "best_epoch": 6,
  "peak_worker_0_memory_MB": 0,
  "peak_gpu_0_memory_MB": 44.44921875,
  "training_duration": "0:13:16.235018",
  "training_start_epoch": 0,
  "training_epochs": 13,
  "epoch": 13,
  "training_accuracy": 0.9826245819439056,
  "training_accuracy3": 0.9851341462815721,
  "training_precision-overall": 0.9217778920749218,
  "training_recall-overall": 0.9151878803353334,
  "training_f1-measure-overall": 0.9184710655562174,
  "training_loss": 17.300270345596626,
  "training_worker_0_memory_MB": 0.0,
  "training_gpu_0_memory_MB": 44.44921875,
  "validation_accuracy": 0.9796152797788248,
  "validation_accuracy3": 0.9826720143296601,
  "validation_precision-overall": 0.8903333333333333,
  "validation_recall-overall": 0.8990238976775496,
  "validation_f1-measure-overall": 0.894657511304589,
  "validation_loss": 27.334927797317505,
  "best_validation_accuracy": 0.9780577080331763,
  "best_validation_accuracy3": 0.9811728515244733,
  "best_validation_precision-overall": 0.8881446751507033,
  "best_validation_recall-overall": 0.8926287445304611,
  "best_validation_f1-measure-overall": 0.8903810642940578,
  "best_validation_loss": 26.738022738812017
}