{
  "best_epoch": 15,
  "peak_worker_0_memory_MB": 0,
  "peak_gpu_0_memory_MB": 44.44921875,
  "training_duration": "0:17:59.616035",
  "training_start_epoch": 0,
  "training_epochs": 18,
  "epoch": 18,
  "training_accuracy": 0.9851685238752388,
  "training_accuracy3": 0.9871329577990482,
  "training_precision-overall": 0.9331765711842668,
  "training_recall-overall": 0.928848036086642,
  "training_f1-measure-overall": 0.931007272494565,
  "training_loss": 13.760998761735364,
  "training_worker_0_memory_MB": 0.0,
  "training_gpu_0_memory_MB": 44.44921875,
  "validation_accuracy": 0.9785833884973326,
  "validation_accuracy3": 0.9818737588100152,
  "validation_precision-overall": 0.8857812761681461,
  "validation_recall-overall": 0.8901043419723998,
  "validation_f1-measure-overall": 0.8879375472172756,
  "validation_loss": 31.13443233452591,
  "best_validation_accuracy": 0.9798878548343133,
  "best_validation_accuracy3": 0.9828083018574043,
  "best_validation_precision-overall": 0.8920863309352518,
  "best_validation_recall-overall": 0.8973409626388421,
  "best_validation_f1-measure-overall": 0.8947059317056302,
  "best_validation_loss": 26.585130046395694
}