{
  "best_epoch": 15,
  "peak_worker_0_memory_MB": 0,
  "peak_gpu_0_memory_MB": 46.54345703125,
  "training_duration": "1:29:02.601799",
  "training_start_epoch": 0,
  "training_epochs": 93,
  "epoch": 93,
  "training_accuracy": 0.9965376852092859,
  "training_accuracy3": 0.9969060165700001,
  "training_precision-overall": 0.9839870533622929,
  "training_recall-overall": 0.9832333290778331,
  "training_f1-measure-overall": 0.9836100468283877,
  "training_loss": 2.9965939076451886,
  "training_worker_0_memory_MB": 0.0,
  "training_gpu_0_memory_MB": 46.54345703125,
  "validation_accuracy": 0.9823020910400685,
  "validation_accuracy3": 0.9850278415949535,
  "validation_precision-overall": 0.9013475295291965,
  "validation_recall-overall": 0.9118142039717267,
  "validation_f1-measure-overall": 0.906550656738844,
  "validation_loss": 36.84196467493095,
  "best_validation_accuracy": 0.9798878548343133,
  "best_validation_accuracy3": 0.9828083018574043,
  "best_validation_precision-overall": 0.8920863309352518,
  "best_validation_recall-overall": 0.8973409626388421,
  "best_validation_f1-measure-overall": 0.8947059317056302,
  "best_validation_loss": 26.585130046395694
}