{
  "best_epoch": 15,
  "peak_worker_0_memory_MB": 0,
  "peak_gpu_0_memory_MB": 44.57275390625,
  "training_duration": "0:44:28.522141",
  "training_start_epoch": 0,
  "training_epochs": 46,
  "epoch": 46,
  "training_accuracy": 0.9927610609907622,
  "training_accuracy3": 0.993640145171667,
  "training_precision-overall": 0.9668286859384326,
  "training_recall-overall": 0.9649772330737478,
  "training_f1-measure-overall": 0.9659020722850011,
  "training_loss": 6.56596922331356,
  "training_worker_0_memory_MB": 0.0,
  "training_gpu_0_memory_MB": 44.57275390625,
  "validation_accuracy": 0.981289669405397,
  "validation_accuracy3": 0.9841322378412055,
  "validation_precision-overall": 0.8951572641038442,
  "validation_recall-overall": 0.9052507573207674,
  "validation_f1-measure-overall": 0.9001757175131289,
  "validation_loss": 33.63680876002592,
  "best_validation_accuracy": 0.9798878548343133,
  "best_validation_accuracy3": 0.9828083018574043,
  "best_validation_precision-overall": 0.8920863309352518,
  "best_validation_recall-overall": 0.8973409626388421,
  "best_validation_f1-measure-overall": 0.8947059317056302,
  "best_validation_loss": 26.585130046395694
}