{
  "best_epoch": 15,
  "peak_worker_0_memory_MB": 0,
  "peak_gpu_0_memory_MB": 44.57275390625,
  "training_duration": "1:11:00.856450",
  "training_start_epoch": 0,
  "training_epochs": 74,
  "epoch": 74,
  "training_accuracy": 0.9954916241448574,
  "training_accuracy3": 0.9960858654068097,
  "training_precision-overall": 0.9792509905841251,
  "training_recall-overall": 0.9780841737946295,
  "training_f1-measure-overall": 0.9786672344048893,
  "training_loss": 3.865348603024841,
  "training_worker_0_memory_MB": 0.0,
  "training_gpu_0_memory_MB": 44.57275390625,
  "validation_accuracy": 0.9820489856314006,
  "validation_accuracy3": 0.984657918305362,
  "validation_precision-overall": 0.8986710963455149,
  "validation_recall-overall": 0.9104678559407607,
  "validation_f1-measure-overall": 0.9045310148804049,
  "validation_loss": 38.37156723994835,
  "best_validation_accuracy": 0.9798878548343133,
  "best_validation_accuracy3": 0.9828083018574043,
  "best_validation_precision-overall": 0.8920863309352518,
  "best_validation_recall-overall": 0.8973409626388421,
  "best_validation_f1-measure-overall": 0.8947059317056302,
  "best_validation_loss": 26.585130046395694
}