{
  "best_epoch": 15,
  "peak_worker_0_memory_MB": 0,
  "peak_gpu_0_memory_MB": 44.44921875,
  "training_duration": "0:16:06.308452",
  "training_start_epoch": 0,
  "training_epochs": 16,
  "epoch": 16,
  "training_accuracy": 0.9843581948816674,
  "training_accuracy3": 0.9865730941307626,
  "training_precision-overall": 0.9289935760171306,
  "training_recall-overall": 0.9231031107706711,
  "training_f1-measure-overall": 0.9260389762854631,
  "training_loss": 15.184412560864843,
  "training_worker_0_memory_MB": 0.0,
  "training_gpu_0_memory_MB": 44.44921875,
  "validation_accuracy": 0.9799462637747751,
  "validation_accuracy3": 0.9829445893851485,
  "validation_precision-overall": 0.889797962932042,
  "validation_recall-overall": 0.8968360821272299,
  "validation_f1-measure-overall": 0.8933031598356721,
  "validation_loss": 28.13850486979765,
  "best_validation_accuracy": 0.9798878548343133,
  "best_validation_accuracy3": 0.9828083018574043,
  "best_validation_precision-overall": 0.8920863309352518,
  "best_validation_recall-overall": 0.8973409626388421,
  "best_validation_f1-measure-overall": 0.8947059317056302,
  "best_validation_loss": 26.585130046395694
}