{
  "best_epoch": 15,
  "peak_worker_0_memory_MB": 0,
  "peak_gpu_0_memory_MB": 44.57275390625,
  "training_duration": "0:57:44.391195",
  "training_start_epoch": 0,
  "training_epochs": 60,
  "epoch": 60,
  "training_accuracy": 0.9944357409108098,
  "training_accuracy3": 0.9951380260385717,
  "training_precision-overall": 0.974089068825911,
  "training_recall-overall": 0.9726796884973828,
  "training_f1-measure-overall": 0.9733838684949674,
  "training_loss": 4.925105382749866,
  "training_worker_0_memory_MB": 0.0,
  "training_gpu_0_memory_MB": 44.57275390625,
  "validation_accuracy": 0.9813870176395,
  "validation_accuracy3": 0.9837817841984347,
  "validation_precision-overall": 0.8945533045499834,
  "validation_recall-overall": 0.9065971053517334,
  "validation_f1-measure-overall": 0.9005349381477267,
  "validation_loss": 38.134981959473855,
  "best_validation_accuracy": 0.9798878548343133,
  "best_validation_accuracy3": 0.9828083018574043,
  "best_validation_precision-overall": 0.8920863309352518,
  "best_validation_recall-overall": 0.8973409626388421,
  "best_validation_f1-measure-overall": 0.8947059317056302,
  "best_validation_loss": 26.585130046395694
}