{
  "best_epoch": 15,
  "peak_worker_0_memory_MB": 0,
  "peak_gpu_0_memory_MB": 44.57275390625,
  "training_duration": "1:01:31.945233",
  "training_start_epoch": 0,
  "training_epochs": 64,
  "epoch": 64,
  "training_accuracy": 0.9946420064728098,
  "training_accuracy3": 0.9952951807524764,
  "training_precision-overall": 0.9755037702892685,
  "training_recall-overall": 0.9744244435933443,
  "training_f1-measure-overall": 0.9749638082261274,
  "training_loss": 4.744544344773868,
  "training_worker_0_memory_MB": 0.0,
  "training_gpu_0_memory_MB": 44.57275390625,
  "validation_accuracy": 0.9812701997585764,
  "validation_accuracy3": 0.984015419960282,
  "validation_precision-overall": 0.8943346070775876,
  "validation_recall-overall": 0.9059239313362504,
  "validation_f1-measure-overall": 0.9000919655546695,
  "validation_loss": 38.37350541470098,
  "best_validation_accuracy": 0.9798878548343133,
  "best_validation_accuracy3": 0.9828083018574043,
  "best_validation_precision-overall": 0.8920863309352518,
  "best_validation_recall-overall": 0.8973409626388421,
  "best_validation_f1-measure-overall": 0.8947059317056302,
  "best_validation_loss": 26.585130046395694
}