{
  "best_epoch": 15,
  "peak_worker_0_memory_MB": 0,
  "peak_gpu_0_memory_MB": 44.57275390625,
  "training_duration": "1:02:28.850431",
  "training_start_epoch": 0,
  "training_epochs": 65,
  "epoch": 65,
  "training_accuracy": 0.9950692708512383,
  "training_accuracy3": 0.9957568227245717,
  "training_precision-overall": 0.9774753636790239,
  "training_recall-overall": 0.9750627686284523,
  "training_f1-measure-overall": 0.9762675756284119,
  "training_loss": 4.489323595390233,
  "training_worker_0_memory_MB": 0.0,
  "training_gpu_0_memory_MB": 44.57275390625,
  "validation_accuracy": 0.9814064872863206,
  "validation_accuracy3": 0.984112768194385,
  "validation_precision-overall": 0.8935852809547489,
  "validation_recall-overall": 0.9072702793672164,
  "validation_f1-measure-overall": 0.9003757828809521,
  "validation_loss": 37.718030443378524,
  "best_validation_accuracy": 0.9798878548343133,
  "best_validation_accuracy3": 0.9828083018574043,
  "best_validation_precision-overall": 0.8920863309352518,
  "best_validation_recall-overall": 0.8973409626388421,
  "best_validation_f1-measure-overall": 0.8947059317056302,
  "best_validation_loss": 26.585130046395694
}