{
  "best_epoch": 15,
  "peak_worker_0_memory_MB": 0,
  "peak_gpu_0_memory_MB": 44.57275390625,
  "training_duration": "0:50:09.136360",
  "training_start_epoch": 0,
  "training_epochs": 52,
  "epoch": 52,
  "training_accuracy": 0.9933503911679051,
  "training_accuracy3": 0.9941116093133813,
  "training_precision-overall": 0.969872587037116,
  "training_recall-overall": 0.968551853270352,
  "training_f1-measure-overall": 0.9692117702167026,
  "training_loss": 5.653588225466787,
  "training_worker_0_memory_MB": 0.0,
  "training_gpu_0_memory_MB": 44.57275390625,
  "validation_accuracy": 0.9816206534013473,
  "validation_accuracy3": 0.9841711771348468,
  "validation_precision-overall": 0.8987658438959306,
  "validation_recall-overall": 0.906933692359475,
  "validation_f1-measure-overall": 0.9028312950242423,
  "validation_loss": 32.28029376385259,
  "best_validation_accuracy": 0.9798878548343133,
  "best_validation_accuracy3": 0.9828083018574043,
  "best_validation_precision-overall": 0.8920863309352518,
  "best_validation_recall-overall": 0.8973409626388421,
  "best_validation_f1-measure-overall": 0.8947059317056302,
  "best_validation_loss": 26.585130046395694
}