{
  "best_epoch": 1,
  "peak_worker_0_memory_MB": 0,
  "peak_gpu_0_memory_MB": 42.04248046875,
  "training_duration": "0:01:55.075300",
  "training_start_epoch": 0,
  "training_epochs": 1,
  "epoch": 1,
  "training_accuracy": 0.9563797447218116,
  "training_accuracy3": 0.9628623766703828,
  "training_precision-overall": 0.8006012024048096,
  "training_recall-overall": 0.7820332780118303,
  "training_f1-measure-overall": 0.7912083180848961,
  "training_loss": 51.29170759718076,
  "training_worker_0_memory_MB": 0.0,
  "training_gpu_0_memory_MB": 42.04248046875,
  "validation_accuracy": 0.969705229547136,
  "validation_accuracy3": 0.9736186285580779,
  "validation_precision-overall": 0.8496709971317699,
  "validation_recall-overall": 0.8475260854930999,
  "validation_f1-measure-overall": 0.8485971859465335,
  "validation_loss": 40.157697640213314,
  "best_validation_accuracy": 0.969705229547136,
  "best_validation_accuracy3": 0.9736186285580779,
  "best_validation_precision-overall": 0.8496709971317699,
  "best_validation_recall-overall": 0.8475260854930999,
  "best_validation_f1-measure-overall": 0.8485971859465335,
  "best_validation_loss": 40.157697640213314
}