{
  "best_epoch": 15,
  "peak_worker_0_memory_MB": 0,
  "peak_gpu_0_memory_MB": 44.44921875,
  "training_duration": "0:15:09.668419",
  "training_start_epoch": 0,
  "training_epochs": 15,
  "epoch": 15,
  "training_accuracy": 0.9841322849804294,
  "training_accuracy3": 0.9863128066358577,
  "training_precision-overall": 0.9291129481303808,
  "training_recall-overall": 0.9231031107706711,
  "training_f1-measure-overall": 0.9260982794688482,
  "training_loss": 15.899330205417712,
  "training_worker_0_memory_MB": 0.0,
  "training_gpu_0_memory_MB": 44.44921875,
  "validation_accuracy": 0.9798878548343133,
  "validation_accuracy3": 0.9828083018574043,
  "validation_precision-overall": 0.8920863309352518,
  "validation_recall-overall": 0.8973409626388421,
  "validation_f1-measure-overall": 0.8947059317056302,
  "validation_loss": 26.585130046395694,
  "best_validation_accuracy": 0.9798878548343133,
  "best_validation_accuracy3": 0.9828083018574043,
  "best_validation_precision-overall": 0.8920863309352518,
  "best_validation_recall-overall": 0.8973409626388421,
  "best_validation_f1-measure-overall": 0.8947059317056302,
  "best_validation_loss": 26.585130046395694
}