{
  "best_epoch": 15,
  "peak_worker_0_memory_MB": 0,
  "peak_gpu_0_memory_MB": 46.54345703125,
  "training_duration": "1:18:36.600787",
  "training_start_epoch": 0,
  "training_epochs": 82,
  "epoch": 82,
  "training_accuracy": 0.9961840871030002,
  "training_accuracy3": 0.9966457290750954,
  "training_precision-overall": 0.9821527452400222,
  "training_recall-overall": 0.9812332439678284,
  "training_f1-measure-overall": 0.9816927792915032,
  "training_loss": 3.411972726396113,
  "training_worker_0_memory_MB": 0.0,
  "training_gpu_0_memory_MB": 46.54345703125,
  "validation_accuracy": 0.9812701997585764,
  "validation_accuracy3": 0.984210116428488,
  "validation_precision-overall": 0.8923714759535655,
  "validation_recall-overall": 0.905587344328509,
  "validation_f1-measure-overall": 0.8989308386234048,
  "validation_loss": 42.91028561779097,
  "best_validation_accuracy": 0.9798878548343133,
  "best_validation_accuracy3": 0.9828083018574043,
  "best_validation_precision-overall": 0.8920863309352518,
  "best_validation_recall-overall": 0.8973409626388421,
  "best_validation_f1-measure-overall": 0.8947059317056302,
  "best_validation_loss": 26.585130046395694
}