{
  "best_epoch": 15,
  "peak_worker_0_memory_MB": 0,
  "peak_gpu_0_memory_MB": 44.44921875,
  "training_duration": "0:20:50.526195",
  "training_start_epoch": 0,
  "training_epochs": 21,
  "epoch": 21,
  "training_accuracy": 0.9865239832826673,
  "training_accuracy3": 0.9884687728672387,
  "training_precision-overall": 0.9388409265749209,
  "training_recall-overall": 0.9348057364143155,
  "training_f1-measure-overall": 0.9368189862890518,
  "training_loss": 12.657616503417898,
  "training_worker_0_memory_MB": 0.0,
  "training_gpu_0_memory_MB": 44.44921875,
  "validation_accuracy": 0.9807250496475994,
  "validation_accuracy3": 0.9837233752579728,
  "validation_precision-overall": 0.8960735171261487,
  "validation_recall-overall": 0.9025580612588354,
  "validation_f1-measure-overall": 0.8993040999412596,
  "validation_loss": 28.16447127566618,
  "best_validation_accuracy": 0.9798878548343133,
  "best_validation_accuracy3": 0.9828083018574043,
  "best_validation_precision-overall": 0.8920863309352518,
  "best_validation_recall-overall": 0.8973409626388421,
  "best_validation_f1-measure-overall": 0.8947059317056302,
  "best_validation_loss": 26.585130046395694
}