{
  "best_epoch": 15,
  "peak_worker_0_memory_MB": 0,
  "peak_gpu_0_memory_MB": 46.54345703125,
  "training_duration": "1:27:08.670645",
  "training_start_epoch": 0,
  "training_epochs": 91,
  "epoch": 91,
  "training_accuracy": 0.9964836632763812,
  "training_accuracy3": 0.9968912833155715,
  "training_precision-overall": 0.9835611771219284,
  "training_recall-overall": 0.9828077790544278,
  "training_f1-measure-overall": 0.9831843337589964,
  "training_loss": 3.193965000009211,
  "training_worker_0_memory_MB": 0.0,
  "training_gpu_0_memory_MB": 46.54345703125,
  "validation_accuracy": 0.9825551964487365,
  "validation_accuracy3": 0.9851057201822359,
  "validation_precision-overall": 0.9023418036870952,
  "validation_recall-overall": 0.9143386065297879,
  "validation_f1-measure-overall": 0.9083005934965646,
  "validation_loss": 39.25748611898983,
  "best_validation_accuracy": 0.9798878548343133,
  "best_validation_accuracy3": 0.9828083018574043,
  "best_validation_precision-overall": 0.8920863309352518,
  "best_validation_recall-overall": 0.8973409626388421,
  "best_validation_f1-measure-overall": 0.8947059317056302,
  "best_validation_loss": 26.585130046395694
}